  0
SECTION
  2
HEADER
  9
$ACADVER
  1
AC1006
  9
$EXTMIN
 10
0.000000
 20
0.000000
 30
0.000000
  9
$EXTMAX
 10
1152.000000
 20
1248.000000
 30
0.000000
  0
ENDSEC
  0
SECTION
  2
ENTITIES
  0
POLYLINE
  8
0
 66
1
 70
1
  0
VERTEX
  8
0
 10
109.755647
 20
1141.250000
 42
0.000000
  0
VERTEX
  8
0
 10
109.500000
 20
1056.500000
 42
0.000000
  0
VERTEX
  8
0
 10
88.000000
 20
1056.500000
 42
0.000000
  0
VERTEX
  8
0
 10
66.500000
 20
1056.500000
 42
0.000000
  0
VERTEX
  8
0
 10
65.891905
 20
1060.500000
 42
0.000000
  0
VERTEX
  8
0
 10
65.283811
 20
1064.500000
 42
0.000000
  0
VERTEX
  8
0
 10
65.141905
 20
1060.250000
 42
-0.015095
  0
VERTEX
  8
0
 10
64.974549
 20
1057.620688
 42
-0.142575
  0
VERTEX
  8
0
 10
64.562917
 20
1056.581028
 42
-0.189952
  0
VERTEX
  8
0
 10
63.708133
 20
1056.074286
 42
-0.030838
  0
VERTEX
  8
0
 10
61.750000
 20
1055.881685
 42
0.000000
  0
VERTEX
  8
0
 10
58.500000
 20
1055.763370
 42
0.000000
  0
VERTEX
  8
0
 10
61.500000
 20
1055.122160
 42
-0.040516
  0
VERTEX
  8
0
 10
62.961393
 20
1054.683583
 42
-0.100158
  0
VERTEX
  8
0
 10
63.897634
 20
1054.080578
 42
-0.114886
  0
VERTEX
  8
0
 10
64.450486
 20
1053.218398
 42
-0.063636
  0
VERTEX
  8
0
 10
64.717749
 20
1051.990475
 42
-0.022610
  0
VERTEX
  8
0
 10
64.801691
 20
1049.992949
 42
-0.000038
  0
VERTEX
  8
0
 10
64.687626
 20
1015.321224
 42
-0.000294
  0
VERTEX
  8
0
 10
64.533759
 20
976.397472
 42
-0.000182
  0
VERTEX
  8
0
 10
64.309425
 20
930.656243
 42
0.000000
  0
VERTEX
  8
0
 10
63.683352
 20
811.812487
 42
0.000000
  0
VERTEX
  8
0
 10
61.220458
 20
808.183209
 42
0.010789
  0
VERTEX
  8
0
 10
60.264834
 20
806.707465
 42
0.012856
  0
VERTEX
  8
0
 10
59.430334
 20
805.274557
 42
0.011666
  0
VERTEX
  8
0
 10
58.789740
 20
804.039033
 42
0.077470
  0
VERTEX
  8
0
 10
58.584951
 20
803.377848
 42
-0.049768
  0
VERTEX
  8
0
 10
58.448185
 20
802.831258
 42
-0.022766
  0
VERTEX
  8
0
 10
58.168195
 20
802.150417
 42
-0.022279
  0
VERTEX
  8
0
 10
57.805563
 20
801.454267
 42
-0.028566
  0
VERTEX
  8
0
 10
57.408599
 20
800.850882
 42
0.027341
  0
VERTEX
  8
0
 10
56.899214
 20
800.080731
 42
0.006238
  0
VERTEX
  8
0
 10
56.126182
 20
798.721822
 42
0.006436
  0
VERTEX
  8
0
 10
55.273558
 20
797.130454
 42
0.006225
  0
VERTEX
  8
0
 10
54.452430
 20
795.500000
 42
-0.011004
  0
VERTEX
  8
0
 10
53.507569
 20
793.667660
 42
-0.005906
  0
VERTEX
  8
0
 10
52.265714
 20
791.447074
 42
-0.005878
  0
VERTEX
  8
0
 10
50.945127
 20
789.211081
 42
-0.009162
  0
VERTEX
  8
0
 10
49.750000
 20
787.319825
 42
0.008527
  0
VERTEX
  8
0
 10
48.696654
 20
785.657614
 42
0.011611
  0
VERTEX
  8
0
 10
47.807812
 20
784.121504
 42
0.008598
  0
VERTEX
  8
0
 10
47.123053
 20
782.819402
 42
0.117270
  0
VERTEX
  8
0
 10
47.000000
 20
782.301959
 42
-0.116593
  0
VERTEX
  8
0
 10
46.880597
 20
781.796869
 42
-0.010312
  0
VERTEX
  8
0
 10
46.265625
 20
780.629611
 42
-0.013040
  0
VERTEX
  8
0
 10
45.457498
 20
779.255404
 42
-0.009792
  0
VERTEX
  8
0
 10
44.500000
 20
777.785188
 42
0.015658
  0
VERTEX
  8
0
 10
43.542900
 20
776.277196
 42
0.018344
  0
VERTEX
  8
0
 10
42.734375
 20
774.788498
 42
0.017536
  0
VERTEX
  8
0
 10
42.147157
 20
773.493721
 42
0.097991
  0
VERTEX
  8
0
 10
42.000000
 20
772.750056
 42
-0.111251
  0
VERTEX
  8
0
 10
41.828231
 20
771.987624
 42
-0.016032
  0
VERTEX
  8
0
 10
41.093338
 20
770.559476
 42
-0.017525
  0
VERTEX
  8
0
 10
40.095295
 20
768.903321
 42
-0.014176
  0
VERTEX
  8
0
 10
38.913490
 20
767.197003
 42
0.010313
  0
VERTEX
  8
0
 10
37.779476
 20
765.586416
 42
0.019361
  0
VERTEX
  8
0
 10
36.941897
 20
764.232869
 42
0.018123
  0
VERTEX
  8
0
 10
36.407148
 20
763.203632
 42
0.550766
  0
VERTEX
  8
0
 10
36.535934
 20
763.000000
 42
-0.292324
  0
VERTEX
  8
0
 10
36.710671
 20
762.888295
 42
-0.172952
  0
VERTEX
  8
0
 10
36.733902
 20
762.632812
 42
-0.077296
  0
VERTEX
  8
0
 10
36.560828
 20
762.230339
 42
-0.032280
  0
VERTEX
  8
0
 10
36.214312
 20
761.750000
 42
0.050553
  0
VERTEX
  8
0
 10
34.778071
 20
759.597774
 42
0.003948
  0
VERTEX
  8
0
 10
31.587696
 20
753.462820
 42
0.002176
  0
VERTEX
  8
0
 10
28.325605
 20
746.997730
 42
0.114793
  0
VERTEX
  8
0
 10
28.004882
 20
745.654370
 42
-0.108910
  0
VERTEX
  8
0
 10
27.896131
 20
745.174223
 42
-0.014912
  0
VERTEX
  8
0
 10
27.428476
 20
744.252500
 42
-0.016553
  0
VERTEX
  8
0
 10
26.796714
 20
743.180290
 42
-0.013306
  0
VERTEX
  8
0
 10
26.049505
 20
742.069524
 42
0.028461
  0
VERTEX
  8
0
 10
25.267399
 20
740.827211
 42
0.020289
  0
VERTEX
  8
0
 10
24.530882
 20
739.356908
 42
0.020570
  0
VERTEX
  8
0
 10
23.941465
 20
737.892613
 42
0.040563
  0
VERTEX
  8
0
 10
23.618717
 20
736.681649
 42
-0.015223
  0
VERTEX
  8
0
 10
23.385937
 20
735.588599
 42
-0.014535
  0
VERTEX
  8
0
 10
23.083938
 20
734.494593
 42
-0.014643
  0
VERTEX
  8
0
 10
22.761096
 20
733.544918
 42
-0.049189
  0
VERTEX
  8
0
 10
22.472647
 20
732.955741
 42
0.137788
  0
VERTEX
  8
0
 10
22.053601
 20
731.496943
 42
0.001823
  0
VERTEX
  8
0
 10
22.032448
 20
721.984634
 42
0.005694
  0
VERTEX
  8
0
 10
22.160420
 20
711.995409
 42
0.006616
  0
VERTEX
  8
0
 10
22.515988
 20
702.500000
 42
0.000101
  0
VERTEX
  8
0
 10
23.344971
 20
686.215489
 42
0.000453
  0
VERTEX
  8
0
 10
23.841099
 20
676.677634
 42
0.000760
  0
VERTEX
  8
0
 10
24.207874
 20
669.941411
 42
0.001104
  0
VERTEX
  8
0
 10
24.553590
 20
664.000000
 42
0.001206
  0
VERTEX
  8
0
 10
25.027256
 20
656.460624
 42
0.001261
  0
VERTEX
  8
0
 10
25.530603
 20
649.034654
 42
0.001279
  0
VERTEX
  8
0
 10
26.064023
 20
641.716341
 42
0.001333
  0
VERTEX
  8
0
 10
26.627927
 20
634.500000
 42
-0.002497
  0
VERTEX
  8
0
 10
26.844968
 20
631.636714
 42
-0.002633
  0
VERTEX
  8
0
 10
27.029313
 20
628.821875
 42
-0.002516
  0
VERTEX
  8
0
 10
27.163246
 20
626.393499
 42
-0.011902
  0
VERTEX
  8
0
 10
27.199851
 20
625.000000
 42
0.033324
  0
VERTEX
  8
0
 10
27.656378
 20
618.402039
 42
0.035488
  0
VERTEX
  8
0
 10
28.985129
 20
612.063896
 42
0.032961
  0
VERTEX
  8
0
 10
31.301615
 20
605.587355
 42
0.022509
  0
VERTEX
  8
0
 10
34.733412
 20
598.562154
 42
0.002614
  0
VERTEX
  8
0
 10
36.883349
 20
594.669793
 42
0.003962
  0
VERTEX
  8
0
 10
38.797854
 20
591.308883
 42
0.001553
  0
VERTEX
  8
0
 10
40.470659
 20
588.446164
 42
0.093929
  0
VERTEX
  8
0
 10
40.861376
 20
588.000000
 42
-0.101347
  0
VERTEX
  8
0
 10
41.237566
 20
587.557469
 42
-0.002241
  0
VERTEX
  8
0
 10
42.585502
 20
585.078658
 42
-0.004996
  0
VERTEX
  8
0
 10
44.126879
 20
582.143678
 42
-0.003345
  0
VERTEX
  8
0
 10
45.833949
 20
578.757134
 42
0.004733
  0
VERTEX
  8
0
 10
47.552480
 20
575.371267
 42
0.006998
  0
VERTEX
  8
0
 10
49.129056
 20
572.437706
 42
0.003544
  0
VERTEX
  8
0
 10
50.512031
 20
569.989606
 42
0.124617
  0
VERTEX
  8
0
 10
50.965365
 20
569.521406
 42
-0.133721
  0
VERTEX
  8
0
 10
51.388702
 20
569.068219
 42
-0.006263
  0
VERTEX
  8
0
 10
52.351674
 20
567.186317
 42
-0.009966
  0
VERTEX
  8
0
 10
53.433394
 20
564.891618
 42
-0.006963
  0
VERTEX
  8
0
 10
54.564867
 20
562.264272
 42
0.007852
  0
VERTEX
  8
0
 10
55.737093
 20
559.555559
 42
0.009039
  0
VERTEX
  8
0
 10
56.942181
 20
557.010388
 42
0.008269
  0
VERTEX
  8
0
 10
58.035719
 20
554.893503
 42
0.050758
  0
VERTEX
  8
0
 10
58.723076
 20
553.877475
 42
-0.049598
  0
VERTEX
  8
0
 10
59.361838
 20
552.937968
 42
-0.012278
  0
VERTEX
  8
0
 10
60.212027
 20
551.278393
 42
-0.012439
  0
VERTEX
  8
0
 10
61.095616
 20
549.320879
 42
-0.012176
  0
VERTEX
  8
0
 10
61.887430
 20
547.307979
 42
-0.075797
  0
VERTEX
  8
0
 10
63.003377
 20
541.777906
 42
-0.006856
  0
VERTEX
  8
0
 10
63.485531
 20
527.645825
 42
-0.003790
  0
VERTEX
  8
0
 10
63.808103
 20
502.468657
 42
-0.000335
  0
VERTEX
  8
0
 10
64.097805
 20
438.930504
 42
0.000000
  0
VERTEX
  8
0
 10
64.500000
 20
335.500000
 42
0.000000
  0
VERTEX
  8
0
 10
61.000000
 20
334.923262
 42
0.000000
  0
VERTEX
  8
0
 10
57.500000
 20
334.346525
 42
0.000000
  0
VERTEX
  8
0
 10
60.979713
 20
333.923262
 42
-0.027983
  0
VERTEX
  8
0
 10
62.971485
 20
333.567004
 42
-0.142018
  0
VERTEX
  8
0
 10
63.942464
 20
333.017367
 42
-0.144982
  0
VERTEX
  8
0
 10
64.458279
 20
332.039973
 42
-0.029582
  0
VERTEX
  8
0
 10
64.731213
 20
330.081833
 42
0.007104
  0
VERTEX
  8
0
 10
64.856038
 20
328.751458
 42
0.010369
  0
VERTEX
  8
0
 10
65.006880
 20
327.584036
 42
0.006188
  0
VERTEX
  8
0
 10
65.164779
 20
326.615524
 42
0.154054
  0
VERTEX
  8
0
 10
65.287994
 20
326.378673
 42
0.191896
  0
VERTEX
  8
0
 10
65.564368
 20
326.259793
 42
0.000222
  0
VERTEX
  8
0
 10
71.941050
 20
326.090200
 42
0.001959
  0
VERTEX
  8
0
 10
79.095119
 20
325.931163
 42
0.001198
  0
VERTEX
  8
0
 10
87.536493
 20
325.796840
 42
-0.002057
  0
VERTEX
  8
0
 10
99.690763
 20
325.582561
 42
-0.014849
  0
VERTEX
  8
0
 10
105.537108
 20
325.281574
 42
-0.024660
  0
VERTEX
  8
0
 10
108.862333
 20
324.845345
 42
-0.337370
  0
VERTEX
  8
0
 10
109.634650
 20
324.000000
 42
-0.021050
  0
VERTEX
  8
0
 10
109.692129
 20
322.789103
 42
-0.000022
  0
VERTEX
  8
0
 10
109.832063
 20
296.356250
 42
-0.000217
  0
VERTEX
  8
0
 10
109.974376
 20
266.804882
 42
-0.000133
  0
VERTEX
  8
0
 10
110.117611
 20
232.000000
 42
0.000391
  0
VERTEX
  8
0
 10
110.270845
 20
198.914380
 42
0.001124
  0
VERTEX
  8
0
 10
110.446846
 20
175.942187
 42
0.005449
  0
VERTEX
  8
0
 10
110.606947
 20
168.248497
 42
0.979072
  0
VERTEX
  8
0
 10
110.749294
 20
168.250000
 42
0.000000
  0
VERTEX
  8
0
 10
111.032667
 20
195.000000
 42
0.000000
  0
VERTEX
  8
0
 10
129.007169
 20
195.000000
 42
0.000000
  0
VERTEX
  8
0
 10
146.981671
 20
195.000000
 42
0.000000
  0
VERTEX
  8
0
 10
147.250206
 20
144.250000
 42
0.000000
  0
VERTEX
  8
0
 10
147.518741
 20
93.500000
 42
0.000000
  0
VERTEX
  8
0
 10
147.759371
 20
144.250000
 42
0.000000
  0
VERTEX
  8
0
 10
148.000000
 20
195.000000
 42
0.000000
  0
VERTEX
  8
0
 10
152.000000
 20
195.000000
 42
0.000000
  0
VERTEX
  8
0
 10
156.000000
 20
195.000000
 42
0.000000
  0
VERTEX
  8
0
 10
156.115350
 20
218.250000
 42
-0.000510
  0
VERTEX
  8
0
 10
156.169303
 20
227.268861
 42
-0.000774
  0
VERTEX
  8
0
 10
156.236369
 20
235.110938
 42
-0.000280
  0
VERTEX
  8
0
 10
156.308434
 20
241.871070
 42
-0.019579
  0
VERTEX
  8
0
 10
156.365350
 20
243.000000
 42
-0.383267
  0
VERTEX
  8
0
 10
157.400737
 20
243.963157
 42
-0.000986
  0
VERTEX
  8
0
 10
178.784939
 20
244.290428
 42
-0.002551
  0
VERTEX
  8
0
 10
212.335532
 20
244.566505
 42
-0.000288
  0
VERTEX
  8
0
 10
288.427262
 20
244.760596
 42
0.000180
  0
VERTEX
  8
0
 10
339.032153
 20
244.878729
 42
0.000299
  0
VERTEX
  8
0
 10
381.675313
 20
245.019063
 42
0.000005
  0
VERTEX
  8
0
 10
420.356538
 20
245.169858
 42
0.197897
  0
VERTEX
  8
0
 10
420.607874
 20
245.274540
 42
0.184352
  0
VERTEX
  8
0
 10
420.715208
 20
245.514383
 42
0.000725
  0
VERTEX
  8
0
 10
420.880622
 20
248.533747
 42
0.003518
  0
VERTEX
  8
0
 10
421.039908
 20
251.975744
 42
0.002190
  0
VERTEX
  8
0
 10
421.180611
 20
256.013945
 42
0.000000
  0
VERTEX
  8
0
 10
421.500000
 20
266.500000
 42
0.000000
  0
VERTEX
  8
0
 10
665.250000
 20
266.755904
 42
0.000000
  0
VERTEX
  8
0
 10
909.000000
 20
267.011807
 42
0.000000
  0
VERTEX
  8
0
 10
909.000000
 20
256.005904
 42
0.000000
  0
VERTEX
  8
0
 10
909.000000
 20
245.000000
 42
0.000000
  0
VERTEX
  8
0
 10
915.500000
 20
245.000000
 42
0.000000
  0
VERTEX
  8
0
 10
922.000000
 20
245.000000
 42
0.000000
  0
VERTEX
  8
0
 10
922.000000
 20
256.000000
 42
0.000000
  0
VERTEX
  8
0
 10
922.000000
 20
267.000000
 42
0.000000
  0
VERTEX
  8
0
 10
972.500000
 20
267.000000
 42
0.000000
  0
VERTEX
  8
0
 10
1023.000000
 20
267.000000
 42
0.000000
  0
VERTEX
  8
0
 10
1023.000000
 20
256.000000
 42
0.000000
  0
VERTEX
  8
0
 10
1023.000000
 20
245.000000
 42
0.000000
  0
VERTEX
  8
0
 10
1034.500000
 20
245.000000
 42
0.000000
  0
VERTEX
  8
0
 10
1046.000000
 20
245.000000
 42
0.000000
  0
VERTEX
  8
0
 10
1046.000000
 20
255.985119
 42
0.000000
  0
VERTEX
  8
0
 10
1046.000000
 20
266.970239
 42
0.000000
  0
VERTEX
  8
0
 10
1075.750000
 20
267.250577
 42
0.000201
  0
VERTEX
  8
0
 10
1094.469339
 20
267.434492
 42
0.971899
  0
VERTEX
  8
0
 10
1094.470970
 20
267.523751
 42
0.010179
  0
VERTEX
  8
0
 10
1091.248191
 20
267.608906
 42
0.000076
  0
VERTEX
  8
0
 10
1064.750000
 20
267.765457
 42
0.000000
  0
VERTEX
  8
0
 10
1024.000000
 20
268.000000
 42
0.000000
  0
VERTEX
  8
0
 10
1024.000000
 20
271.487679
 42
0.000000
  0
VERTEX
  8
0
 10
1024.000000
 20
274.975358
 42
0.000000
  0
VERTEX
  8
0
 10
1060.750000
 20
275.237679
 42
0.000000
  0
VERTEX
  8
0
 10
1097.500000
 20
275.500000
 42
0.000000
  0
VERTEX
  8
0
 10
1097.768099
 20
299.250000
 42
0.000000
  0
VERTEX
  8
0
 10
1098.036197
 20
323.000000
 42
0.000000
  0
VERTEX
  8
0
 10
1101.501765
 20
323.000000
 42
0.000000
  0
VERTEX
  8
0
 10
1104.967333
 20
323.000000
 42
0.000000
  0
VERTEX
  8
0
 10
1105.250706
 20
296.250000
 42
0.994111
  0
VERTEX
  8
0
 10
1105.366753
 20
296.250544
 42
0.000059
  0
VERTEX
  8
0
 10
1105.475257
 20
394.857813
 42
0.000126
  0
VERTEX
  8
0
 10
1105.565145
 20
517.909149
 42
0.000068
  0
VERTEX
  8
0
 10
1105.617207
 20
669.500000
 42
0.000097
  0
VERTEX
  8
0
 10
1105.619177
 20
822.693357
 42
0.000164
  0
VERTEX
  8
0
 10
1105.553543
 20
951.192188
 42
0.000007
  0
VERTEX
  8
0
 10
1105.454870
 20
1066.737187
 42
0.927114
  0
VERTEX
  8
0
 10
1105.283746
 20
1066.750000
 42
0.000000
  0
VERTEX
  8
0
 10
1104.867155
 20
1064.000000
 42
0.000000
  0
VERTEX
  8
0
 10
1035.183578
 20
1063.757709
 42
0.000000
  0
VERTEX
  8
0
 10
965.500000
 20
1063.515417
 42
0.000000
  0
VERTEX
  8
0
 10
1027.750000
 20
1063.250138
 42
0.000000
  0
VERTEX
  8
0
 10
1090.000000
 20
1062.984860
 42
0.000000
  0
VERTEX
  8
0
 10
1090.000000
 20
1055.492430
 42
0.000000
  0
VERTEX
  8
0
 10
1090.000000
 20
1048.000000
 42
0.000000
  0
VERTEX
  8
0
 10
1093.500000
 20
1048.000000
 42
0.000000
  0
VERTEX
  8
0
 10
1097.000000
 20
1048.000000
 42
0.000000
  0
VERTEX
  8
0
 10
1097.000000
 20
984.500000
 42
0.000000
  0
VERTEX
  8
0
 10
1097.000000
 20
921.000000
 42
0.000000
  0
VERTEX
  8
0
 10
1093.500000
 20
921.000000
 42
0.000000
  0
VERTEX
  8
0
 10
1090.000000
 20
921.000000
 42
0.000000
  0
VERTEX
  8
0
 10
1090.000000
 20
913.000000
 42
0.000000
  0
VERTEX
  8
0
 10
1090.000000
 20
905.000000
 42
0.000000
  0
VERTEX
  8
0
 10
1093.480929
 20
905.000000
 42
0.000000
  0
VERTEX
  8
0
 10
1096.961858
 20
905.000000
 42
0.000000
  0
VERTEX
  8
0
 10
1096.990124
 20
808.000000
 42
0.000000
  0
VERTEX
  8
0
 10
1097.018391
 20
711.000000
 42
0.000000
  0
VERTEX
  8
0
 10
1093.509195
 20
711.000000
 42
0.000000
  0
VERTEX
  8
0
 10
1090.000000
 20
711.000000
 42
0.000000
  0
VERTEX
  8
0
 10
1090.000000
 20
703.560365
 42
0.000000
  0
VERTEX
  8
0
 10
1090.000000
 20
696.120731
 42
0.000000
  0
VERTEX
  8
0
 10
1086.250000
 20
695.728468
 42
0.000000
  0
VERTEX
  8
0
 10
1082.500000
 20
695.336206
 42
0.000000
  0
VERTEX
  8
0
 10
1086.250000
 20
695.168103
 42
-0.019420
  0
VERTEX
  8
0
 10
1088.470156
 20
694.981991
 42
-0.146245
  0
VERTEX
  8
0
 10
1089.424780
 20
694.563786
 42
-0.184322
  0
VERTEX
  8
0
 10
1089.878708
 20
693.738599
 42
-0.034604
  0
VERTEX
  8
0
 10
1090.000000
 20
691.988111
 42
0.000000
  0
VERTEX
  8
0
 10
1090.000000
 20
688.976222
 42
0.000000
  0
VERTEX
  8
0
 10
974.261922
 20
689.238111
 42
0.000000
  0
VERTEX
  8
0
 10
858.523845
 20
689.500000
 42
0.000000
  0
VERTEX
  8
0
 10
858.511922
 20
692.000000
 42
0.000000
  0
VERTEX
  8
0
 10
858.500000
 20
694.500000
 42
0.000000
  0
VERTEX
  8
0
 10
939.000000
 20
694.751396
 42
0.000185
  0
VERTEX
  8
0
 10
972.092973
 20
694.866974
 42
0.000189
  0
VERTEX
  8
0
 10
1004.959375
 20
695.006311
 42
0.000183
  0
VERTEX
  8
0
 10
1033.510451
 20
695.148565
 42
0.000787
  0
VERTEX
  8
0
 10
1050.500000
 20
695.266168
 42
0.984890
  0
VERTEX
  8
0
 10
1050.500902
 20
695.400284
 42
0.003546
  0
VERTEX
  8
0
 10
1040.081250
 20
695.555159
 42
0.000843
  0
VERTEX
  8
0
 10
1011.790000
 20
695.727311
 42
0.000303
  0
VERTEX
  8
0
 10
971.500000
 20
695.880122
 42
-0.000111
  0
VERTEX
  8
0
 10
929.217895
 20
696.024226
 42
-0.000181
  0
VERTEX
  8
0
 10
893.371875
 20
696.167271
 42
-0.000015
  0
VERTEX
  8
0
 10
861.216060
 20
696.308190
 42
-0.021282
  0
VERTEX
  8
0
 10
860.000000
 20
696.365350
 42
-0.352533
  0
VERTEX
  8
0
 10
859.129723
 20
697.204826
 42
-0.016019
  0
VERTEX
  8
0
 10
858.715549
 20
701.620809
 42
-0.011391
  0
VERTEX
  8
0
 10
858.421279
 20
709.220746
 42
-0.001487
  0
VERTEX
  8
0
 10
858.211563
 20
725.417863
 42
0.002297
  0
VERTEX
  8
0
 10
857.902531
 20
746.630812
 42
0.045744
  0
VERTEX
  8
0
 10
857.187246
 20
753.072667
 42
0.196696
  0
VERTEX
  8
0
 10
855.321481
 20
755.856582
 42
0.146116
  0
VERTEX
  8
0
 10
851.750000
 20
756.968197
 42
0.000000
  0
VERTEX
  8
0
 10
849.000000
 20
757.000000
 42
0.000000
  0
VERTEX
  8
0
 10
849.000000
 20
673.000000
 42
-0.000788
  0
VERTEX
  8
0
 10
848.941954
 20
636.146430
 42
-0.002189
  0
VERTEX
  8
0
 10
848.747024
 20
610.250000
 42
-0.000270
  0
VERTEX
  8
0
 10
848.488576
 20
589.482274
 42
-0.410416
  0
VERTEX
  8
0
 10
848.000000
 20
589.000000
 42
0.339565
  0
VERTEX
  8
0
 10
847.604992
 20
588.696775
 42
0.024068
  0
VERTEX
  8
0
 10
847.291667
 20
587.250000
 42
0.025878
  0
VERTEX
  8
0
 10
847.071434
 20
585.316313
 42
0.015416
  0
VERTEX
  8
0
 10
847.000000
 20
583.000000
 42
0.015416
  0
VERTEX
  8
0
 10
847.071434
 20
580.683687
 42
0.025878
  0
VERTEX
  8
0
 10
847.291667
 20
578.750000
 42
0.024068
  0
VERTEX
  8
0
 10
847.604992
 20
577.303225
 42
0.339565
  0
VERTEX
  8
0
 10
848.000000
 20
577.000000
 42
-0.412224
  0
VERTEX
  8
0
 10
848.493672
 20
576.509673
 42
-0.000082
  0
VERTEX
  8
0
 10
848.748382
 20
538.125000
 42
-0.001195
  0
VERTEX
  8
0
 10
848.942431
 20
490.584451
 42
-0.000423
  0
VERTEX
  8
0
 10
849.000000
 20
422.500000
 42
-0.000423
  0
VERTEX
  8
0
 10
848.942431
 20
354.415549
 42
-0.001195
  0
VERTEX
  8
0
 10
848.748382
 20
306.875000
 42
-0.000082
  0
VERTEX
  8
0
 10
848.493672
 20
268.490327
 42
-0.412224
  0
VERTEX
  8
0
 10
848.000000
 20
268.000000
 42
-0.073405
  0
VERTEX
  8
0
 10
847.618037
 20
268.056380
 42
-0.088064
  0
VERTEX
  8
0
 10
847.294327
 20
268.220312
 42
-0.100861
  0
VERTEX
  8
0
 10
847.078300
 20
268.463996
 42
-0.132489
  0
VERTEX
  8
0
 10
847.001965
 20
268.750000
 42
0.398906
  0
VERTEX
  8
0
 10
846.724062
 20
269.044444
 42
0.004161
  0
VERTEX
  8
0
 10
843.644563
 20
269.188802
 42
0.010249
  0
VERTEX
  8
0
 10
839.953963
 20
269.255330
 42
0.006145
  0
VERTEX
  8
0
 10
835.569753
 20
269.190603
 42
0.000000
  0
VERTEX
  8
0
 10
824.135577
 20
268.881206
 42
0.000000
  0
VERTEX
  8
0
 10
823.817788
 20
272.190603
 42
0.031015
  0
VERTEX
  8
0
 10
823.542273
 20
273.922702
 42
0.113914
  0
VERTEX
  8
0
 10
823.065988
 20
274.917297
 42
0.139853
  0
VERTEX
  8
0
 10
822.262732
 20
275.490069
 42
0.056466
  0
VERTEX
  8
0
 10
820.939357
 20
275.798150
 42
0.035751
  0
VERTEX
  8
0
 10
819.499006
 20
275.862203
 42
0.212285
  0
VERTEX
  8
0
 10
818.835118
 20
275.545275
 42
0.173150
  0
VERTEX
  8
0
 10
818.547991
 20
274.791944
 42
0.022595
  0
VERTEX
  8
0
 10
818.589743
 20
273.048150
 42
0.000000
  0
VERTEX
  8
0
 10
818.800772
 20
270.000000
 42
0.000000
  0
VERTEX
  8
0
 10
796.900386
 20
270.000000
 42
-0.003210
  0
VERTEX
  8
0
 10
788.510815
 20
270.053864
 42
-0.005395
  0
VERTEX
  8
0
 10
781.468025
 20
270.220313
 42
-0.001183
  0
VERTEX
  8
0
 10
775.369076
 20
270.444762
 42
-0.449048
  0
VERTEX
  8
0
 10
775.118421
 20
270.750000
 42
0.044284
  0
VERTEX
  8
0
 10
775.266316
 20
272.918626
 42
0.091028
  0
VERTEX
  8
0
 10
774.926090
 20
274.580174
 42
0.134109
  0
VERTEX
  8
0
 10
774.140576
 20
275.613135
 42
0.164976
  0
VERTEX
  8
0
 10
773.000000
 20
276.000000
 42
0.164976
  0
VERTEX
  8
0
 10
771.859424
 20
275.613135
 42
0.134109
  0
VERTEX
  8
0
 10
771.073910
 20
274.580174
 42
0.091028
  0
VERTEX
  8
0
 10
770.733684
 20
272.918626
 42
0.044284
  0
VERTEX
  8
0
 10
770.881579
 20
270.750000
 42
-0.448733
  0
VERTEX
  8
0
 10
770.631268
 20
270.444855
 42
-0.001240
  0
VERTEX
  8
0
 10
764.681017
 20
270.220312
 42
-0.005523
  0
VERTEX
  8
0
 10
757.802005
 20
270.053863
 42
-0.003286
  0
VERTEX
  8
0
 10
749.606989
 20
270.000000
 42
-0.002569
  0
VERTEX
  8
0
 10
734.902724
 20
270.075538
 42
-0.041904
  0
VERTEX
  8
0
 10
729.995805
 20
270.538321
 42
-0.172927
  0
VERTEX
  8
0
 10
727.847592
 20
271.769053
 42
-0.178889
  0
VERTEX
  8
0
 10
727.000000
 20
274.062285
 42
-0.396372
  0
VERTEX
  8
0
 10
727.348127
 20
274.432433
 42
-0.001674
  0
VERTEX
  8
0
 10
733.381022
 20
274.782426
 42
-0.006456
  0
VERTEX
  8
0
 10
740.399692
 20
275.075196
 42
-0.003860
  0
VERTEX
  8
0
 10
748.750000
 20
275.251044
 42
0.000000
  0
VERTEX
  8
0
 10
770.500000
 20
275.541092
 42
0.000000
  0
VERTEX
  8
0
 10
746.250000
 20
275.770546
 42
0.000000
  0
VERTEX
  8
0
 10
722.000000
 20
276.000000
 42
0.000000
  0
VERTEX
  8
0
 10
722.000000
 20
272.500000
 42
0.000000
  0
VERTEX
  8
0
 10
722.000000
 20
269.000000
 42
0.000000
  0
VERTEX
  8
0
 10
705.500000
 20
269.000000
 42
0.000000
  0
VERTEX
  8
0
 10
689.000000
 20
269.000000
 42
0.000000
  0
VERTEX
  8
0
 10
689.000000
 20
384.976926
 42
0.000000
  0
VERTEX
  8
0
 10
689.000000
 20
500.953851
 42
0.000000
  0
VERTEX
  8
0
 10
706.750000
 20
501.251524
 42
0.000000
  0
VERTEX
  8
0
 10
724.500000
 20
501.549197
 42
0.000000
  0
VERTEX
  8
0
 10
706.750000
 20
501.774599
 42
0.000000
  0
VERTEX
  8
0
 10
689.000000
 20
502.000000
 42
0.000000
  0
VERTEX
  8
0
 10
689.000000
 20
512.476926
 42
0.000000
  0
VERTEX
  8
0
 10
689.000000
 20
522.953851
 42
0.000000
  0
VERTEX
  8
0
 10
706.750000
 20
523.251524
 42
0.000000
  0
VERTEX
  8
0
 10
724.500000
 20
523.549197
 42
0.000000
  0
VERTEX
  8
0
 10
706.750000
 20
523.774599
 42
0.000000
  0
VERTEX
  8
0
 10
689.000000
 20
524.000000
 42
0.000000
  0
VERTEX
  8
0
 10
689.000000
 20
532.500000
 42
0.000000
  0
VERTEX
  8
0
 10
689.000000
 20
541.000000
 42
0.000000
  0
VERTEX
  8
0
 10
726.000000
 20
541.000000
 42
0.000000
  0
VERTEX
  8
0
 10
763.000000
 20
541.000000
 42
0.000000
  0
VERTEX
  8
0
 10
763.000000
 20
442.000000
 42
0.000000
  0
VERTEX
  8
0
 10
763.000000
 20
343.000000
 42
0.000000
  0
VERTEX
  8
0
 10
768.250000
 20
343.180248
 42
0.000000
  0
VERTEX
  8
0
 10
773.500000
 20
343.360496
 42
0.000000
  0
VERTEX
  8
0
 10
768.750000
 20
343.735039
 42
0.000000
  0
VERTEX
  8
0
 10
764.000000
 20
344.109582
 42
0.000000
  0
VERTEX
  8
0
 10
764.000000
 20
442.543938
 42
0.000000
  0
VERTEX
  8
0
 10
764.000000
 20
540.978294
 42
0.000000
  0
VERTEX
  8
0
 10
806.250000
 20
541.250294
 42
0.006670
  0
VERTEX
  8
0
 10
812.663820
 20
541.377156
 42
0.976900
  0
VERTEX
  8
0
 10
812.662500
 20
541.512557
 42
0.002252
  0
VERTEX
  8
0
 10
797.322438
 20
541.652435
 42
0.000405
  0
VERTEX
  8
0
 10
768.750000
 20
541.761147
 42
0.000000
  0
VERTEX
  8
0
 10
689.000000
 20
542.000000
 42
0.000000
  0
VERTEX
  8
0
 10
689.000000
 20
546.057498
 42
0.000000
  0
VERTEX
  8
0
 10
689.000000
 20
550.114996
 42
0.000000
  0
VERTEX
  8
0
 10
684.750000
 20
549.807498
 42
0.000000
  0
VERTEX
  8
0
 10
680.500000
 20
549.500000
 42
0.000000
  0
VERTEX
  8
0
 10
680.000000
 20
445.654179
 42
0.000668
  0
VERTEX
  8
0
 10
679.861162
 20
405.755582
 42
0.001095
  0
VERTEX
  8
0
 10
679.862689
 20
371.974028
 42
0.000089
  0
VERTEX
  8
0
 10
679.935831
 20
341.675291
 42
0.142010
  0
VERTEX
  8
0
 10
680.234687
 20
340.654179
 42
0.035343
  0
VERTEX
  8
0
 10
680.572535
 20
340.198054
 42
0.334189
  0
VERTEX
  8
0
 10
680.795787
 20
340.148697
 42
0.261161
  0
VERTEX
  8
0
 10
680.949546
 20
340.358509
 42
0.026312
  0
VERTEX
  8
0
 10
680.993819
 20
341.000000
 42
0.004055
  0
VERTEX
  8
0
 10
681.003739
 20
342.212243
 42
0.000003
  0
VERTEX
  8
0
 10
681.005737
 20
372.389063
 42
0.000037
  0
VERTEX
  8
0
 10
681.005283
 20
406.056165
 42
0.000022
  0
VERTEX
  8
0
 10
681.000067
 20
445.750000
 42
0.000000
  0
VERTEX
  8
0
 10
680.981871
 20
549.000000
 42
0.000000
  0
VERTEX
  8
0
 10
684.490935
 20
549.000000
 42
0.000000
  0
VERTEX
  8
0
 10
688.000000
 20
549.000000
 42
0.000000
  0
VERTEX
  8
0
 10
688.000000
 20
443.937142
 42
-0.000291
  0
VERTEX
  8
0
 10
687.961787
 20
378.285117
 42
-0.003880
  0
VERTEX
  8
0
 10
687.746259
 20
354.133644
 42
-0.003320
  0
VERTEX
  8
0
 10
687.418330
 20
340.076442
 42
-0.435287
  0
VERTEX
  8
0
 10
686.250000
 20
339.052296
 42
0.019794
  0
VERTEX
  8
0
 10
685.237458
 20
339.114940
 42
0.003456
  0
VERTEX
  8
0
 10
683.325000
 20
339.144191
 42
0.003747
  0
VERTEX
  8
0
 10
681.079729
 20
339.146180
 42
0.003354
  0
VERTEX
  8
0
 10
678.750000
 20
339.115154
 42
0.000000
  0
VERTEX
  8
0
 10
673.000000
 20
339.000000
 42
0.000000
  0
VERTEX
  8
0
 10
673.000000
 20
331.000000
 42
0.000000
  0
VERTEX
  8
0
 10
673.000000
 20
323.000000
 42
0.000000
  0
VERTEX
  8
0
 10
680.500000
 20
323.000000
 42
0.000000
  0
VERTEX
  8
0
 10
688.000000
 20
323.000000
 42
0.000000
  0
VERTEX
  8
0
 10
688.000000
 20
295.512137
 42
0.000000
  0
VERTEX
  8
0
 10
688.000000
 20
268.024274
 42
0.000000
  0
VERTEX
  8
0
 10
684.750000
 20
268.282572
 42
-0.032469
  0
VERTEX
  8
0
 10
682.874614
 20
268.554942
 42
-0.159428
  0
VERTEX
  8
0
 10
681.960962
 20
269.084557
 42
-0.139576
  0
VERTEX
  8
0
 10
681.471351
 20
270.093214
 42
-0.022878
  0
VERTEX
  8
0
 10
681.189862
 20
272.266624
 42
0.000000
  0
VERTEX
  8
0
 10
680.879724
 20
275.992379
 42
0.000000
  0
VERTEX
  8
0
 10
553.689862
 20
276.246189
 42
0.000000
  0
VERTEX
  8
0
 10
426.500000
 20
276.500000
 42
0.000000
  0
VERTEX
  8
0
 10
426.376354
 20
310.500000
 42
-0.002334
  0
VERTEX
  8
0
 10
426.389876
 20
323.610512
 42
-0.003714
  0
VERTEX
  8
0
 10
426.537110
 20
334.826044
 42
-0.000886
  0
VERTEX
  8
0
 10
426.755860
 20
344.622587
 42
-0.162731
  0
VERTEX
  8
0
 10
427.097241
 20
345.567385
 42
-0.118676
  0
VERTEX
  8
0
 10
427.868170
 20
346.172139
 42
-0.002109
  0
VERTEX
  8
0
 10
432.700779
 20
348.357681
 42
-0.005156
  0
VERTEX
  8
0
 10
438.393646
 20
350.833295
 42
-0.003400
  0
VERTEX
  8
0
 10
444.987171
 20
353.567385
 42
0.000000
  0
VERTEX
  8
0
 10
462.032567
 20
360.500000
 42
0.000000
  0
VERTEX
  8
0
 10
461.766283
 20
365.917099
 42
0.000000
  0
VERTEX
  8
0
 10
461.500000
 20
371.334199
 42
0.000000
  0
VERTEX
  8
0
 10
444.000000
 20
378.622332
 42
-0.004080
  0
VERTEX
  8
0
 10
435.471856
 20
382.255943
 42
-0.016120
  0
VERTEX
  8
0
 10
430.319646
 20
384.701526
 42
-0.019230
  0
VERTEX
  8
0
 10
427.073025
 20
386.534080
 42
-0.239047
  0
VERTEX
  8
0
 10
426.356299
 20
387.705233
 42
-0.019247
  0
VERTEX
  8
0
 10
426.296635
 20
389.145364
 42
-0.000031
  0
VERTEX
  8
0
 10
426.223585
 20
414.730738
 42
-0.000244
  0
VERTEX
  8
0
 10
426.157404
 20
443.440277
 42
-0.000151
  0
VERTEX
  8
0
 10
426.106299
 20
477.186642
 42
0.000000
  0
VERTEX
  8
0
 10
426.000000
 20
564.873283
 42
0.000000
  0
VERTEX
  8
0
 10
422.750000
 20
565.186642
 42
-0.033707
  0
VERTEX
  8
0
 10
420.847381
 20
565.500541
 42
-0.167309
  0
VERTEX
  8
0
 10
419.943521
 20
566.070301
 42
-0.133188
  0
VERTEX
  8
0
 10
419.470843
 20
567.151960
 42
-0.018533
  0
VERTEX
  8
0
 10
419.199538
 20
569.606014
 42
0.000000
  0
VERTEX
  8
0
 10
418.899075
 20
573.712028
 42
0.000000
  0
VERTEX
  8
0
 10
434.199538
 20
580.041051
 42
0.001686
  0
VERTEX
  8
0
 10
451.050152
 20
587.077942
 42
0.018185
  0
VERTEX
  8
0
 10
457.748354
 20
590.193183
 42
0.046952
  0
VERTEX
  8
0
 10
461.075539
 20
592.304876
 42
0.223166
  0
VERTEX
  8
0
 10
462.074310
 20
594.259956
 42
-0.011344
  0
VERTEX
  8
0
 10
462.130426
 20
595.263712
 42
-0.007152
  0
VERTEX
  8
0
 10
462.239250
 20
596.432518
 42
-0.007180
  0
VERTEX
  8
0
 10
462.379274
 20
597.579280
 42
-0.013081
  0
VERTEX
  8
0
 10
462.531458
 20
598.510320
 42
0.039018
  0
VERTEX
  8
0
 10
462.625858
 20
599.363591
 42
0.033718
  0
VERTEX
  8
0
 10
462.594112
 20
600.264553
 42
0.035170
  0
VERTEX
  8
0
 10
462.451644
 20
601.080116
 42
0.078294
  0
VERTEX
  8
0
 10
462.207148
 20
601.659177
 42
0.138878
  0
VERTEX
  8
0
 10
460.823863
 20
602.919741
 42
0.006093
  0
VERTEX
  8
0
 10
454.898490
 20
605.788142
 42
0.009310
  0
VERTEX
  8
0
 10
447.351898
 20
609.158530
 42
0.005117
  0
VERTEX
  8
0
 10
438.000000
 20
613.015561
 42
-0.001982
  0
VERTEX
  8
0
 10
426.836865
 20
617.537911
 42
-0.017775
  0
VERTEX
  8
0
 10
422.022022
 20
619.713657
 42
-0.045858
  0
VERTEX
  8
0
 10
419.757422
 20
621.107138
 42
-0.456483
  0
VERTEX
  8
0
 10
419.687626
 20
622.087626
 42
-0.086053
  0
VERTEX
  8
0
 10
420.273317
 20
622.500224
 42
-0.028548
  0
VERTEX
  8
0
 10
421.250551
 20
622.896165
 42
-0.027451
  0
VERTEX
  8
0
 10
422.404476
 20
623.219230
 42
-0.027976
  0
VERTEX
  8
0
 10
423.579591
 20
623.411468
 42
0.040480
  0
VERTEX
  8
0
 10
424.888965
 20
623.659394
 42
0.092240
  0
VERTEX
  8
0
 10
425.790606
 20
624.097172
 42
0.120145
  0
VERTEX
  8
0
 10
426.330294
 20
624.743555
 42
0.101024
  0
VERTEX
  8
0
 10
426.556048
 20
625.608975
 42
0.006355
  0
VERTEX
  8
0
 10
426.604563
 20
626.788737
 42
0.000687
  0
VERTEX
  8
0
 10
426.678227
 20
629.514824
 42
0.000844
  0
VERTEX
  8
0
 10
426.755999
 20
632.761051
 42
0.000680
  0
VERTEX
  8
0
 10
426.828950
 20
636.250000
 42
0.000000
  0
VERTEX
  8
0
 10
427.000000
 20
645.000000
 42
0.000000
  0
VERTEX
  8
0
 10
550.476386
 20
645.000000
 42
0.000000
  0
VERTEX
  8
0
 10
673.952772
 20
645.000000
 42
0.000000
  0
VERTEX
  8
0
 10
674.226386
 20
662.250000
 42
0.000000
  0
VERTEX
  8
0
 10
674.500000
 20
679.500000
 42
0.000000
  0
VERTEX
  8
0
 10
681.707057
 20
679.792943
 42
0.000000
  0
VERTEX
  8
0
 10
688.914114
 20
680.085886
 42
0.000000
  0
VERTEX
  8
0
 10
689.207057
 20
687.292943
 42
0.000000
  0
VERTEX
  8
0
 10
689.500000
 20
694.500000
 42
0.000000
  0
VERTEX
  8
0
 10
767.945945
 20
694.731982
 42
0.000520
  0
VERTEX
  8
0
 10
798.098131
 20
694.852528
 42
0.000851
  0
VERTEX
  8
0
 10
823.658023
 20
695.024796
 42
0.000076
  0
VERTEX
  8
0
 10
846.558754
 20
695.221602
 42
0.096788
  0
VERTEX
  8
0
 10
847.445945
 20
695.403034
 42
0.808713
  0
VERTEX
  8
0
 10
847.366673
 20
695.829081
 42
0.004017
  0
VERTEX
  8
0
 10
839.896172
 20
695.969088
 42
0.001839
  0
VERTEX
  8
0
 10
824.995506
 20
696.073812
 42
0.000065
  0
VERTEX
  8
0
 10
767.500000
 20
696.258960
 42
0.000000
  0
VERTEX
  8
0
 10
689.500000
 20
696.500000
 42
0.000000
  0
VERTEX
  8
0
 10
689.235337
 20
726.750000
 42
0.000000
  0
VERTEX
  8
0
 10
688.970674
 20
757.000000
 42
0.000000
  0
VERTEX
  8
0
 10
686.044354
 20
757.000000
 42
0.026418
  0
VERTEX
  8
0
 10
684.886222
 20
756.938765
 42
0.033055
  0
VERTEX
  8
0
 10
683.826163
 20
756.754904
 42
0.034960
  0
VERTEX
  8
0
 10
682.987588
 20
756.488400
 42
0.161282
  0
VERTEX
  8
0
 10
682.602366
 20
756.165632
 42
-0.291747
  0
VERTEX
  8
0
 10
679.240931
 20
754.544008
 42
-0.019230
  0
VERTEX
  8
0
 10
668.112535
 20
756.302330
 42
-0.026869
  0
VERTEX
  8
0
 10
656.200962
 20
759.329765
 42
-0.043055
  0
VERTEX
  8
0
 10
646.500000
 20
763.302347
 42
-0.047577
  0
VERTEX
  8
0
 10
637.596459
 20
769.006872
 42
-0.032020
  0
VERTEX
  8
0
 10
628.583162
 20
777.055360
 42
-0.032108
  0
VERTEX
  8
0
 10
620.712054
 20
786.145063
 42
-0.049496
  0
VERTEX
  8
0
 10
615.276123
 20
795.000000
 42
-0.032377
  0
VERTEX
  8
0
 10
611.740718
 20
803.676576
 42
-0.027422
  0
VERTEX
  8
0
 10
609.123955
 20
813.229500
 42
-0.022744
  0
VERTEX
  8
0
 10
607.741448
 20
821.428162
 42
-0.489703
  0
VERTEX
  8
0
 10
609.250000
 20
822.925354
 42
0.031836
  0
VERTEX
  8
0
 10
610.232688
 20
822.860913
 42
0.000153
  0
VERTEX
  8
0
 10
620.320830
 20
822.845520
 42
0.000710
  0
VERTEX
  8
0
 10
631.797682
 20
822.847814
 42
0.000449
  0
VERTEX
  8
0
 10
645.182612
 20
822.881517
 42
0.000829
  0
VERTEX
  8
0
 10
667.868951
 20
822.996639
 42
0.013773
  0
VERTEX
  8
0
 10
675.411872
 20
823.255288
 42
0.042058
  0
VERTEX
  8
0
 10
679.156651
 20
823.805515
 42
0.264285
  0
VERTEX
  8
0
 10
680.521905
 20
825.069015
 42
-0.015966
  0
VERTEX
  8
0
 10
680.946482
 20
826.272111
 42
-0.250355
  0
VERTEX
  8
0
 10
681.266471
 20
826.546584
 42
-0.277348
  0
VERTEX
  8
0
 10
681.648696
 20
826.418756
 42
-0.018900
  0
VERTEX
  8
0
 10
682.388606
 20
825.483228
 42
0.165714
  0
VERTEX
  8
0
 10
684.126472
 20
824.266059
 42
0.106539
  0
VERTEX
  8
0
 10
686.604433
 20
824.091666
 42
0.121704
  0
VERTEX
  8
0
 10
688.703498
 20
824.940379
 42
0.240573
  0
VERTEX
  8
0
 10
689.500000
 20
826.500000
 42
-0.072361
  0
VERTEX
  8
0
 10
689.612661
 20
827.274388
 42
-0.081074
  0
VERTEX
  8
0
 10
689.940625
 20
827.952054
 42
-0.091008
  0
VERTEX
  8
0
 10
690.427532
 20
828.430612
 42
-0.127105
  0
VERTEX
  8
0
 10
691.000000
 20
828.634650
 42
-0.020673
  0
VERTEX
  8
0
 10
692.170563
 20
828.691098
 42
-0.000119
  0
VERTEX
  8
0
 10
703.148438
 20
828.763631
 42
-0.000506
  0
VERTEX
  8
0
 10
715.671626
 20
828.830714
 42
-0.000322
  0
VERTEX
  8
0
 10
730.250000
 20
828.884650
 42
0.000000
  0
VERTEX
  8
0
 10
768.000000
 20
829.000000
 42
0.000000
  0
VERTEX
  8
0
 10
768.000000
 20
831.940983
 42
0.035231
  0
VERTEX
  8
0
 10
767.916979
 20
833.117754
 42
0.039843
  0
VERTEX
  8
0
 10
767.669369
 20
834.222393
 42
0.043674
  0
VERTEX
  8
0
 10
767.307635
 20
835.108837
 42
0.136459
  0
VERTEX
  8
0
 10
766.874448
 20
835.577595
 42
-0.267354
  0
VERTEX
  8
0
 10
766.072608
 20
837.063904
 42
-0.010989
  0
VERTEX
  8
0
 10
766.385782
 20
843.355979
 42
-0.017748
  0
VERTEX
  8
0
 10
767.172650
 20
850.667901
 42
-0.015258
  0
VERTEX
  8
0
 10
768.505712
 20
858.287026
 42
-0.039967
  0
VERTEX
  8
0
 10
770.557426
 20
865.326167
 42
-0.018972
  0
VERTEX
  8
0
 10
774.250613
 20
874.026291
 42
-0.018925
  0
VERTEX
  8
0
 10
778.710570
 20
882.651324
 42
-0.031063
  0
VERTEX
  8
0
 10
783.194057
 20
889.536867
 42
-0.059063
  0
VERTEX
  8
0
 10
793.425779
 20
900.360901
 42
-0.044928
  0
VERTEX
  8
0
 10
806.853737
 20
909.660990
 42
-0.044966
  0
VERTEX
  8
0
 10
821.711812
 20
916.404659
 42
-0.059515
  0
VERTEX
  8
0
 10
836.207317
 20
919.605184
 42
0.000000
  0
VERTEX
  8
0
 10
842.914633
 20
920.267444
 42
0.000000
  0
VERTEX
  8
0
 10
842.977419
 20
879.930315
 42
0.001093
  0
VERTEX
  8
0
 10
843.079053
 20
852.768107
 42
0.019297
  0
VERTEX
  8
0
 10
843.469922
 20
843.993575
 42
0.070309
  0
VERTEX
  8
0
 10
844.441628
 20
839.718377
 42
0.211568
  0
VERTEX
  8
0
 10
846.500000
 20
837.641256
 42
-0.162721
  0
VERTEX
  8
0
 10
846.810681
 20
837.381922
 42
-0.176105
  0
VERTEX
  8
0
 10
846.890311
 20
836.996981
 42
-0.108925
  0
VERTEX
  8
0
 10
846.701521
 20
836.497906
 42
-0.044440
  0
VERTEX
  8
0
 10
846.250000
 20
835.925000
 42
0.124415
  0
VERTEX
  8
0
 10
845.249049
 20
834.130158
 42
0.077842
  0
VERTEX
  8
0
 10
844.993646
 20
831.724969
 42
0.094241
  0
VERTEX
  8
0
 10
845.479383
 20
829.718414
 42
0.294432
  0
VERTEX
  8
0
 10
846.593620
 20
829.000000
 42
-0.114309
  0
VERTEX
  8
0
 10
847.241886
 20
828.849832
 42
-0.075597
  0
VERTEX
  8
0
 10
847.872748
 20
828.412500
 42
-0.069688
  0
VERTEX
  8
0
 10
848.391003
 20
827.764455
 42
-0.070024
  0
VERTEX
  8
0
 10
848.710251
 20
827.000000
 42
0.081730
  0
VERTEX
  8
0
 10
849.076949
 20
826.176376
 42
0.088329
  0
VERTEX
  8
0
 10
849.680637
 20
825.538890
 42
0.086162
  0
VERTEX
  8
0
 10
850.480880
 20
825.137895
 42
0.073286
  0
VERTEX
  8
0
 10
851.416631
 20
825.000000
 42
-0.040037
  0
VERTEX
  8
0
 10
852.325015
 20
824.927145
 42
-0.035482
  0
VERTEX
  8
0
 10
853.248748
 20
824.709888
 42
-0.037212
  0
VERTEX
  8
0
 10
854.054260
 20
824.391587
 42
-0.083868
  0
VERTEX
  8
0
 10
854.587616
 20
824.012384
 42
0.189149
  0
VERTEX
  8
0
 10
855.612571
 20
823.565056
 42
0.001285
  0
VERTEX
  8
0
 10
865.428763
 20
823.220686
 42
0.004350
  0
VERTEX
  8
0
 10
877.443809
 20
822.934705
 42
0.002023
  0
VERTEX
  8
0
 10
893.037616
 20
822.762384
 42
-0.000758
  0
VERTEX
  8
0
 10
917.417886
 20
822.554679
 42
-0.012553
  0
VERTEX
  8
0
 10
925.533953
 20
822.269374
 42
-0.036595
  0
VERTEX
  8
0
 10
929.519863
 20
821.734473
 42
-0.348397
  0
VERTEX
  8
0
 10
930.546515
 20
820.500000
 42
-0.058643
  0
VERTEX
  8
0
 10
930.110504
 20
815.870228
 42
-0.020901
  0
VERTEX
  8
0
 10
928.446467
 20
809.429883
 42
-0.019859
  0
VERTEX
  8
0
 10
925.953036
 20
802.252463
 42
-0.018726
  0
VERTEX
  8
0
 10
922.853601
 20
795.150762
 42
-0.012312
  0
VERTEX
  8
0
 10
919.916556
 20
789.419807
 42
-0.028101
  0
VERTEX
  8
0
 10
917.359460
 20
785.289953
 42
-0.028861
  0
VERTEX
  8
0
 10
914.398384
 20
781.539276
 42
-0.013682
  0
VERTEX
  8
0
 10
910.183779
 20
777.045593
 42
-0.043532
  0
VERTEX
  8
0
 10
900.557983
 20
768.887361
 42
-0.041248
  0
VERTEX
  8
0
 10
889.496115
 20
762.352336
 42
-0.041549
  0
VERTEX
  8
0
 10
877.596513
 20
757.762844
 42
-0.045771
  0
VERTEX
  8
0
 10
865.480669
 20
755.387774
 42
0.011529
  0
VERTEX
  8
0
 10
863.014544
 20
755.077510
 42
0.024729
  0
VERTEX
  8
0
 10
861.135123
 20
754.701116
 42
0.039971
  0
VERTEX
  8
0
 10
860.017382
 20
754.322001
 42
0.606629
  0
VERTEX
  8
0
 10
859.993997
 20
754.003710
 42
0.144402
  0
VERTEX
  8
0
 10
860.801587
 20
753.783023
 42
0.010531
  0
VERTEX
  8
0
 10
863.129620
 20
753.878824
 42
0.014016
  0
VERTEX
  8
0
 10
865.945117
 20
754.133526
 42
0.010131
  0
VERTEX
  8
0
 10
869.066471
 20
754.568649
 42
0.030667
  0
VERTEX
  8
0
 10
881.475978
 20
757.344764
 42
0.050794
  0
VERTEX
  8
0
 10
891.420820
 20
761.350341
 42
0.049080
  0
VERTEX
  8
0
 10
900.583767
 20
767.386173
 42
0.026563
  0
VERTEX
  8
0
 10
910.620819
 20
776.435221
 42
0.008039
  0
VERTEX
  8
0
 10
916.169856
 20
782.181646
 42
0.025342
  0
VERTEX
  8
0
 10
919.624799
 20
786.273745
 42
0.031762
  0
VERTEX
  8
0
 10
922.214039
 20
790.166072
 42
0.019497
  0
VERTEX
  8
0
 10
924.780578
 20
795.042158
 42
0.024226
  0
VERTEX
  8
0
 10
927.757828
 20
802.141856
 42
0.023872
  0
VERTEX
  8
0
 10
930.050777
 20
809.530868
 42
0.025056
  0
VERTEX
  8
0
 10
931.517949
 20
816.656624
 42
0.038258
  0
VERTEX
  8
0
 10
932.000000
 20
822.947405
 42
0.000000
  0
VERTEX
  8
0
 10
932.000000
 20
828.000000
 42
0.000000
  0
VERTEX
  8
0
 10
896.750000
 20
828.115350
 42
-0.000344
  0
VERTEX
  8
0
 10
883.130192
 20
828.169288
 42
-0.000539
  0
VERTEX
  8
0
 10
871.414062
 20
828.236369
 42
-0.000135
  0
VERTEX
  8
0
 10
861.165728
 20
828.308845
 42
-0.020549
  0
VERTEX
  8
0
 10
860.000000
 20
828.365350
 42
-0.365193
  0
VERTEX
  8
0
 10
859.110352
 20
829.262895
 42
-0.010344
  0
VERTEX
  8
0
 10
858.760754
 20
835.082368
 42
-0.008759
  0
VERTEX
  8
0
 10
858.546159
 20
844.926145
 42
-0.001070
  0
VERTEX
  8
0
 10
858.500000
 20
866.500000
 42
-0.001070
  0
VERTEX
  8
0
 10
858.546159
 20
888.073855
 42
-0.008759
  0
VERTEX
  8
0
 10
858.760754
 20
897.917632
 42
-0.010344
  0
VERTEX
  8
0
 10
859.110352
 20
903.737105
 42
-0.365193
  0
VERTEX
  8
0
 10
860.000000
 20
904.634650
 42
-0.002098
  0
VERTEX
  8
0
 10
860.699812
 20
904.694511
 42
-0.001091
  0
VERTEX
  8
0
 10
861.573438
 20
904.763631
 42
-0.001085
  0
VERTEX
  8
0
 10
862.470776
 20
904.830699
 42
-0.001654
  0
VERTEX
  8
0
 10
863.250000
 20
904.884650
 42
0.198072
  0
VERTEX
  8
0
 10
864.157296
 20
905.330673
 42
0.128303
  0
VERTEX
  8
0
 10
864.691708
 20
906.389015
 42
0.046882
  0
VERTEX
  8
0
 10
864.943784
 20
908.502780
 42
0.006250
  0
VERTEX
  8
0
 10
865.000000
 20
913.000000
 42
0.006250
  0
VERTEX
  8
0
 10
864.943784
 20
917.497220
 42
0.046882
  0
VERTEX
  8
0
 10
864.691708
 20
919.610985
 42
0.128303
  0
VERTEX
  8
0
 10
864.157296
 20
920.669327
 42
0.198072
  0
VERTEX
  8
0
 10
863.250000
 20
921.115350
 42
-0.001654
  0
VERTEX
  8
0
 10
862.470776
 20
921.169301
 42
-0.001085
  0
VERTEX
  8
0
 10
861.573438
 20
921.236369
 42
-0.001091
  0
VERTEX
  8
0
 10
860.699812
 20
921.305489
 42
-0.002098
  0
VERTEX
  8
0
 10
860.000000
 20
921.365350
 42
-0.378333
  0
VERTEX
  8
0
 10
859.066585
 20
922.351584
 42
-0.003319
  0
VERTEX
  8
0
 10
858.755797
 20
933.499480
 42
-0.004758
  0
VERTEX
  8
0
 10
858.544509
 20
951.532277
 42
-0.000550
  0
VERTEX
  8
0
 10
858.500000
 20
992.000000
 42
0.000000
  0
VERTEX
  8
0
 10
858.500000
 20
1062.500000
 42
0.000000
  0
VERTEX
  8
0
 10
897.500000
 20
1062.752797
 42
0.000418
  0
VERTEX
  8
0
 10
913.494541
 20
1062.869844
 42
0.000433
  0
VERTEX
  8
0
 10
929.303125
 20
1063.012433
 42
0.000417
  0
VERTEX
  8
0
 10
942.989785
 20
1063.159145
 42
0.001871
  0
VERTEX
  8
0
 10
951.000000
 20
1063.281673
 42
0.989098
  0
VERTEX
  8
0
 10
950.999038
 20
1063.400752
 42
0.000079
  0
VERTEX
  8
0
 10
886.921875
 20
1063.575492
 42
0.000200
  0
VERTEX
  8
0
 10
808.540318
 20
1063.745449
 42
0.000110
  0
VERTEX
  8
0
 10
712.500000
 20
1063.894225
 42
-0.000049
  0
VERTEX
  8
0
 10
615.384599
 20
1064.032922
 42
-0.000081
  0
VERTEX
  8
0
 10
533.378125
 20
1064.171414
 42
-0.000003
  0
VERTEX
  8
0
 10
459.229601
 20
1064.309124
 42
-0.021919
  0
VERTEX
  8
0
 10
458.000000
 20
1064.365350
 42
-0.141645
  0
VERTEX
  8
0
 10
457.395107
 20
1064.600623
 42
-0.100554
  0
VERTEX
  8
0
 10
456.913465
 20
1065.151993
 42
-0.079201
  0
VERTEX
  8
0
 10
456.603366
 20
1065.977107
 42
-0.050398
  0
VERTEX
  8
0
 10
456.500000
 20
1067.000000
 42
0.000000
  0
VERTEX
  8
0
 10
456.500000
 20
1069.500000
 42
0.000000
  0
VERTEX
  8
0
 10
687.500000
 20
1069.750512
 42
0.000060
  0
VERTEX
  8
0
 10
782.612502
 20
1069.865124
 42
0.000061
  0
VERTEX
  8
0
 10
877.375000
 20
1070.002288
 42
0.000059
  0
VERTEX
  8
0
 10
959.882186
 20
1070.141553
 42
0.000248
  0
VERTEX
  8
0
 10
1009.500000
 20
1070.255839
 42
0.997535
  0
VERTEX
  8
0
 10
1009.499962
 20
1070.370954
 42
0.000225
  0
VERTEX
  8
0
 10
928.435937
 20
1070.507675
 42
0.000129
  0
VERTEX
  8
0
 10
789.628224
 20
1070.643574
 42
0.000057
  0
VERTEX
  8
0
 10
605.750000
 20
1070.755327
 42
0.000000
  0
VERTEX
  8
0
 10
111.000000
 20
1071.000000
 42
0.000000
  0
VERTEX
  8
0
 10
111.000000
 20
1147.933578
 42
0.000000
  0
VERTEX
  8
0
 10
111.000000
 20
1224.867155
 42
0.000000
  0
VERTEX
  8
0
 10
113.750000
 20
1225.283746
 42
0.001423
  0
VERTEX
  8
0
 10
115.563568
 20
1225.563760
 42
0.590063
  0
VERTEX
  8
0
 10
115.598627
 20
1225.660223
 42
0.203632
  0
VERTEX
  8
0
 10
115.421061
 20
1225.746318
 42
0.000886
  0
VERTEX
  8
0
 10
113.255647
 20
1225.850168
 42
0.000000
  0
VERTEX
  8
0
 10
110.011295
 20
1226.000000
 42
0.000000
  0
SEQEND
  0
POLYLINE
  8
0
 66
1
 70
1
  0
VERTEX
  8
0
 10
156.816422
 20
1067.250000
 42
0.000000
  0
VERTEX
  8
0
 10
156.500000
 20
1064.500000
 42
0.000000
  0
VERTEX
  8
0
 10
134.000000
 20
1064.500000
 42
0.000000
  0
VERTEX
  8
0
 10
111.500000
 20
1064.500000
 42
0.000000
  0
VERTEX
  8
0
 10
111.183578
 20
1067.250000
 42
0.000000
  0
VERTEX
  8
0
 10
110.867155
 20
1070.000000
 42
0.000000
  0
VERTEX
  8
0
 10
134.000000
 20
1070.000000
 42
0.000000
  0
VERTEX
  8
0
 10
157.132845
 20
1070.000000
 42
0.000000
  0
SEQEND
  0
POLYLINE
  8
0
 66
1
 70
1
  0
VERTEX
  8
0
 10
163.816422
 20
1067.257041
 42
-0.041582
  0
VERTEX
  8
0
 10
163.539436
 20
1065.876200
 42
-0.129784
  0
VERTEX
  8
0
 10
163.056732
 20
1065.069476
 42
-0.141012
  0
VERTEX
  8
0
 10
162.265760
 20
1064.644232
 42
-0.052623
  0
VERTEX
  8
0
 10
161.000000
 20
1064.507041
 42
-0.052355
  0
VERTEX
  8
0
 10
159.730990
 20
1064.636673
 42
-0.142393
  0
VERTEX
  8
0
 10
158.941288
 20
1065.057181
 42
-0.130681
  0
VERTEX
  8
0
 10
158.460126
 20
1065.862210
 42
-0.041092
  0
VERTEX
  8
0
 10
158.183578
 20
1067.250000
 42
-0.032921
  0
VERTEX
  8
0
 10
158.106989
 20
1068.820101
 42
-0.197576
  0
VERTEX
  8
0
 10
158.424304
 20
1069.555801
 42
-0.171376
  0
VERTEX
  8
0
 10
159.198825
 20
1069.914780
 42
-0.023644
  0
VERTEX
  8
0
 10
161.000000
 20
1070.000000
 42
-0.023634
  0
VERTEX
  8
0
 10
162.800140
 20
1069.914865
 42
-0.171057
  0
VERTEX
  8
0
 10
163.574972
 20
1069.556363
 42
-0.197770
  0
VERTEX
  8
0
 10
163.892563
 20
1068.821859
 42
-0.033128
  0
SEQEND
  0
POLYLINE
  8
0
 66
1
 70
1
  0
VERTEX
  8
0
 10
446.816422
 20
1067.250000
 42
0.000000
  0
VERTEX
  8
0
 10
446.500000
 20
1064.500000
 42
0.000000
  0
VERTEX
  8
0
 10
306.000000
 20
1064.500000
 42
0.000000
  0
VERTEX
  8
0
 10
165.500000
 20
1064.500000
 42
0.000000
  0
VERTEX
  8
0
 10
165.183578
 20
1067.250000
 42
0.000000
  0
VERTEX
  8
0
 10
164.867155
 20
1070.000000
 42
0.000000
  0
VERTEX
  8
0
 10
306.000000
 20
1070.000000
 42
0.000000
  0
VERTEX
  8
0
 10
447.132845
 20
1070.000000
 42
0.000000
  0
SEQEND
  0
POLYLINE
  8
0
 66
1
 70
1
  0
VERTEX
  8
0
 10
454.816422
 20
1067.250000
 42
-0.042092
  0
VERTEX
  8
0
 10
454.522927
 20
1065.792364
 42
-0.150028
  0
VERTEX
  8
0
 10
454.006675
 20
1065.005535
 42
-0.139442
  0
VERTEX
  8
0
 10
453.112943
 20
1064.611553
 42
-0.034539
  0
VERTEX
  8
0
 10
451.500000
 20
1064.500000
 42
-0.034539
  0
VERTEX
  8
0
 10
449.887057
 20
1064.611553
 42
-0.139442
  0
VERTEX
  8
0
 10
448.993325
 20
1065.005535
 42
-0.150028
  0
VERTEX
  8
0
 10
448.477073
 20
1065.792364
 42
-0.042092
  0
VERTEX
  8
0
 10
448.183578
 20
1067.250000
 42
-0.035324
  0
VERTEX
  8
0
 10
448.113002
 20
1068.855167
 42
-0.216233
  0
VERTEX
  8
0
 10
448.466684
 20
1069.582529
 42
-0.157418
  0
VERTEX
  8
0
 10
449.327506
 20
1069.926377
 42
-0.016939
  0
VERTEX
  8
0
 10
451.500000
 20
1070.000000
 42
-0.016939
  0
VERTEX
  8
0
 10
453.672494
 20
1069.926377
 42
-0.157418
  0
VERTEX
  8
0
 10
454.533316
 20
1069.582529
 42
-0.216233
  0
VERTEX
  8
0
 10
454.886998
 20
1068.855167
 42
-0.035324
  0
SEQEND
  0
POLYLINE
  8
0
 66
1
 70
1
  0
VERTEX
  8
0
 10
124.500000
 20
1056.000000
 42
0.000000
  0
VERTEX
  8
0
 10
124.500000
 20
1049.500000
 42
0.000000
  0
VERTEX
  8
0
 10
118.000000
 20
1049.500000
 42
0.000000
  0
VERTEX
  8
0
 10
111.500000
 20
1049.500000
 42
0.000000
  0
VERTEX
  8
0
 10
111.188824
 20
1054.869385
 42
-0.017018
  0
VERTEX
  8
0
 10
111.069052
 20
1059.888817
 42
-0.182311
  0
VERTEX
  8
0
 10
111.794592
 20
1061.754804
 42
-0.198241
  0
VERTEX
  8
0
 10
113.540703
 20
1062.593738
 42
-0.020634
  0
VERTEX
  8
0
 10
118.185788
 20
1062.664454
 42
0.000000
  0
VERTEX
  8
0
 10
124.500000
 20
1062.500000
 42
0.000000
  0
SEQEND
  0
POLYLINE
  8
0
 66
1
 70
1
  0
VERTEX
  8
0
 10
409.634650
 20
1061.000000
 42
-0.012056
  0
VERTEX
  8
0
 10
409.693506
 20
1060.101574
 42
-0.001709
  0
VERTEX
  8
0
 10
409.763631
 20
1058.251562
 42
-0.001946
  0
VERTEX
  8
0
 10
409.830618
 20
1056.061458
 42
-0.001657
  0
VERTEX
  8
0
 10
409.884650
 20
1053.750000
 42
0.000000
  0
VERTEX
  8
0
 10
410.000000
 20
1048.000000
 42
0.000000
  0
VERTEX
  8
0
 10
418.000000
 20
1048.000000
 42
0.000000
  0
VERTEX
  8
0
 10
426.000000
 20
1048.000000
 42
0.000000
  0
VERTEX
  8
0
 10
426.115350
 20
1053.750000
 42
-0.001657
  0
VERTEX
  8
0
 10
426.169382
 20
1056.061458
 42
-0.001946
  0
VERTEX
  8
0
 10
426.236369
 20
1058.251562
 42
-0.001709
  0
VERTEX
  8
0
 10
426.306494
 20
1060.101574
 42
-0.012056
  0
VERTEX
  8
0
 10
426.365350
 20
1061.000000
 42
-0.348516
  0
VERTEX
  8
0
 10
427.177251
 20
1061.853830
 42
-0.020356
  0
VERTEX
  8
0
 10
430.998561
 20
1062.233974
 42
-0.012937
  0
VERTEX
  8
0
 10
437.691084
 20
1062.452057
 42
-0.001675
  0
VERTEX
  8
0
 10
452.000000
 20
1062.500000
 42
0.000000
  0
VERTEX
  8
0
 10
477.500000
 20
1062.500000
 42
0.000000
  0
VERTEX
  8
0
 10
477.698122
 20
946.606383
 42
0.000422
  0
VERTEX
  8
0
 10
477.811835
 20
902.073503
 42
0.000691
  0
VERTEX
  8
0
 10
477.992138
 20
864.354958
 42
0.000054
  0
VERTEX
  8
0
 10
478.204500
 20
830.492814
 42
0.090251
  0
VERTEX
  8
0
 10
478.420815
 20
829.345758
 42
0.302527
  0
VERTEX
  8
0
 10
479.543928
 20
828.549299
 42
0.004007
  0
VERTEX
  8
0
 10
488.508564
 20
828.358480
 42
0.005706
  0
VERTEX
  8
0
 10
502.544225
 20
828.332399
 42
0.000849
  0
VERTEX
  8
0
 10
530.814100
 20
828.650491
 42
-0.001061
  0
VERTEX
  8
0
 10
556.271749
 20
828.926178
 42
-0.004503
  0
VERTEX
  8
0
 10
571.502669
 20
828.921622
 42
-0.001859
  0
VERTEX
  8
0
 10
582.310432
 20
828.780845
 42
-0.255469
  0
VERTEX
  8
0
 10
583.400425
 20
828.161116
 42
0.236334
  0
VERTEX
  8
0
 10
584.890008
 20
827.241538
 42
0.019887
  0
VERTEX
  8
0
 10
589.539215
 20
827.012834
 42
0.018530
  0
VERTEX
  8
0
 10
594.145261
 20
827.140324
 42
0.395380
  0
VERTEX
  8
0
 10
595.000000
 20
828.052260
 42
-0.323602
  0
VERTEX
  8
0
 10
595.304757
 20
828.473831
 42
-0.044287
  0
VERTEX
  8
0
 10
596.425504
 20
828.736734
 42
-0.034177
  0
VERTEX
  8
0
 10
598.083085
 20
828.858902
 42
-0.015689
  0
VERTEX
  8
0
 10
600.250000
 20
828.802260
 42
0.000000
  0
VERTEX
  8
0
 10
605.500000
 20
828.500000
 42
0.000000
  0
VERTEX
  8
0
 10
605.782603
 20
823.000000
 42
0.035291
  0
VERTEX
  8
0
 10
606.967398
 20
813.327951
 42
0.033671
  0
VERTEX
  8
0
 10
609.509874
 20
803.761217
 42
0.033115
  0
VERTEX
  8
0
 10
613.364715
 20
794.470044
 42
0.031637
  0
VERTEX
  8
0
 10
618.464039
 20
785.620140
 42
0.039791
  0
VERTEX
  8
0
 10
623.484140
 20
779.225121
 42
0.024773
  0
VERTEX
  8
0
 10
630.290765
 20
772.542686
 42
0.024672
  0
VERTEX
  8
0
 10
637.787652
 20
766.513402
 42
0.037083
  0
VERTEX
  8
0
 10
644.921907
 20
762.101439
 42
0.011451
  0
VERTEX
  8
0
 10
652.334137
 20
758.458368
 42
0.029826
  0
VERTEX
  8
0
 10
657.863152
 20
756.286572
 42
0.033731
  0
VERTEX
  8
0
 10
663.203459
 20
754.938812
 42
0.018636
  0
VERTEX
  8
0
 10
669.867249
 20
753.982682
 42
-0.006220
  0
VERTEX
  8
0
 10
673.119274
 20
753.598201
 42
-0.009173
  0
VERTEX
  8
0
 10
675.962489
 20
753.172944
 42
-0.005068
  0
VERTEX
  8
0
 10
678.333832
 20
752.748901
 42
-0.150463
  0
VERTEX
  8
0
 10
678.867249
 20
752.467274
 42
-0.189978
  0
VERTEX
  8
0
 10
679.124029
 20
751.877856
 42
-0.001232
  0
VERTEX
  8
0
 10
679.314129
 20
746.103569
 42
-0.004673
  0
VERTEX
  8
0
 10
679.454354
 20
739.458456
 42
-0.002938
  0
VERTEX
  8
0
 10
679.500000
 20
731.690473
 42
0.000000
  0
VERTEX
  8
0
 10
679.500000
 20
711.545235
 42
0.000000
  0
VERTEX
  8
0
 10
676.634358
 20
711.323641
 42
0.009224
  0
VERTEX
  8
0
 10
675.514015
 20
711.216186
 42
0.012956
  0
VERTEX
  8
0
 10
674.519401
 20
711.076045
 42
0.009218
  0
VERTEX
  8
0
 10
673.703733
 20
710.923971
 42
0.146698
  0
VERTEX
  8
0
 10
673.458599
 20
710.791932
 42
0.174208
  0
VERTEX
  8
0
 10
673.326247
 20
710.511123
 42
0.002205
  0
VERTEX
  8
0
 10
673.144333
 20
708.519333
 42
0.006136
  0
VERTEX
  8
0
 10
672.970929
 20
706.192843
 42
0.003945
  0
VERTEX
  8
0
 10
672.824241
 20
703.490908
 42
0.000000
  0
VERTEX
  8
0
 10
672.500000
 20
696.500000
 42
0.000000
  0
VERTEX
  8
0
 10
628.000000
 20
696.175197
 42
-0.001902
  0
VERTEX
  8
0
 10
605.590745
 20
696.096860
 42
-0.000678
  0
VERTEX
  8
0
 10
573.598091
 20
696.150093
 42
-0.000673
  0
VERTEX
  8
0
 10
538.496404
 20
696.303365
 42
-0.000795
  0
VERTEX
  8
0
 10
505.291374
 20
696.545840
 42
0.000000
  0
VERTEX
  8
0
 10
427.082749
 20
697.241286
 42
0.000000
  0
VERTEX
  8
0
 10
426.791374
 20
704.353641
 42
0.000000
  0
VERTEX
  8
0
 10
426.500000
 20
711.465997
 42
0.000000
  0
VERTEX
  8
0
 10
418.000000
 20
711.482998
 42
0.000000
  0
VERTEX
  8
0
 10
409.500000
 20
711.500000
 42
0.000000
  0
VERTEX
  8
0
 10
409.500000
 20
704.249476
 42
-0.005786
  0
VERTEX
  8
0
 10
409.448369
 20
699.787741
 42
-0.067842
  0
VERTEX
  8
0
 10
409.174304
 20
698.074441
 42
-0.204185
  0
VERTEX
  8
0
 10
408.518254
 20
697.290678
 42
-0.118367
  0
VERTEX
  8
0
 10
407.304127
 20
696.999476
 42
-0.266923
  0
VERTEX
  8
0
 10
406.013836
 20
697.741543
 42
-0.101341
  0
VERTEX
  8
0
 10
405.325552
 20
699.782897
 42
-0.023770
  0
VERTEX
  8
0
 10
404.977457
 20
704.373895
 42
-0.001318
  0
VERTEX
  8
0
 10
404.610649
 20
718.750000
 42
0.003041
  0
VERTEX
  8
0
 10
404.150041
 20
734.652374
 42
0.010077
  0
VERTEX
  8
0
 10
403.572451
 20
745.106897
 42
0.009066
  0
VERTEX
  8
0
 10
402.891113
 20
752.374554
 42
0.165341
  0
VERTEX
  8
0
 10
401.915746
 20
754.450000
 42
-0.142063
  0
VERTEX
  8
0
 10
401.557680
 20
755.129788
 42
-0.016932
  0
VERTEX
  8
0
 10
401.269000
 20
756.824687
 42
-0.019109
  0
VERTEX
  8
0
 10
401.066923
 20
758.909424
 42
-0.014605
  0
VERTEX
  8
0
 10
401.000000
 20
761.200000
 42
0.016132
  0
VERTEX
  8
0
 10
400.928089
 20
763.428259
 42
0.026559
  0
VERTEX
  8
0
 10
400.706897
 20
765.300000
 42
0.024946
  0
VERTEX
  8
0
 10
400.392598
 20
766.701452
 42
0.337031
  0
VERTEX
  8
0
 10
400.000000
 20
767.000000
 42
-0.354422
  0
VERTEX
  8
0
 10
399.590659
 20
767.331844
 42
-0.018695
  0
VERTEX
  8
0
 10
399.283598
 20
769.110246
 42
-0.021763
  0
VERTEX
  8
0
 10
399.068713
 20
771.489494
 42
-0.011639
  0
VERTEX
  8
0
 10
399.000000
 20
774.440983
 42
0.012539
  0
VERTEX
  8
0
 10
398.927367
 20
777.336795
 42
0.018327
  0
VERTEX
  8
0
 10
398.706250
 20
779.877725
 42
0.014001
  0
VERTEX
  8
0
 10
398.394315
 20
781.921570
 42
0.212560
  0
VERTEX
  8
0
 10
398.000000
 20
782.500000
 42
-0.178739
  0
VERTEX
  8
0
 10
397.611248
 20
782.997319
 42
-0.028034
  0
VERTEX
  8
0
 10
397.293750
 20
784.221902
 42
-0.028180
  0
VERTEX
  8
0
 10
397.073129
 20
785.773033
 42
-0.021238
  0
VERTEX
  8
0
 10
397.000000
 20
787.493917
 42
0.019577
  0
VERTEX
  8
0
 10
396.926834
 20
789.361822
 42
0.015843
  0
VERTEX
  8
0
 10
396.706612
 20
791.356053
 42
0.016131
  0
VERTEX
  8
0
 10
396.385360
 20
793.184437
 42
0.039304
  0
VERTEX
  8
0
 10
396.001233
 20
794.496757
 42
-0.038723
  0
VERTEX
  8
0
 10
395.574086
 20
795.949794
 42
-0.009584
  0
VERTEX
  8
0
 10
395.106434
 20
798.390125
 42
-0.009747
  0
VERTEX
  8
0
 10
394.677850
 20
801.212936
 42
-0.009628
  0
VERTEX
  8
0
 10
394.357633
 20
804.061857
 42
0.010334
  0
VERTEX
  8
0
 10
394.054863
 20
806.721742
 42
0.016828
  0
VERTEX
  8
0
 10
393.675718
 20
808.961920
 42
0.010814
  0
VERTEX
  8
0
 10
393.272189
 20
810.741874
 42
0.344266
  0
VERTEX
  8
0
 10
392.941728
 20
811.000000
 42
-0.344819
  0
VERTEX
  8
0
 10
392.618959
 20
811.252631
 42
-0.013261
  0
VERTEX
  8
0
 10
392.271428
 20
812.835938
 42
-0.018775
  0
VERTEX
  8
0
 10
391.962295
 20
814.853953
 42
-0.011522
  0
VERTEX
  8
0
 10
391.742641
 20
817.250000
 42
0.016170
  0
VERTEX
  8
0
 10
391.232651
 20
822.296737
 42
0.012060
  0
VERTEX
  8
0
 10
390.356867
 20
827.823080
 42
0.010363
  0
VERTEX
  8
0
 10
389.068662
 20
834.112978
 42
0.006286
  0
VERTEX
  8
0
 10
387.297627
 20
841.500000
 42
0.012023
  0
VERTEX
  8
0
 10
385.938849
 20
846.373131
 42
0.034116
  0
VERTEX
  8
0
 10
384.683020
 20
849.667763
 42
0.047688
  0
VERTEX
  8
0
 10
383.283855
 20
852.068498
 42
0.055779
  0
VERTEX
  8
0
 10
381.517362
 20
854.024911
 42
-0.001444
  0
VERTEX
  8
0
 10
380.517093
 20
854.916138
 42
-0.000549
  0
VERTEX
  8
0
 10
379.126836
 20
856.164816
 42
-0.000544
  0
VERTEX
  8
0
 10
377.618846
 20
857.525202
 42
-0.000665
  0
VERTEX
  8
0
 10
376.212292
 20
858.800264
 42
0.020523
  0
VERTEX
  8
0
 10
374.737738
 20
860.033953
 42
0.015480
  0
VERTEX
  8
0
 10
373.023909
 20
861.269666
 42
0.015720
  0
VERTEX
  8
0
 10
371.338274
 20
862.331892
 42
0.034556
  0
VERTEX
  8
0
 10
369.975002
 20
863.010355
 42
-0.030160
  0
VERTEX
  8
0
 10
368.883487
 20
863.541662
 42
-0.050497
  0
VERTEX
  8
0
 10
368.050148
 20
864.129338
 42
-0.069864
  0
VERTEX
  8
0
 10
367.569150
 20
864.682005
 42
-0.290330
  0
VERTEX
  8
0
 10
367.564276
 20
865.104000
 42
0.344627
  0
VERTEX
  8
0
 10
367.512708
 20
865.570109
 42
0.034887
  0
VERTEX
  8
0
 10
366.622310
 20
866.362307
 42
0.032080
  0
VERTEX
  8
0
 10
365.288122
 20
867.261851
 42
0.019209
  0
VERTEX
  8
0
 10
363.600891
 20
868.163246
 42
-0.018685
  0
VERTEX
  8
0
 10
361.912578
 20
869.062945
 42
-0.031229
  0
VERTEX
  8
0
 10
360.575201
 20
869.957271
 42
-0.033365
  0
VERTEX
  8
0
 10
359.676008
 20
870.743641
 42
-0.347870
  0
VERTEX
  8
0
 10
359.622963
 20
871.198959
 42
0.356021
  0
VERTEX
  8
0
 10
359.564399
 20
871.645236
 42
0.034527
  0
VERTEX
  8
0
 10
358.658928
 20
872.388347
 42
0.031689
  0
VERTEX
  8
0
 10
357.308731
 20
873.225194
 42
0.018757
  0
VERTEX
  8
0
 10
355.604873
 20
874.056635
 42
-0.017916
  0
VERTEX
  8
0
 10
353.807749
 20
874.929849
 42
-0.020678
  0
VERTEX
  8
0
 10
352.163927
 20
875.891840
 42
-0.020247
  0
VERTEX
  8
0
 10
350.852028
 20
876.811324
 42
-0.102554
  0
VERTEX
  8
0
 10
350.269708
 20
877.482543
 42
0.113323
  0
VERTEX
  8
0
 10
349.641662
 20
878.176072
 42
0.016201
  0
VERTEX
  8
0
 10
348.024143
 20
879.228494
 42
0.017723
  0
VERTEX
  8
0
 10
345.993768
 20
880.361495
 42
0.014289
  0
VERTEX
  8
0
 10
343.738473
 20
881.436955
 42
-0.013657
  0
VERTEX
  8
0
 10
341.539625
 20
882.482086
 42
-0.020437
  0
VERTEX
  8
0
 10
339.685676
 20
883.523688
 42
-0.016174
  0
VERTEX
  8
0
 10
338.264183
 20
884.465386
 42
-0.242958
  0
VERTEX
  8
0
 10
338.000000
 20
884.976973
 42
0.254005
  0
VERTEX
  8
0
 10
337.706866
 20
885.516769
 42
0.008527
  0
VERTEX
  8
0
 10
335.576563
 20
886.848699
 42
0.014261
  0
VERTEX
  8
0
 10
332.911889
 20
888.350389
 42
0.009231
  0
VERTEX
  8
0
 10
329.750000
 20
889.941469
 42
-0.005012
  0
VERTEX
  8
0
 10
326.653931
 20
891.466822
 42
-0.009723
  0
VERTEX
  8
0
 10
324.217187
 20
892.757918
 42
-0.007863
  0
VERTEX
  8
0
 10
322.453388
 20
893.773450
 42
-0.737575
  0
VERTEX
  8
0
 10
322.500000
 20
893.965299
 42
0.757276
  0
VERTEX
  8
0
 10
322.541472
 20
894.156995
 42
0.003329
  0
VERTEX
  8
0
 10
319.681250
 20
895.649391
 42
0.006273
  0
VERTEX
  8
0
 10
316.033564
 20
897.464418
 42
0.003389
  0
VERTEX
  8
0
 10
311.500000
 20
899.611975
 42
-0.004899
  0
VERTEX
  8
0
 10
306.770865
 20
901.869683
 42
-0.006377
  0
VERTEX
  8
0
 10
302.488476
 20
904.034012
 42
-0.004861
  0
VERTEX
  8
0
 10
298.950816
 20
905.922939
 42
-0.056843
  0
VERTEX
  8
0
 10
297.673536
 20
906.822748
 42
0.033673
  0
VERTEX
  8
0
 10
296.775716
 20
907.519500
 42
0.017396
  0
VERTEX
  8
0
 10
295.569438
 20
908.272179
 42
0.017214
  0
VERTEX
  8
0
 10
294.270108
 20
908.962964
 42
0.024940
  0
VERTEX
  8
0
 10
293.075471
 20
909.474187
 42
-0.006372
  0
VERTEX
  8
0
 10
291.560939
 20
910.056790
 42
-0.001465
  0
VERTEX
  8
0
 10
289.020767
 20
911.079917
 42
-0.001514
  0
VERTEX
  8
0
 10
286.100931
 20
912.276229
 42
-0.001477
  0
VERTEX
  8
0
 10
283.164258
 20
913.500000
 42
0.000000
  0
VERTEX
  8
0
 10
276.024645
 20
916.500000
 42
0.000000
  0
VERTEX
  8
0
 10
276.012322
 20
942.639216
 42
0.003688
  0
VERTEX
  8
0
 10
275.841800
 20
964.370654
 42
0.097046
  0
VERTEX
  8
0
 10
274.639605
 20
970.046961
 42
0.255147
  0
VERTEX
  8
0
 10
271.402301
 20
972.606301
 42
0.039158
  0
VERTEX
  8
0
 10
262.936031
 20
973.379373
 42
0.004385
  0
VERTEX
  8
0
 10
234.778496
 20
973.492345
 42
0.001151
  0
VERTEX
  8
0
 10
189.651465
 20
973.173736
 42
0.000082
  0
VERTEX
  8
0
 10
138.940639
 20
972.690680
 42
0.140026
  0
VERTEX
  8
0
 10
137.294443
 20
972.203138
 42
0.241906
  0
VERTEX
  8
0
 10
136.644373
 20
971.093461
 42
0.002720
  0
VERTEX
  8
0
 10
136.200638
 20
962.189820
 42
0.005533
  0
VERTEX
  8
0
 10
135.782605
 20
949.637699
 42
0.001391
  0
VERTEX
  8
0
 10
135.384762
 20
929.178779
 42
-0.001842
  0
VERTEX
  8
0
 10
135.054316
 20
912.939487
 42
-0.003014
  0
VERTEX
  8
0
 10
134.640631
 20
899.181423
 42
-0.000435
  0
VERTEX
  8
0
 10
134.190301
 20
887.002038
 42
-0.249862
  0
VERTEX
  8
0
 10
133.840319
 20
886.401312
 42
-0.570499
  0
VERTEX
  8
0
 10
133.497146
 20
886.581421
 42
-0.001684
  0
VERTEX
  8
0
 10
133.206357
 20
892.734673
 42
-0.005985
  0
VERTEX
  8
0
 10
132.975247
 20
899.980169
 42
-0.003469
  0
VERTEX
  8
0
 10
132.862174
 20
908.690983
 42
0.001953
  0
VERTEX
  8
0
 10
132.760468
 20
918.913940
 42
0.001240
  0
VERTEX
  8
0
 10
132.565954
 20
930.821726
 42
0.001245
  0
VERTEX
  8
0
 10
132.316918
 20
942.510346
 42
0.002306
  0
VERTEX
  8
0
 10
132.047308
 20
952.000000
 42
0.000000
  0
VERTEX
  8
0
 10
131.370268
 20
972.500000
 42
0.000000
  0
VERTEX
  8
0
 10
131.042897
 20
957.500000
 42
0.000192
  0
VERTEX
  8
0
 10
130.876591
 20
949.743741
 42
0.000060
  0
VERTEX
  8
0
 10
130.633161
 20
938.117746
 42
0.000060
  0
VERTEX
  8
0
 10
130.364459
 20
925.136176
 42
0.000066
  0
VERTEX
  8
0
 10
130.107763
 20
912.581689
 42
-0.001911
  0
VERTEX
  8
0
 10
129.751150
 20
897.807994
 42
-0.008303
  0
VERTEX
  8
0
 10
129.360856
 20
889.055400
 42
-0.005737
  0
VERTEX
  8
0
 10
128.928157
 20
883.109329
 42
-0.300078
  0
VERTEX
  8
0
 10
128.250000
 20
882.248356
 42
-0.494444
  0
VERTEX
  8
0
 10
127.555429
 20
882.721318
 42
-0.005027
  0
VERTEX
  8
0
 10
127.250883
 20
889.554998
 42
-0.007131
  0
VERTEX
  8
0
 10
127.039600
 20
900.002787
 42
-0.001332
  0
VERTEX
  8
0
 10
126.976474
 20
919.166667
 42
0.001084
  0
VERTEX
  8
0
 10
126.926160
 20
937.144528
 42
0.000482
  0
VERTEX
  8
0
 10
126.785549
 20
960.854249
 42
0.000477
  0
VERTEX
  8
0
 10
126.588559
 20
985.957518
 42
0.000644
  0
VERTEX
  8
0
 10
126.359553
 20
1008.656309
 42
-0.001231
  0
VERTEX
  8
0
 10
126.180590
 20
1028.730298
 42
-0.001990
  0
VERTEX
  8
0
 10
126.138344
 20
1045.811873
 42
-0.000298
  0
VERTEX
  8
0
 10
126.170189
 20
1060.958410
 42
-0.138596
  0
VERTEX
  8
0
 10
126.439780
 20
1061.902561
 42
-0.258149
  0
VERTEX
  8
0
 10
127.466838
 20
1062.479695
 42
-0.000185
  0
VERTEX
  8
0
 10
159.655628
 20
1062.683063
 42
-0.001507
  0
VERTEX
  8
0
 10
201.888530
 20
1062.806905
 42
-0.000415
  0
VERTEX
  8
0
 10
268.306701
 20
1062.746253
 42
-0.000268
  0
VERTEX
  8
0
 10
349.790874
 20
1062.560437
 42
-0.002385
  0
VERTEX
  8
0
 10
385.673310
 20
1062.288225
 42
-0.000864
  0
VERTEX
  8
0
 10
408.595368
 20
1061.965363
 42
-0.383686
  0
SEQEND
  0
POLYLINE
  8
0
 66
1
 70
1
  0
VERTEX
  8
0
 10
424.500000
 20
1056.000000
 42
0.000000
  0
VERTEX
  8
0
 10
424.500000
 20
1049.500000
 42
0.000000
  0
VERTEX
  8
0
 10
418.000000
 20
1049.500000
 42
0.000000
  0
VERTEX
  8
0
 10
411.500000
 20
1049.500000
 42
0.000000
  0
VERTEX
  8
0
 10
411.355195
 20
1055.500000
 42
-0.006445
  0
VERTEX
  8
0
 10
411.328817
 20
1057.846884
 42
-0.009166
  0
VERTEX
  8
0
 10
411.370497
 20
1059.932346
 42
-0.005761
  0
VERTEX
  8
0
 10
411.457224
 20
1061.671111
 42
-0.120975
  0
VERTEX
  8
0
 10
411.610631
 20
1062.163304
 42
-0.232328
  0
VERTEX
  8
0
 10
412.010377
 20
1062.420274
 42
-0.009915
  0
VERTEX
  8
0
 10
413.727642
 20
1062.583792
 42
-0.015240
  0
VERTEX
  8
0
 10
415.833439
 20
1062.677831
 42
-0.010074
  0
VERTEX
  8
0
 10
418.255436
 20
1062.663304
 42
0.000000
  0
VERTEX
  8
0
 10
424.500000
 20
1062.500000
 42
0.000000
  0
SEQEND
  0
POLYLINE
  8
0
 66
1
 70
1
  0
VERTEX
  8
0
 10
529.500000
 20
946.527731
 42
0.000000
  0
VERTEX
  8
0
 10
529.500000
 20
830.555462
 42
0.000000
  0
VERTEX
  8
0
 10
527.000000
 20
830.555432
 42
0.000000
  0
VERTEX
  8
0
 10
524.500000
 20
830.555403
 42
0.000000
  0
VERTEX
  8
0
 10
524.237560
 20
941.456808
 42
0.000231
  0
VERTEX
  8
0
 10
524.117230
 20
984.000727
 42
0.000384
  0
VERTEX
  8
0
 10
523.971709
 20
1019.861428
 42
0.000008
  0
VERTEX
  8
0
 10
523.814331
 20
1052.360691
 42
0.197650
  0
VERTEX
  8
0
 10
523.701067
 20
1052.632266
 42
0.192037
  0
VERTEX
  8
0
 10
523.435025
 20
1052.746616
 42
0.000206
  0
VERTEX
  8
0
 10
517.055737
 20
1052.913013
 42
0.001886
  0
VERTEX
  8
0
 10
509.904133
 20
1053.069625
 42
0.001152
  0
VERTEX
  8
0
 10
501.463507
 20
1053.203160
 42
0.000000
  0
VERTEX
  8
0
 10
479.500000
 20
1053.500000
 42
0.000000
  0
VERTEX
  8
0
 10
479.383888
 20
1057.500000
 42
-0.009940
  0
VERTEX
  8
0
 10
479.369401
 20
1059.084887
 42
-0.012857
  0
VERTEX
  8
0
 10
479.422399
 20
1060.538247
 42
-0.010616
  0
VERTEX
  8
0
 10
479.522926
 20
1061.740892
 42
-0.102802
  0
VERTEX
  8
0
 10
479.678040
 20
1062.225947
 42
-0.264091
  0
VERTEX
  8
0
 10
480.166327
 20
1062.518647
 42
-0.000928
  0
VERTEX
  8
0
 10
487.225131
 20
1062.672276
 42
-0.004497
  0
VERTEX
  8
0
 10
495.292664
 20
1062.760296
 42
-0.002765
  0
VERTEX
  8
0
 10
504.794152
 20
1062.725947
 42
0.000000
  0
VERTEX
  8
0
 10
529.500000
 20
1062.500000
 42
0.000000
  0
SEQEND
  0
POLYLINE
  8
0
 66
1
 70
1
  0
VERTEX
  8
0
 10
672.824241
 20
1055.509092
 42
0.003945
  0
VERTEX
  8
0
 10
672.970929
 20
1052.807157
 42
0.006136
  0
VERTEX
  8
0
 10
673.144333
 20
1050.480667
 42
0.002205
  0
VERTEX
  8
0
 10
673.326247
 20
1048.488877
 42
0.174208
  0
VERTEX
  8
0
 10
673.458599
 20
1048.208068
 42
0.146931
  0
VERTEX
  8
0
 10
673.703749
 20
1048.076164
 42
0.009234
  0
VERTEX
  8
0
 10
674.519401
 20
1047.924889
 42
0.012975
  0
VERTEX
  8
0
 10
675.514014
 20
1047.785776
 42
0.009237
  0
VERTEX
  8
0
 10
676.634358
 20
1047.679538
 42
0.000000
  0
VERTEX
  8
0
 10
679.500000
 20
1047.461124
 42
0.000000
  0
VERTEX
  8
0
 10
679.818593
 20
1037.571927
 42
-0.007256
  0
VERTEX
  8
0
 10
679.965871
 20
1029.248940
 42
-0.059524
  0
VERTEX
  8
0
 10
679.528346
 20
1025.485151
 42
-0.196868
  0
VERTEX
  8
0
 10
678.385492
 20
1023.895766
 42
-0.203891
  0
VERTEX
  8
0
 10
676.477579
 20
1023.594983
 42
0.029669
  0
VERTEX
  8
0
 10
675.255282
 20
1023.825729
 42
0.130001
  0
VERTEX
  8
0
 10
674.532924
 20
1023.730343
 42
0.206827
  0
VERTEX
  8
0
 10
674.138247
 20
1023.325799
 42
0.091542
  0
VERTEX
  8
0
 10
674.000000
 20
1022.577023
 42
0.083121
  0
VERTEX
  8
0
 10
674.112139
 20
1021.907134
 42
0.065959
  0
VERTEX
  8
0
 10
674.440625
 20
1021.249836
 42
0.066324
  0
VERTEX
  8
0
 10
674.926573
 20
1020.704233
 42
0.086289
  0
VERTEX
  8
0
 10
675.500000
 20
1020.361626
 42
-0.048303
  0
VERTEX
  8
0
 10
676.073796
 20
1020.075237
 42
-0.053891
  0
VERTEX
  8
0
 10
676.559375
 20
1019.692784
 42
-0.061199
  0
VERTEX
  8
0
 10
676.891374
 20
1019.276919
 42
-0.138750
  0
VERTEX
  8
0
 10
677.000000
 20
1018.893011
 42
-0.164455
  0
VERTEX
  8
0
 10
676.884842
 20
1018.552359
 42
-0.095748
  0
VERTEX
  8
0
 10
676.559375
 20
1018.262322
 42
-0.076852
  0
VERTEX
  8
0
 10
676.073715
 20
1018.066322
 42
-0.057609
  0
VERTEX
  8
0
 10
675.500000
 20
1018.000000
 42
-0.055475
  0
VERTEX
  8
0
 10
674.926207
 20
1018.063859
 42
-0.075034
  0
VERTEX
  8
0
 10
674.440625
 20
1018.253015
 42
-0.094439
  0
VERTEX
  8
0
 10
674.114935
 20
1018.532710
 42
-0.169832
  0
VERTEX
  8
0
 10
674.000000
 20
1018.861328
 42
0.416242
  0
VERTEX
  8
0
 10
673.437317
 20
1019.420130
 42
0.047713
  0
VERTEX
  8
0
 10
671.469886
 20
1019.218206
 42
0.044458
  0
VERTEX
  8
0
 10
669.378701
 20
1018.602160
 42
0.161861
  0
VERTEX
  8
0
 10
668.330714
 20
1017.726089
 42
0.044213
  0
VERTEX
  8
0
 10
668.143781
 20
1017.353676
 42
0.361986
  0
VERTEX
  8
0
 10
668.198930
 20
1017.186019
 42
0.252785
  0
VERTEX
  8
0
 10
668.413341
 20
1017.172453
 42
0.030401
  0
VERTEX
  8
0
 10
668.845492
 20
1017.404508
 42
-0.094832
  0
VERTEX
  8
0
 10
669.303503
 20
1017.579249
 42
-0.192024
  0
VERTEX
  8
0
 10
669.675292
 20
1017.502314
 42
-0.172939
  0
VERTEX
  8
0
 10
669.918204
 20
1017.179321
 42
-0.075728
  0
VERTEX
  8
0
 10
670.000000
 20
1016.642350
 42
-0.077109
  0
VERTEX
  8
0
 10
669.906631
 20
1016.040515
 42
-0.063907
  0
VERTEX
  8
0
 10
669.632812
 20
1015.451985
 42
-0.065439
  0
VERTEX
  8
0
 10
669.227933
 20
1014.965203
 42
-0.090943
  0
VERTEX
  8
0
 10
668.750000
 20
1014.662281
 42
0.367332
  0
VERTEX
  8
0
 10
668.648055
 20
1014.467986
 42
0.273033
  0
VERTEX
  8
0
 10
668.821875
 20
1014.282867
 42
0.050023
  0
VERTEX
  8
0
 10
669.577168
 20
1014.142435
 42
0.014897
  0
VERTEX
  8
0
 10
670.750000
 20
1014.078947
 42
-0.026072
  0
VERTEX
  8
0
 10
672.523738
 20
1013.943136
 42
-0.136393
  0
VERTEX
  8
0
 10
673.417105
 20
1013.565779
 42
-0.176294
  0
VERTEX
  8
0
 10
673.864402
 20
1012.837880
 42
-0.050547
  0
VERTEX
  8
0
 10
674.000000
 20
1011.500000
 42
0.045284
  0
VERTEX
  8
0
 10
674.113993
 20
1010.243944
 42
0.147683
  0
VERTEX
  8
0
 10
674.491210
 20
1009.509110
 42
0.152614
  0
VERTEX
  8
0
 10
675.203207
 20
1009.119774
 42
0.049418
  0
VERTEX
  8
0
 10
676.412102
 20
1009.000000
 42
-0.067787
  0
VERTEX
  8
0
 10
677.687680
 20
1008.826266
 42
-0.157751
  0
VERTEX
  8
0
 10
678.483442
 20
1008.300738
 42
-0.107478
  0
VERTEX
  8
0
 10
679.001892
 20
1007.254527
 42
-0.022824
  0
VERTEX
  8
0
 10
679.408870
 20
1005.250000
 42
-0.016664
  0
VERTEX
  8
0
 10
679.601830
 20
1003.667582
 42
-0.014859
  0
VERTEX
  8
0
 10
679.698340
 20
1002.014063
 42
-0.015085
  0
VERTEX
  8
0
 10
679.695980
 20
1000.522471
 42
-0.043869
  0
VERTEX
  8
0
 10
679.573279
 20
999.500000
 42
0.003860
  0
VERTEX
  8
0
 10
679.406781
 20
998.676078
 42
0.003926
  0
VERTEX
  8
0
 10
679.253998
 20
997.854310
 42
0.003818
  0
VERTEX
  8
0
 10
679.132246
 20
997.137879
 42
0.016155
  0
VERTEX
  8
0
 10
679.076511
 20
996.706163
 42
-0.157871
  0
VERTEX
  8
0
 10
678.950689
 20
996.416070
 42
-0.101363
  0
VERTEX
  8
0
 10
678.655288
 20
996.193197
 42
-0.082040
  0
VERTEX
  8
0
 10
678.233694
 20
996.071687
 42
-0.061586
  0
VERTEX
  8
0
 10
677.750000
 20
996.074646
 42
0.031903
  0
VERTEX
  8
0
 10
676.761216
 20
996.139354
 42
0.000121
  0
VERTEX
  8
0
 10
665.337500
 20
996.154480
 42
0.000629
  0
VERTEX
  8
0
 10
652.386222
 20
996.152193
 42
0.000396
  0
VERTEX
  8
0
 10
637.250000
 20
996.118483
 42
0.001029
  0
VERTEX
  8
0
 10
614.942689
 20
996.005215
 42
0.008519
  0
VERTEX
  8
0
 10
604.811414
 20
995.760253
 42
0.009885
  0
VERTEX
  8
0
 10
598.825266
 20
995.394751
 42
0.390755
  0
VERTEX
  8
0
 10
598.000000
 20
994.500000
 42
0.390755
  0
VERTEX
  8
0
 10
598.825266
 20
993.605249
 42
0.009885
  0
VERTEX
  8
0
 10
604.811414
 20
993.239747
 42
0.008519
  0
VERTEX
  8
0
 10
614.942689
 20
992.994785
 42
0.001029
  0
VERTEX
  8
0
 10
637.250000
 20
992.881517
 42
0.000333
  0
VERTEX
  8
0
 10
652.378364
 20
992.845918
 42
0.000532
  0
VERTEX
  8
0
 10
665.304076
 20
992.837845
 42
0.000093
  0
VERTEX
  8
0
 10
676.734100
 20
992.844985
 42
0.029629
  0
VERTEX
  8
0
 10
677.636216
 20
992.899225
 42
-0.328249
  0
VERTEX
  8
0
 10
678.817281
 20
992.230746
 42
-0.077362
  0
VERTEX
  8
0
 10
679.453110
 20
989.906250
 42
-0.027625
  0
VERTEX
  8
0
 10
679.723670
 20
985.193708
 42
-0.003385
  0
VERTEX
  8
0
 10
679.675557
 20
974.862207
 42
-0.002280
  0
VERTEX
  8
0
 10
679.521917
 20
965.252963
 42
-0.029663
  0
VERTEX
  8
0
 10
679.236874
 20
961.691107
 42
-0.105626
  0
VERTEX
  8
0
 10
678.626633
 20
960.017459
 42
-0.235742
  0
VERTEX
  8
0
 10
677.500000
 20
959.330340
 42
-0.002827
  0
VERTEX
  8
0
 10
676.123510
 20
959.221408
 42
-0.000136
  0
VERTEX
  8
0
 10
671.534375
 20
958.885591
 42
-0.000222
  0
VERTEX
  8
0
 10
666.083256
 20
958.490630
 42
-0.000160
  0
VERTEX
  8
0
 10
660.000000
 20
958.054548
 42
0.007464
  0
VERTEX
  8
0
 10
646.815230
 20
956.915585
 42
0.037547
  0
VERTEX
  8
0
 10
639.533953
 20
955.619495
 42
0.065363
  0
VERTEX
  8
0
 10
634.589967
 20
953.634725
 42
0.063000
  0
VERTEX
  8
0
 10
630.257277
 20
950.421417
 42
0.053857
  0
VERTEX
  8
0
 10
626.834689
 20
946.351553
 42
0.158362
  0
VERTEX
  8
0
 10
625.844457
 20
942.875158
 42
0.147888
  0
VERTEX
  8
0
 10
627.061109
 20
939.326258
 42
0.044999
  0
VERTEX
  8
0
 10
630.822869
 20
934.983696
 42
0.019610
  0
VERTEX
  8
0
 10
633.473734
 20
932.621929
 42
0.042937
  0
VERTEX
  8
0
 10
635.711581
 20
931.081882
 42
0.048346
  0
VERTEX
  8
0
 10
638.003776
 20
930.057395
 42
0.032133
  0
VERTEX
  8
0
 10
640.788795
 20
929.318158
 42
0.011096
  0
VERTEX
  8
0
 10
642.731728
 20
928.978606
 42
0.021830
  0
VERTEX
  8
0
 10
644.290724
 20
928.810886
 42
0.025385
  0
VERTEX
  8
0
 10
645.369706
 20
928.797119
 42
0.574678
  0
VERTEX
  8
0
 10
645.488089
 20
929.019272
 42
0.160969
  0
VERTEX
  8
0
 10
645.114871
 20
929.332370
 42
0.018428
  0
VERTEX
  8
0
 10
644.066609
 20
929.705504
 42
0.020731
  0
VERTEX
  8
0
 10
642.749240
 20
930.061125
 42
0.015485
  0
VERTEX
  8
0
 10
641.272163
 20
930.347094
 42
-0.080239
  0
VERTEX
  8
0
 10
635.866789
 20
932.140811
 42
-0.080332
  0
VERTEX
  8
0
 10
631.303397
 20
935.544554
 42
-0.088066
  0
VERTEX
  8
0
 10
628.365499
 20
939.895208
 42
-0.129144
  0
VERTEX
  8
0
 10
627.627244
 20
944.429583
 42
-0.103311
  0
VERTEX
  8
0
 10
628.334838
 20
946.706064
 42
-0.047304
  0
VERTEX
  8
0
 10
630.103942
 20
949.282045
 42
-0.046743
  0
VERTEX
  8
0
 10
632.217709
 20
951.377503
 42
-0.173621
  0
VERTEX
  8
0
 10
633.956356
 20
952.000000
 42
0.074345
  0
VERTEX
  8
0
 10
634.355122
 20
952.059622
 42
0.088401
  0
VERTEX
  8
0
 10
634.693430
 20
952.232825
 42
0.100646
  0
VERTEX
  8
0
 10
634.919586
 20
952.490338
 42
0.130748
  0
VERTEX
  8
0
 10
635.000000
 20
952.792595
 42
-0.332487
  0
VERTEX
  8
0
 10
635.723330
 20
953.760105
 42
-0.015451
  0
VERTEX
  8
0
 10
639.931142
 20
954.861218
 42
-0.023896
  0
VERTEX
  8
0
 10
644.607380
 20
955.698928
 42
-0.035364
  0
VERTEX
  8
0
 10
648.764351
 20
955.943558
 42
-0.020252
  0
VERTEX
  8
0
 10
650.833280
 20
955.835014
 42
-0.014430
  0
VERTEX
  8
0
 10
653.137028
 20
955.553088
 42
-0.014603
  0
VERTEX
  8
0
 10
655.322061
 20
955.155853
 42
-0.029912
  0
VERTEX
  8
0
 10
657.000000
 20
954.693558
 42
0.000000
  0
VERTEX
  8
0
 10
660.500000
 20
953.500000
 42
0.000000
  0
VERTEX
  8
0
 10
661.075937
 20
943.500000
 42
0.000000
  0
VERTEX
  8
0
 10
661.651873
 20
933.500000
 42
0.000000
  0
VERTEX
  8
0
 10
661.575937
 20
943.500000
 42
0.000000
  0
VERTEX
  8
0
 10
661.500000
 20
953.500000
 42
0.000000
  0
VERTEX
  8
0
 10
658.000000
 20
955.248446
 42
0.000000
  0
VERTEX
  8
0
 10
654.500000
 20
956.996892
 42
0.000000
  0
VERTEX
  8
0
 10
661.500000
 20
957.074957
 42
0.004114
  0
VERTEX
  8
0
 10
664.308394
 20
957.129390
 42
0.004891
  0
VERTEX
  8
0
 10
666.957813
 20
957.228499
 42
0.004265
  0
VERTEX
  8
0
 10
669.189301
 20
957.352927
 42
0.031238
  0
VERTEX
  8
0
 10
670.250000
 20
957.488027
 42
-0.074204
  0
VERTEX
  8
0
 10
670.935414
 20
957.516149
 42
-0.111547
  0
VERTEX
  8
0
 10
671.499384
 20
957.323411
 42
-0.130937
  0
VERTEX
  8
0
 10
671.866374
 20
956.936452
 42
-0.125281
  0
VERTEX
  8
0
 10
672.000000
 20
956.411516
 42
-0.070915
  0
VERTEX
  8
0
 10
671.923105
 20
955.872083
 42
-0.086407
  0
VERTEX
  8
0
 10
671.698979
 20
955.414633
 42
-0.100270
  0
VERTEX
  8
0
 10
671.366027
 20
955.108802
 42
-0.136614
  0
VERTEX
  8
0
 10
670.975249
 20
955.000000
 42
0.292215
  0
VERTEX
  8
0
 10
669.684425
 20
954.175173
 42
0.051995
  0
VERTEX
  8
0
 10
668.711912
 20
951.333168
 42
0.040166
  0
VERTEX
  8
0
 10
668.103301
 20
947.180326
 42
0.021573
  0
VERTEX
  8
0
 10
667.988852
 20
942.000000
 42
0.001966
  0
VERTEX
  8
0
 10
668.160069
 20
935.147675
 42
0.025779
  0
VERTEX
  8
0
 10
668.364182
 20
932.616307
 42
0.105944
  0
VERTEX
  8
0
 10
668.747765
 20
931.542559
 42
0.347655
  0
VERTEX
  8
0
 10
669.409176
 20
931.303059
 42
0.288121
  0
VERTEX
  8
0
 10
669.811226
 20
931.792184
 42
0.008217
  0
VERTEX
  8
0
 10
670.123180
 20
934.603308
 42
0.013995
  0
VERTEX
  8
0
 10
670.354336
 20
938.095385
 42
0.008234
  0
VERTEX
  8
0
 10
670.444891
 20
942.278765
 42
-0.011673
  0
VERTEX
  8
0
 10
670.662664
 20
949.912298
 42
-0.091756
  0
VERTEX
  8
0
 10
671.484506
 20
953.346918
 42
-0.171382
  0
VERTEX
  8
0
 10
673.287062
 20
955.253610
 42
-0.067044
  0
VERTEX
  8
0
 10
676.750000
 20
956.479015
 42
0.000000
  0
VERTEX
  8
0
 10
680.000000
 20
957.158911
 42
0.000000
  0
VERTEX
  8
0
 10
680.000000
 20
943.145878
 42
0.000000
  0
VERTEX
  8
0
 10
680.000000
 20
929.132845
 42
0.000000
  0
VERTEX
  8
0
 10
677.327119
 20
928.816422
 42
0.067846
  0
VERTEX
  8
0
 10
675.241099
 20
928.276393
 42
0.211922
  0
VERTEX
  8
0
 10
674.260420
 20
927.253493
 42
0.393141
  0
VERTEX
  8
0
 10
674.643171
 20
926.354458
 42
0.105171
  0
VERTEX
  8
0
 10
676.309678
 20
926.000000
 42
-0.097666
  0
VERTEX
  8
0
 10
678.133398
 20
925.640338
 42
-0.200187
  0
VERTEX
  8
0
 10
679.146235
 20
924.629158
 42
-0.091013
  0
VERTEX
  8
0
 10
679.589074
 20
922.546805
 42
-0.011917
  0
VERTEX
  8
0
 10
679.608093
 20
918.000000
 42
-0.013265
  0
VERTEX
  8
0
 10
679.484119
 20
915.317300
 42
-0.051369
  0
VERTEX
  8
0
 10
679.193968
 20
913.679652
 42
-0.099798
  0
VERTEX
  8
0
 10
678.712167
 20
912.747246
 42
-0.204113
  0
VERTEX
  8
0
 10
678.000000
 20
912.365350
 42
-0.016865
  0
VERTEX
  8
0
 10
676.964907
 20
912.307531
 42
-0.000802
  0
VERTEX
  8
0
 10
673.489062
 20
912.236369
 42
-0.001316
  0
VERTEX
  8
0
 10
669.360348
 20
912.169337
 42
-0.000946
  0
VERTEX
  8
0
 10
664.750000
 20
912.115350
 42
0.000000
  0
VERTEX
  8
0
 10
653.000000
 20
912.000000
 42
0.000000
  0
VERTEX
  8
0
 10
653.000000
 20
902.116631
 42
-0.004478
  0
VERTEX
  8
0
 10
652.947040
 20
896.203784
 42
-0.043017
  0
VERTEX
  8
0
 10
652.686180
 20
893.701995
 42
-0.123086
  0
VERTEX
  8
0
 10
652.087188
 20
892.412345
 42
-0.160165
  0
VERTEX
  8
0
 10
651.000000
 20
891.710251
 42
0.220781
  0
VERTEX
  8
0
 10
649.863224
 20
890.771324
 42
0.084170
  0
VERTEX
  8
0
 10
649.285851
 20
888.747412
 42
0.025523
  0
VERTEX
  8
0
 10
649.043528
 20
884.639135
 42
0.001970
  0
VERTEX
  8
0
 10
649.000000
 20
873.593620
 42
0.001774
  0
VERTEX
  8
0
 10
649.040060
 20
862.303822
 42
0.027076
  0
VERTEX
  8
0
 10
649.278973
 20
858.407209
 42
0.108182
  0
VERTEX
  8
0
 10
649.882584
 20
856.650135
 42
0.261842
  0
VERTEX
  8
0
 10
651.038933
 20
856.000000
 42
-0.159547
  0
VERTEX
  8
0
 10
652.145402
 20
855.637709
 42
-0.187281
  0
VERTEX
  8
0
 10
652.735353
 20
854.712562
 42
-0.053369
  0
VERTEX
  8
0
 10
652.921399
 20
852.668317
 42
-0.004283
  0
VERTEX
  8
0
 10
652.788933
 20
847.250000
 42
0.000000
  0
VERTEX
  8
0
 10
652.500000
 20
838.500000
 42
0.000000
  0
VERTEX
  8
0
 10
624.589392
 20
838.210608
 42
-0.002511
  0
VERTEX
  8
0
 10
612.311157
 20
838.144958
 42
-0.006557
  0
VERTEX
  8
0
 10
603.485775
 20
838.257822
 42
-0.003235
  0
VERTEX
  8
0
 10
596.747933
 20
838.476006
 42
-0.188837
  0
VERTEX
  8
0
 10
595.639392
 20
838.960608
 42
0.176614
  0
VERTEX
  8
0
 10
593.876957
 20
839.781250
 42
0.021096
  0
VERTEX
  8
0
 10
589.509134
 20
839.973415
 42
0.021059
  0
VERTEX
  8
0
 10
585.140629
 20
839.797140
 42
0.177571
  0
VERTEX
  8
0
 10
583.382445
 20
838.982445
 42
-0.188113
  0
VERTEX
  8
0
 10
582.328682
 20
838.520032
 42
-0.003323
  0
VERTEX
  8
0
 10
576.016366
 20
838.299054
 42
-0.006851
  0
VERTEX
  8
0
 10
567.887279
 20
838.179990
 42
-0.002866
  0
VERTEX
  8
0
 10
556.932445
 20
838.232445
 42
0.000000
  0
VERTEX
  8
0
 10
531.500000
 20
838.500000
 42
0.000000
  0
VERTEX
  8
0
 10
531.237537
 20
949.496331
 42
-0.000406
  0
VERTEX
  8
0
 10
531.171309
 20
992.143062
 42
-0.000666
  0
VERTEX
  8
0
 10
531.192607
 20
1028.253454
 42
-0.000050
  0
VERTEX
  8
0
 10
531.258138
 20
1060.692187
 42
-0.091325
  0
VERTEX
  8
0
 10
531.453147
 20
1061.738498
 42
-0.305165
  0
VERTEX
  8
0
 10
532.462932
 20
1062.447284
 42
-0.001363
  0
VERTEX
  8
0
 10
546.215574
 20
1062.679846
 42
-0.003695
  0
VERTEX
  8
0
 10
566.134850
 20
1062.815135
 42
-0.000712
  0
VERTEX
  8
0
 10
602.215609
 20
1062.742167
 42
0.000000
  0
VERTEX
  8
0
 10
672.500000
 20
1062.500000
 42
0.000000
  0
SEQEND
  0
POLYLINE
  8
0
 66
1
 70
1
  0
VERTEX
  8
0
 10
687.500000
 20
1056.000000
 42
0.000000
  0
VERTEX
  8
0
 10
687.500000
 20
1049.500000
 42
0.000000
  0
VERTEX
  8
0
 10
681.000000
 20
1049.500000
 42
0.000000
  0
VERTEX
  8
0
 10
674.500000
 20
1049.500000
 42
0.000000
  0
VERTEX
  8
0
 10
674.355195
 20
1055.500000
 42
-0.006445
  0
VERTEX
  8
0
 10
674.328817
 20
1057.846884
 42
-0.009166
  0
VERTEX
  8
0
 10
674.370497
 20
1059.932346
 42
-0.005761
  0
VERTEX
  8
0
 10
674.457224
 20
1061.671111
 42
-0.120975
  0
VERTEX
  8
0
 10
674.610631
 20
1062.163304
 42
-0.232328
  0
VERTEX
  8
0
 10
675.010377
 20
1062.420274
 42
-0.009915
  0
VERTEX
  8
0
 10
676.727642
 20
1062.583792
 42
-0.015240
  0
VERTEX
  8
0
 10
678.833439
 20
1062.677831
 42
-0.010074
  0
VERTEX
  8
0
 10
681.255436
 20
1062.663304
 42
0.000000
  0
VERTEX
  8
0
 10
687.500000
 20
1062.500000
 42
0.000000
  0
SEQEND
  0
POLYLINE
  8
0
 66
1
 70
1
  0
VERTEX
  8
0
 10
848.768455
 20
991.750000
 42
-0.000787
  0
VERTEX
  8
0
 10
848.863779
 20
948.810525
 42
-0.007926
  0
VERTEX
  8
0
 10
848.591479
 20
930.903607
 42
-0.020068
  0
VERTEX
  8
0
 10
847.967401
 20
922.151603
 42
-0.712665
  0
VERTEX
  8
0
 10
846.596740
 20
921.843471
 42
0.297479
  0
VERTEX
  8
0
 10
845.083824
 20
922.553759
 42
0.005778
  0
VERTEX
  8
0
 10
836.172200
 20
921.198654
 42
0.013948
  0
VERTEX
  8
0
 10
827.207497
 20
919.471261
 42
0.025934
  0
VERTEX
  8
0
 10
820.074498
 20
917.496328
 42
0.029501
  0
VERTEX
  8
0
 10
812.610314
 20
914.506835
 42
0.028432
  0
VERTEX
  8
0
 10
805.453964
 20
910.627168
 42
0.027154
  0
VERTEX
  8
0
 10
798.486518
 20
905.778991
 42
0.022256
  0
VERTEX
  8
0
 10
791.587157
 20
899.888006
 42
0.038254
  0
VERTEX
  8
0
 10
781.008635
 20
888.374452
 42
0.048873
  0
VERTEX
  8
0
 10
773.250880
 20
876.243522
 42
0.050048
  0
VERTEX
  8
0
 10
768.126645
 20
863.082044
 42
0.043243
  0
VERTEX
  8
0
 10
765.400248
 20
848.500000
 42
-0.037733
  0
VERTEX
  8
0
 10
764.206677
 20
841.703166
 42
-0.241340
  0
VERTEX
  8
0
 10
761.964632
 20
839.161715
 42
-0.092558
  0
VERTEX
  8
0
 10
757.339389
 20
838.273648
 42
-0.003409
  0
VERTEX
  8
0
 10
739.443872
 20
838.304285
 42
0.000000
  0
VERTEX
  8
0
 10
716.500000
 20
838.500000
 42
0.000000
  0
VERTEX
  8
0
 10
716.184310
 20
847.250000
 42
-0.004205
  0
VERTEX
  8
0
 10
716.033485
 20
852.702863
 42
-0.054212
  0
VERTEX
  8
0
 10
716.214467
 20
854.729238
 42
-0.192042
  0
VERTEX
  8
0
 10
716.809017
 20
855.642963
 42
-0.154838
  0
VERTEX
  8
0
 10
717.934310
 20
856.000000
 42
0.260678
  0
VERTEX
  8
0
 10
719.109712
 20
856.657480
 42
0.109567
  0
VERTEX
  8
0
 10
719.721310
 20
858.428449
 42
0.026873
  0
VERTEX
  8
0
 10
719.960503
 20
862.375403
 42
0.001699
  0
VERTEX
  8
0
 10
720.000000
 20
874.000000
 42
0.001762
  0
VERTEX
  8
0
 10
719.959570
 20
885.471754
 42
0.025908
  0
VERTEX
  8
0
 10
719.722222
 20
889.500000
 42
0.100119
  0
VERTEX
  8
0
 10
719.134019
 20
891.334802
 42
0.271649
  0
VERTEX
  8
0
 10
718.000000
 20
892.000000
 42
-0.186423
  0
VERTEX
  8
0
 10
716.909748
 20
892.421133
 42
-0.160254
  0
VERTEX
  8
0
 10
716.300146
 20
893.496372
 42
-0.045652
  0
VERTEX
  8
0
 10
716.047304
 20
895.856705
 42
-0.003868
  0
VERTEX
  8
0
 10
716.000000
 20
901.970975
 42
0.000000
  0
VERTEX
  8
0
 10
716.000000
 20
911.941950
 42
0.000000
  0
VERTEX
  8
0
 10
702.750000
 20
912.220975
 42
0.000000
  0
VERTEX
  8
0
 10
689.500000
 20
912.500000
 42
0.000000
  0
VERTEX
  8
0
 10
689.207059
 20
919.129412
 42
0.000000
  0
VERTEX
  8
0
 10
688.914118
 20
925.758823
 42
0.000000
  0
VERTEX
  8
0
 10
694.207059
 20
926.350475
 42
-0.005931
  0
VERTEX
  8
0
 10
696.939904
 20
926.623178
 42
-0.001880
  0
VERTEX
  8
0
 10
701.022178
 20
926.966228
 42
-0.001876
  0
VERTEX
  8
0
 10
705.576301
 20
927.314496
 42
-0.002086
  0
VERTEX
  8
0
 10
709.974823
 20
927.615824
 42
0.004037
  0
VERTEX
  8
0
 10
716.894311
 20
928.116979
 42
0.165938
  0
VERTEX
  8
0
 10
718.254188
 20
928.706815
 42
0.610102
  0
VERTEX
  8
0
 10
718.076655
 20
929.366306
 42
0.008723
  0
VERTEX
  8
0
 10
713.000000
 20
930.367727
 42
0.005679
  0
VERTEX
  8
0
 10
711.408026
 20
930.634380
 42
0.079693
  0
VERTEX
  8
0
 10
710.829771
 20
930.631806
 42
0.700343
  0
VERTEX
  8
0
 10
710.800970
 20
930.478226
 42
0.030510
  0
VERTEX
  8
0
 10
711.500000
 20
930.120266
 42
-0.067861
  0
VERTEX
  8
0
 10
712.265813
 20
929.653082
 42
-0.524594
  0
VERTEX
  8
0
 10
712.238233
 20
929.303584
 42
-0.093169
  0
VERTEX
  8
0
 10
711.412029
 20
929.011337
 42
-0.006718
  0
VERTEX
  8
0
 10
709.000000
 20
928.669583
 42
-0.007756
  0
VERTEX
  8
0
 10
701.682426
 20
927.848023
 42
-0.015854
  0
VERTEX
  8
0
 10
695.918115
 20
927.475203
 42
-0.021513
  0
VERTEX
  8
0
 10
692.172835
 20
927.513172
 42
-0.710846
  0
VERTEX
  8
0
 10
692.000000
 20
928.110391
 42
0.013424
  0
VERTEX
  8
0
 10
692.752968
 20
928.675010
 42
0.489698
  0
VERTEX
  8
0
 10
692.751053
 20
928.862685
 42
0.212958
  0
VERTEX
  8
0
 10
692.464482
 20
928.929844
 42
0.006578
  0
VERTEX
  8
0
 10
691.250000
 20
928.680366
 42
-0.201783
  0
VERTEX
  8
0
 10
689.979128
 20
928.914861
 42
-0.208755
  0
VERTEX
  8
0
 10
689.281719
 20
929.982787
 42
-0.039780
  0
VERTEX
  8
0
 10
689.036460
 20
932.781810
 42
-0.001970
  0
VERTEX
  8
0
 10
689.000000
 20
942.034603
 42
-0.005067
  0
VERTEX
  8
0
 10
689.054119
 20
947.374453
 42
-0.008044
  0
VERTEX
  8
0
 10
689.220312
 20
951.943537
 42
-0.002963
  0
VERTEX
  8
0
 10
689.447488
 20
955.831032
 42
-0.248959
  0
VERTEX
  8
0
 10
689.750000
 20
956.321912
 42
-0.119982
  0
VERTEX
  8
0
 10
690.227654
 20
956.465325
 42
-0.017209
  0
VERTEX
  8
0
 10
691.255500
 20
956.484285
 42
-0.018722
  0
VERTEX
  8
0
 10
692.495039
 20
956.418019
 42
-0.015004
  0
VERTEX
  8
0
 10
693.821916
 20
956.256875
 42
-0.041533
  0
VERTEX
  8
0
 10
695.428084
 20
955.874224
 42
-0.076734
  0
VERTEX
  8
0
 10
696.621646
 20
955.267839
 42
-0.084022
  0
VERTEX
  8
0
 10
697.506544
 20
954.373182
 42
-0.059368
  0
VERTEX
  8
0
 10
698.177693
 20
953.125946
 42
-0.070751
  0
VERTEX
  8
0
 10
698.951115
 20
949.878458
 42
-0.015973
  0
VERTEX
  8
0
 10
699.295582
 20
944.200595
 42
-0.016720
  0
VERTEX
  8
0
 10
699.268088
 20
938.456242
 42
-0.056426
  0
VERTEX
  8
0
 10
698.704322
 20
934.750000
 42
0.023441
  0
VERTEX
  8
0
 10
698.411178
 20
933.419193
 42
0.100484
  0
VERTEX
  8
0
 10
698.435703
 20
932.611540
 42
0.198997
  0
VERTEX
  8
0
 10
698.753431
 20
932.169776
 42
0.139500
  0
VERTEX
  8
0
 10
699.350106
 20
932.000000
 42
0.388307
  0
VERTEX
  8
0
 10
701.673055
 20
934.124349
 42
0.031623
  0
VERTEX
  8
0
 10
701.906900
 20
943.106438
 42
0.031189
  0
VERTEX
  8
0
 10
700.990046
 20
952.285664
 42
0.266685
  0
VERTEX
  8
0
 10
698.480468
 20
955.369122
 42
-0.092918
  0
VERTEX
  8
0
 10
697.273624
 20
956.111887
 42
-0.301253
  0
VERTEX
  8
0
 10
697.053415
 20
956.979464
 42
-0.275159
  0
VERTEX
  8
0
 10
697.777549
 20
957.585847
 42
-0.086311
  0
VERTEX
  8
0
 10
699.250000
 20
957.568036
 42
0.026343
  0
VERTEX
  8
0
 10
700.537392
 20
957.397605
 42
0.005017
  0
VERTEX
  8
0
 10
702.895312
 20
957.234858
 42
0.005340
  0
VERTEX
  8
0
 10
705.655055
 20
957.101740
 42
0.004886
  0
VERTEX
  8
0
 10
708.500000
 20
957.022782
 42
0.000000
  0
VERTEX
  8
0
 10
715.500000
 20
956.896944
 42
0.000000
  0
VERTEX
  8
0
 10
711.750000
 20
955.341518
 42
0.000000
  0
VERTEX
  8
0
 10
708.000000
 20
953.786092
 42
0.000000
  0
VERTEX
  8
0
 10
708.209290
 20
943.643046
 42
0.000000
  0
VERTEX
  8
0
 10
708.418580
 20
933.500000
 42
0.000000
  0
VERTEX
  8
0
 10
708.745310
 20
943.234094
 42
-0.011770
  0
VERTEX
  8
0
 10
709.145345
 20
950.233274
 42
-0.120914
  0
VERTEX
  8
0
 10
710.053627
 20
952.962296
 42
-0.170158
  0
VERTEX
  8
0
 10
712.021245
 20
954.526787
 42
-0.029089
  0
VERTEX
  8
0
 10
716.690269
 20
955.851749
 42
0.000000
  0
VERTEX
  8
0
 10
720.500000
 20
956.697065
 42
0.000000
  0
VERTEX
  8
0
 10
716.000000
 20
957.314725
 42
0.009236
  0
VERTEX
  8
0
 10
713.565925
 20
957.603127
 42
0.002323
  0
VERTEX
  8
0
 10
709.590625
 20
957.981192
 42
0.002371
  0
VERTEX
  8
0
 10
705.041406
 20
958.370782
 42
0.002389
  0
VERTEX
  8
0
 10
700.500000
 20
958.716193
 42
0.000000
  0
VERTEX
  8
0
 10
689.500000
 20
959.500000
 42
0.000000
  0
VERTEX
  8
0
 10
689.324443
 20
974.862207
 42
-0.003385
  0
VERTEX
  8
0
 10
689.276330
 20
985.193708
 42
-0.027625
  0
VERTEX
  8
0
 10
689.546890
 20
989.906250
 42
-0.077362
  0
VERTEX
  8
0
 10
690.182719
 20
992.230746
 42
-0.328249
  0
VERTEX
  8
0
 10
691.363784
 20
992.899225
 42
0.029666
  0
VERTEX
  8
0
 10
692.270998
 20
992.844745
 42
0.000071
  0
VERTEX
  8
0
 10
705.458424
 20
992.837845
 42
0.000462
  0
VERTEX
  8
0
 10
720.320997
 20
992.845912
 42
0.000288
  0
VERTEX
  8
0
 10
737.750000
 20
992.881517
 42
0.000882
  0
VERTEX
  8
0
 10
763.545280
 20
992.994542
 42
0.007402
  0
VERTEX
  8
0
 10
775.188586
 20
993.238488
 42
0.007638
  0
VERTEX
  8
0
 10
782.152299
 20
993.594144
 42
0.394924
  0
VERTEX
  8
0
 10
783.000000
 20
994.500000
 42
0.394924
  0
VERTEX
  8
0
 10
782.152299
 20
995.405856
 42
0.007638
  0
VERTEX
  8
0
 10
775.188586
 20
995.761512
 42
0.007402
  0
VERTEX
  8
0
 10
763.545280
 20
996.005458
 42
0.000882
  0
VERTEX
  8
0
 10
737.750000
 20
996.118483
 42
0.000342
  0
VERTEX
  8
0
 10
720.313153
 20
996.152200
 42
0.000548
  0
VERTEX
  8
0
 10
705.425000
 20
996.154480
 42
0.000092
  0
VERTEX
  8
0
 10
692.244951
 20
996.139630
 42
0.031966
  0
VERTEX
  8
0
 10
691.250000
 20
996.074646
 42
-0.022374
  0
VERTEX
  8
0
 10
690.766477
 20
996.033743
 42
-0.034896
  0
VERTEX
  8
0
 10
690.348853
 20
996.046322
 42
-0.038405
  0
VERTEX
  8
0
 10
690.037313
 20
996.101936
 42
-0.284328
  0
VERTEX
  8
0
 10
689.937585
 20
996.206163
 42
-0.022477
  0
VERTEX
  8
0
 10
689.900585
 20
996.429257
 42
-0.000301
  0
VERTEX
  8
0
 10
689.735017
 20
997.816253
 42
-0.000858
  0
VERTEX
  8
0
 10
689.546928
 20
999.423556
 42
-0.000564
  0
VERTEX
  8
0
 10
689.335638
 20
1001.274698
 42
-0.039757
  0
VERTEX
  8
0
 10
689.218119
 20
1004.829276
 42
-0.115555
  0
VERTEX
  8
0
 10
689.884870
 20
1007.178800
 42
-0.163078
  0
VERTEX
  8
0
 10
691.349358
 20
1008.518388
 42
-0.104775
  0
VERTEX
  8
0
 10
693.622445
 20
1009.000000
 42
0.051079
  0
VERTEX
  8
0
 10
694.808014
 20
1009.121433
 42
0.152761
  0
VERTEX
  8
0
 10
695.512244
 20
1009.512875
 42
0.145926
  0
VERTEX
  8
0
 10
695.886681
 20
1010.249104
 42
0.045203
  0
VERTEX
  8
0
 10
696.000000
 20
1011.500000
 42
-0.044917
  0
VERTEX
  8
0
 10
696.106468
 20
1012.682766
 42
-0.124434
  0
VERTEX
  8
0
 10
696.450000
 20
1013.437500
 42
-0.149477
  0
VERTEX
  8
0
 10
697.064742
 20
1013.857434
 42
-0.075780
  0
VERTEX
  8
0
 10
698.000000
 20
1014.000000
 42
0.043961
  0
VERTEX
  8
0
 10
698.765613
 20
1014.067444
 42
0.063754
  0
VERTEX
  8
0
 10
699.412500
 20
1014.269725
 42
0.083526
  0
VERTEX
  8
0
 10
699.850156
 20
1014.567260
 42
0.204550
  0
VERTEX
  8
0
 10
700.000000
 20
1014.918213
 42
-0.044250
  0
VERTEX
  8
0
 10
700.040803
 20
1015.378353
 42
-0.015326
  0
VERTEX
  8
0
 10
700.178303
 20
1016.031350
 42
-0.015089
  0
VERTEX
  8
0
 10
700.374624
 20
1016.745256
 42
-0.016969
  0
VERTEX
  8
0
 10
700.606989
 20
1017.418213
 42
0.076984
  0
VERTEX
  8
0
 10
700.764417
 20
1018.147008
 42
0.207384
  0
VERTEX
  8
0
 10
700.586586
 20
1018.634337
 42
0.160830
  0
VERTEX
  8
0
 10
700.060895
 20
1018.916765
 42
0.043546
  0
VERTEX
  8
0
 10
699.106989
 20
1019.000000
 42
0.067973
  0
VERTEX
  8
0
 10
698.229928
 20
1018.880214
 42
0.099181
  0
VERTEX
  8
0
 10
697.536322
 20
1018.528594
 42
0.110056
  0
VERTEX
  8
0
 10
697.079888
 20
1017.969513
 42
0.100143
  0
VERTEX
  8
0
 10
696.883999
 20
1017.250000
 42
-0.002113
  0
VERTEX
  8
0
 10
696.801199
 20
1016.076061
 42
-0.392517
  0
VERTEX
  8
0
 10
696.719237
 20
1016.000000
 42
-0.339035
  0
VERTEX
  8
0
 10
696.622879
 20
1016.073823
 42
-0.001923
  0
VERTEX
  8
0
 10
696.310674
 20
1017.250000
 42
0.067003
  0
VERTEX
  8
0
 10
696.036150
 20
1017.918961
 42
0.068502
  0
VERTEX
  8
0
 10
695.596105
 20
1018.485937
 42
0.075258
  0
VERTEX
  8
0
 10
695.064065
 20
1018.868794
 42
0.118938
  0
VERTEX
  8
0
 10
694.520295
 20
1019.000000
 42
-0.138053
  0
VERTEX
  8
0
 10
693.996724
 20
1019.147370
 42
-0.166683
  0
VERTEX
  8
0
 10
693.672611
 20
1019.538701
 42
-0.110849
  0
VERTEX
  8
0
 10
693.580534
 20
1020.189292
 42
-0.043922
  0
VERTEX
  8
0
 10
693.732357
 20
1021.084535
 42
-0.021889
  0
VERTEX
  8
0
 10
694.041000
 20
1022.083886
 42
-0.185328
  0
VERTEX
  8
0
 10
694.342121
 20
1022.434346
 42
-0.331312
  0
VERTEX
  8
0
 10
694.683040
 20
1022.384430
 42
-0.055202
  0
VERTEX
  8
0
 10
695.123425
 20
1021.834535
 42
0.020043
  0
VERTEX
  8
0
 10
695.564454
 20
1021.196816
 42
0.340783
  0
VERTEX
  8
0
 10
695.795274
 20
1021.133236
 42
0.284393
  0
VERTEX
  8
0
 10
695.949560
 20
1021.345491
 42
0.016330
  0
VERTEX
  8
0
 10
695.984687
 20
1022.186642
 42
0.131917
  0
VERTEX
  8
0
 10
695.784425
 20
1022.960466
 42
0.126029
  0
VERTEX
  8
0
 10
695.221122
 20
1023.545713
 42
0.083303
  0
VERTEX
  8
0
 10
694.232143
 20
1023.949399
 42
0.031310
  0
VERTEX
  8
0
 10
692.750000
 20
1024.186642
 42
0.000000
  0
VERTEX
  8
0
 10
689.500000
 20
1024.500000
 42
0.000000
  0
VERTEX
  8
0
 10
689.312111
 20
1042.945990
 42
-0.002537
  0
VERTEX
  8
0
 10
689.275677
 20
1050.073928
 42
-0.003968
  0
VERTEX
  8
0
 10
689.324127
 20
1056.207620
 42
-0.001172
  0
VERTEX
  8
0
 10
689.420808
 20
1061.524957
 42
-0.134057
  0
VERTEX
  8
0
 10
689.616860
 20
1062.189084
 42
-0.257956
  0
VERTEX
  8
0
 10
690.196708
 20
1062.515194
 42
-0.000115
  0
VERTEX
  8
0
 10
713.228390
 20
1062.680629
 42
-0.001561
  0
VERTEX
  8
0
 10
738.903669
 20
1062.778978
 42
-0.000945
  0
VERTEX
  8
0
 10
769.304749
 20
1062.743094
 42
0.000000
  0
VERTEX
  8
0
 10
848.500000
 20
1062.500000
 42
0.000000
  0
SEQEND
  0
POLYLINE
  8
0
 66
1
 70
1
  0
VERTEX
  8
0
 10
856.500000
 20
992.000000
 42
0.000000
  0
VERTEX
  8
0
 10
856.500000
 20
921.500000
 42
0.000000
  0
VERTEX
  8
0
 10
853.500000
 20
921.500000
 42
0.000000
  0
VERTEX
  8
0
 10
850.500000
 20
921.500000
 42
0.000000
  0
VERTEX
  8
0
 10
850.258154
 20
991.358685
 42
-0.000790
  0
VERTEX
  8
0
 10
850.207632
 20
1018.210878
 42
-0.001291
  0
VERTEX
  8
0
 10
850.259571
 20
1040.975040
 42
-0.000127
  0
VERTEX
  8
0
 10
850.363788
 20
1061.333885
 42
-0.137915
  0
VERTEX
  8
0
 10
850.602591
 20
1062.165995
 42
-0.159039
  0
VERTEX
  8
0
 10
851.009660
 20
1062.510110
 42
-0.047799
  0
VERTEX
  8
0
 10
851.796724
 20
1062.745689
 42
-0.042564
  0
VERTEX
  8
0
 10
852.784904
 20
1062.855054
 42
-0.035104
  0
VERTEX
  8
0
 10
853.844436
 20
1062.807310
 42
0.000000
  0
VERTEX
  8
0
 10
856.500000
 20
1062.500000
 42
0.000000
  0
SEQEND
  0
POLYLINE
  8
0
 66
1
 70
1
  0
VERTEX
  8
0
 10
1105.000000
 20
1056.000000
 42
0.000000
  0
VERTEX
  8
0
 10
1105.000000
 20
1049.000000
 42
0.000000
  0
VERTEX
  8
0
 10
1098.000000
 20
1049.000000
 42
0.000000
  0
VERTEX
  8
0
 10
1091.000000
 20
1049.000000
 42
0.000000
  0
VERTEX
  8
0
 10
1091.000000
 20
1056.000000
 42
0.000000
  0
VERTEX
  8
0
 10
1091.000000
 20
1063.000000
 42
0.000000
  0
VERTEX
  8
0
 10
1098.000000
 20
1063.000000
 42
0.000000
  0
VERTEX
  8
0
 10
1105.000000
 20
1063.000000
 42
0.000000
  0
SEQEND
  0
POLYLINE
  8
0
 66
1
 70
1
  0
VERTEX
  8
0
 10
71.444444
 20
1051.946943
 42
-0.050192
  0
VERTEX
  8
0
 10
71.324922
 20
1050.759295
 42
-0.150054
  0
VERTEX
  8
0
 10
70.938898
 20
1050.050129
 42
-0.147101
  0
VERTEX
  8
0
 10
70.215781
 20
1049.671533
 42
-0.047589
  0
VERTEX
  8
0
 10
69.000000
 20
1049.555556
 42
-0.044749
  0
VERTEX
  8
0
 10
67.796114
 20
1049.663518
 42
-0.146570
  0
VERTEX
  8
0
 10
67.091351
 20
1050.021465
 42
-0.160007
  0
VERTEX
  8
0
 10
66.735127
 20
1050.685381
 42
-0.056332
  0
VERTEX
  8
0
 10
66.666667
 20
1051.777778
 42
-0.009536
  0
VERTEX
  8
0
 10
66.803696
 20
1053.759713
 42
-0.167890
  0
VERTEX
  8
0
 10
67.062707
 20
1054.338503
 42
-0.209706
  0
VERTEX
  8
0
 10
67.602745
 20
1054.569327
 42
-0.016011
  0
VERTEX
  8
0
 10
69.222222
 20
1054.502046
 42
-0.062693
  0
VERTEX
  8
0
 10
70.265979
 20
1054.291811
 42
-0.133530
  0
VERTEX
  8
0
 10
70.945014
 20
1053.837676
 42
-0.126394
  0
VERTEX
  8
0
 10
71.323039
 20
1053.083002
 42
-0.053281
  0
SEQEND
  0
POLYLINE
  8
0
 66
1
 70
1
  0
VERTEX
  8
0
 10
109.444936
 20
1052.000000
 42
0.000000
  0
VERTEX
  8
0
 10
109.444444
 20
1049.500000
 42
0.000000
  0
VERTEX
  8
0
 10
91.500000
 20
1049.500000
 42
0.000000
  0
VERTEX
  8
0
 10
73.555556
 20
1049.500000
 42
0.000000
  0
VERTEX
  8
0
 10
73.666667
 20
1051.750000
 42
-0.003586
  0
VERTEX
  8
0
 10
73.717341
 20
1052.645693
 42
-0.004486
  0
VERTEX
  8
0
 10
73.777778
 20
1053.475989
 42
-0.003640
  0
VERTEX
  8
0
 10
73.839762
 20
1054.171279
 42
-0.034465
  0
VERTEX
  8
0
 10
73.888889
 20
1054.466134
 42
-0.342533
  0
VERTEX
  8
0
 10
74.122877
 20
1054.654109
 42
-0.000687
  0
VERTEX
  8
0
 10
79.173408
 20
1054.731852
 42
-0.004082
  0
VERTEX
  8
0
 10
84.919366
 20
1054.765482
 42
-0.002471
  0
VERTEX
  8
0
 10
91.722714
 20
1054.716134
 42
0.000000
  0
VERTEX
  8
0
 10
109.445428
 20
1054.500000
 42
0.000000
  0
SEQEND
  0
POLYLINE
  8
0
 66
1
 70
1
  0
VERTEX
  8
0
 10
522.500000
 20
946.525787
 42
0.000000
  0
VERTEX
  8
0
 10
522.500000
 20
841.551574
 42
0.000000
  0
VERTEX
  8
0
 10
501.500000
 20
841.871317
 42
-0.003258
  0
VERTEX
  8
0
 10
491.915848
 20
842.079724
 42
-0.009867
  0
VERTEX
  8
0
 10
485.397501
 20
842.392788
 42
-0.006812
  0
VERTEX
  8
0
 10
480.694975
 20
842.776174
 42
-0.231266
  0
VERTEX
  8
0
 10
479.765313
 20
843.345530
 42
-0.142445
  0
VERTEX
  8
0
 10
479.099088
 20
845.630043
 42
-0.000040
  0
VERTEX
  8
0
 10
479.028738
 20
947.518168
 42
-0.000030
  0
VERTEX
  8
0
 10
478.972443
 20
1049.696436
 42
-0.199040
  0
VERTEX
  8
0
 10
479.638225
 20
1051.304891
 42
-0.192735
  0
VERTEX
  8
0
 10
480.235100
 20
1051.560487
 42
-0.001161
  0
VERTEX
  8
0
 10
486.290555
 20
1051.690555
 42
-0.004555
  0
VERTEX
  8
0
 10
493.249155
 20
1051.760457
 42
-0.002857
  0
VERTEX
  8
0
 10
501.388225
 20
1051.721558
 42
0.000000
  0
VERTEX
  8
0
 10
522.500000
 20
1051.500000
 42
0.000000
  0
SEQEND
  0
POLYLINE
  8
0
 66
1
 70
1
  0
VERTEX
  8
0
 10
71.711407
 20
936.917091
 42
0.000000
  0
VERTEX
  8
0
 10
71.922814
 20
826.500000
 42
0.000000
  0
VERTEX
  8
0
 10
69.466530
 20
822.500000
 42
0.000000
  0
VERTEX
  8
0
 10
67.010247
 20
818.500000
 42
0.000000
  0
VERTEX
  8
0
 10
66.986211
 20
866.500000
 42
0.000870
  0
VERTEX
  8
0
 10
66.934632
 20
889.523977
 42
0.000394
  0
VERTEX
  8
0
 10
66.790856
 20
919.682149
 42
0.000390
  0
VERTEX
  8
0
 10
66.589287
 20
951.500949
 42
0.000534
  0
VERTEX
  8
0
 10
66.354926
 20
980.141359
 42
-0.000845
  0
VERTEX
  8
0
 10
66.164136
 20
1005.376164
 42
-0.001380
  0
VERTEX
  8
0
 10
66.097554
 20
1026.778057
 42
-0.000144
  0
VERTEX
  8
0
 10
66.096330
 20
1045.899883
 42
-0.139227
  0
VERTEX
  8
0
 10
66.331499
 20
1046.727359
 42
-0.139513
  0
VERTEX
  8
0
 10
66.716091
 20
1047.078516
 42
-0.049868
  0
VERTEX
  8
0
 10
67.417197
 20
1047.344895
 42
-0.044704
  0
VERTEX
  8
0
 10
68.287397
 20
1047.497941
 42
-0.039595
  0
VERTEX
  8
0
 10
69.207660
 20
1047.503091
 42
0.000000
  0
VERTEX
  8
0
 10
71.500000
 20
1047.334182
 42
0.000000
  0
SEQEND
  0
POLYLINE
  8
0
 66
1
 70
1
  0
VERTEX
  8
0
 10
109.158228
 20
957.500000
 42
0.000000
  0
VERTEX
  8
0
 10
108.816456
 20
867.500000
 42
0.000000
  0
VERTEX
  8
0
 10
106.658228
 20
865.745958
 42
-0.001174
  0
VERTEX
  8
0
 10
105.591446
 20
864.883113
 42
-0.000463
  0
VERTEX
  8
0
 10
104.119535
 20
863.700541
 42
-0.000459
  0
VERTEX
  8
0
 10
102.526849
 20
862.425761
 42
-0.000574
  0
VERTEX
  8
0
 10
101.046572
 20
861.245958
 42
0.008389
  0
VERTEX
  8
0
 10
99.613028
 20
860.066299
 42
0.007453
  0
VERTEX
  8
0
 10
98.161438
 20
858.792563
 42
0.007502
  0
VERTEX
  8
0
 10
96.889601
 20
857.607390
 42
0.022719
  0
VERTEX
  8
0
 10
96.074332
 20
856.750000
 42
-0.043572
  0
VERTEX
  8
0
 10
95.380344
 20
856.078520
 42
-0.038590
  0
VERTEX
  8
0
 10
94.552890
 20
855.506718
 42
-0.040606
  0
VERTEX
  8
0
 10
93.722076
 20
855.109094
 42
-0.087433
  0
VERTEX
  8
0
 10
93.027759
 20
854.974996
 42
0.165650
  0
VERTEX
  8
0
 10
91.435562
 20
854.403374
 42
0.009931
  0
VERTEX
  8
0
 10
87.459507
 20
851.102617
 42
0.008776
  0
VERTEX
  8
0
 10
83.573930
 20
847.623425
 42
0.208696
  0
VERTEX
  8
0
 10
83.000000
 20
846.308271
 42
-0.137193
  0
VERTEX
  8
0
 10
82.891639
 20
845.920784
 42
-0.007483
  0
VERTEX
  8
0
 10
82.212329
 20
844.838067
 42
-0.011179
  0
VERTEX
  8
0
 10
81.345820
 20
843.565095
 42
-0.007898
  0
VERTEX
  8
0
 10
80.318567
 20
842.173242
 42
0.011613
  0
VERTEX
  8
0
 10
79.373413
 20
840.872514
 42
0.035336
  0
VERTEX
  8
0
 10
78.817155
 20
839.932878
 42
0.176728
  0
VERTEX
  8
0
 10
78.774985
 20
839.564656
 42
0.510659
  0
VERTEX
  8
0
 10
78.972792
 20
839.483185
 42
-0.770829
  0
VERTEX
  8
0
 10
79.225451
 20
839.243130
 42
-0.009400
  0
VERTEX
  8
0
 10
77.442992
 20
836.138820
 42
-0.012123
  0
VERTEX
  8
0
 10
75.270688
 20
832.706575
 42
-0.023240
  0
VERTEX
  8
0
 10
73.337947
 20
830.083333
 42
-0.705252
  0
VERTEX
  8
0
 10
73.198820
 20
830.132414
 42
-0.000015
  0
VERTEX
  8
0
 10
73.099272
 20
861.863397
 42
-0.000487
  0
VERTEX
  8
0
 10
73.024272
 20
897.015544
 42
-0.000290
  0
VERTEX
  8
0
 10
73.000000
 20
938.855892
 42
0.000000
  0
VERTEX
  8
0
 10
73.000000
 20
1048.045117
 42
0.000000
  0
VERTEX
  8
0
 10
91.250000
 20
1047.772559
 42
0.000000
  0
VERTEX
  8
0
 10
109.500000
 20
1047.500000
 42
0.000000
  0
SEQEND
  0
POLYLINE
  8
0
 66
1
 70
1
  0
VERTEX
  8
0
 10
124.166405
 20
964.000000
 42
-0.000478
  0
VERTEX
  8
0
 10
124.007324
 20
931.873077
 42
-0.000775
  0
VERTEX
  8
0
 10
123.803617
 20
904.561095
 42
-0.000094
  0
VERTEX
  8
0
 10
123.579667
 20
880.208456
 42
-0.064213
  0
VERTEX
  8
0
 10
123.399835
 20
878.910112
 42
-0.100942
  0
VERTEX
  8
0
 10
123.043947
 20
878.204414
 42
-0.038041
  0
VERTEX
  8
0
 10
122.291101
 20
877.387054
 42
-0.035765
  0
VERTEX
  8
0
 10
121.311362
 20
876.596533
 42
-0.036275
  0
VERTEX
  8
0
 10
120.233430
 20
875.957844
 42
0.024760
  0
VERTEX
  8
0
 10
118.989396
 20
875.258897
 42
0.012602
  0
VERTEX
  8
0
 10
117.495132
 20
874.265747
 42
0.012488
  0
VERTEX
  8
0
 10
116.002162
 20
873.161623
 42
0.018260
  0
VERTEX
  8
0
 10
114.750000
 20
872.110641
 42
0.000000
  0
VERTEX
  8
0
 10
112.000000
 20
869.625818
 42
0.000000
  0
VERTEX
  8
0
 10
111.973610
 20
911.562909
 42
0.001021
  0
VERTEX
  8
0
 10
111.921827
 20
930.942416
 42
0.000556
  0
VERTEX
  8
0
 10
111.783154
 20
954.742065
 42
0.000554
  0
VERTEX
  8
0
 10
111.588428
 20
978.942973
 42
0.000879
  0
VERTEX
  8
0
 10
111.362306
 20
999.665398
 42
-0.001276
  0
VERTEX
  8
0
 10
111.182502
 20
1017.435880
 42
-0.002060
  0
VERTEX
  8
0
 10
111.130378
 20
1032.562845
 42
-0.000319
  0
VERTEX
  8
0
 10
111.147961
 20
1045.965347
 42
-0.138787
  0
VERTEX
  8
0
 10
111.394132
 20
1046.828702
 42
-0.208544
  0
VERTEX
  8
0
 10
111.947348
 20
1047.212093
 42
-0.018449
  0
VERTEX
  8
0
 10
113.664045
 20
1047.485503
 42
-0.021668
  0
VERTEX
  8
0
 10
115.818343
 20
1047.653263
 42
-0.015134
  0
VERTEX
  8
0
 10
118.255436
 20
1047.663304
 42
0.000000
  0
VERTEX
  8
0
 10
124.500000
 20
1047.500000
 42
0.000000
  0
SEQEND
  0
POLYLINE
  8
0
 66
1
 70
1
  0
VERTEX
  8
0
 10
687.500000
 20
943.000000
 42
0.000000
  0
VERTEX
  8
0
 10
687.500000
 20
838.500000
 42
0.000000
  0
VERTEX
  8
0
 10
684.500000
 20
838.500000
 42
0.000000
  0
VERTEX
  8
0
 10
681.500000
 20
838.500000
 42
0.000000
  0
VERTEX
  8
0
 10
681.281454
 20
942.396385
 42
-0.000509
  0
VERTEX
  8
0
 10
681.238159
 20
982.297722
 42
-0.000838
  0
VERTEX
  8
0
 10
681.292482
 20
1016.040791
 42
-0.000054
  0
VERTEX
  8
0
 10
681.395512
 20
1046.398099
 42
-0.138392
  0
VERTEX
  8
0
 10
681.625890
 20
1047.203695
 42
-0.163001
  0
VERTEX
  8
0
 10
682.022470
 20
1047.533723
 42
-0.046411
  0
VERTEX
  8
0
 10
682.803568
 20
1047.756763
 42
-0.041460
  0
VERTEX
  8
0
 10
683.786589
 20
1047.857894
 42
-0.033727
  0
VERTEX
  8
0
 10
684.844436
 20
1047.807310
 42
0.000000
  0
VERTEX
  8
0
 10
687.500000
 20
1047.500000
 42
0.000000
  0
SEQEND
  0
POLYLINE
  8
0
 66
1
 70
1
  0
VERTEX
  8
0
 10
1105.000000
 20
984.500000
 42
0.000000
  0
VERTEX
  8
0
 10
1105.000000
 20
921.000000
 42
0.000000
  0
VERTEX
  8
0
 10
1101.500000
 20
921.000000
 42
0.000000
  0
VERTEX
  8
0
 10
1098.000000
 20
921.000000
 42
0.000000
  0
VERTEX
  8
0
 10
1098.000000
 20
984.500000
 42
0.000000
  0
VERTEX
  8
0
 10
1098.000000
 20
1048.000000
 42
0.000000
  0
VERTEX
  8
0
 10
1101.500000
 20
1048.000000
 42
0.000000
  0
VERTEX
  8
0
 10
1105.000000
 20
1048.000000
 42
0.000000
  0
SEQEND
  0
POLYLINE
  8
0
 66
1
 70
1
  0
VERTEX
  8
0
 10
674.000000
 20
1016.500000
 42
-0.064853
  0
VERTEX
  8
0
 10
673.925306
 20
1015.926543
 42
-0.082425
  0
VERTEX
  8
0
 10
673.706250
 20
1015.440625
 42
-0.098894
  0
VERTEX
  8
0
 10
673.381354
 20
1015.115568
 42
-0.148195
  0
VERTEX
  8
0
 10
673.000000
 20
1015.000000
 42
-0.148195
  0
VERTEX
  8
0
 10
672.618646
 20
1015.115568
 42
-0.098894
  0
VERTEX
  8
0
 10
672.293750
 20
1015.440625
 42
-0.082425
  0
VERTEX
  8
0
 10
672.074694
 20
1015.926543
 42
-0.064853
  0
VERTEX
  8
0
 10
672.000000
 20
1016.500000
 42
-0.064853
  0
VERTEX
  8
0
 10
672.074694
 20
1017.073457
 42
-0.082425
  0
VERTEX
  8
0
 10
672.293750
 20
1017.559375
 42
-0.098894
  0
VERTEX
  8
0
 10
672.618646
 20
1017.884432
 42
-0.148195
  0
VERTEX
  8
0
 10
673.000000
 20
1018.000000
 42
-0.148195
  0
VERTEX
  8
0
 10
673.381354
 20
1017.884432
 42
-0.098894
  0
VERTEX
  8
0
 10
673.706250
 20
1017.559375
 42
-0.082425
  0
VERTEX
  8
0
 10
673.925306
 20
1017.073457
 42
-0.064853
  0
SEQEND
  0
POLYLINE
  8
0
 66
1
 70
1
  0
VERTEX
  8
0
 10
694.612563
 20
1010.279230
 42
-0.220912
  0
VERTEX
  8
0
 10
694.281077
 20
1010.158018
 42
-0.064846
  0
VERTEX
  8
0
 10
693.737872
 20
1010.275955
 42
-0.051666
  0
VERTEX
  8
0
 10
693.089259
 20
1010.586512
 42
-0.035750
  0
VERTEX
  8
0
 10
692.427216
 20
1011.060405
 42
-0.017256
  0
VERTEX
  8
0
 10
691.500372
 20
1011.885246
 42
-0.234451
  0
VERTEX
  8
0
 10
691.350292
 20
1012.298347
 42
-0.263426
  0
VERTEX
  8
0
 10
691.595573
 20
1012.636700
 42
-0.021235
  0
VERTEX
  8
0
 10
692.653050
 20
1013.066356
 42
-0.161625
  0
VERTEX
  8
0
 10
693.841451
 20
1013.093678
 42
-0.166650
  0
VERTEX
  8
0
 10
694.792823
 20
1012.403284
 42
-0.175964
  0
VERTEX
  8
0
 10
695.089682
 20
1011.306863
 42
-0.177182
  0
SEQEND
  0
POLYLINE
  8
0
 66
1
 70
1
  0
VERTEX
  8
0
 10
689.662281
 20
1008.750000
 42
-0.174857
  0
VERTEX
  8
0
 10
689.474999
 20
1008.540618
 42
-0.447206
  0
VERTEX
  8
0
 10
689.306058
 20
1008.601562
 42
-0.078554
  0
VERTEX
  8
0
 10
689.189089
 20
1009.108560
 42
-0.017491
  0
VERTEX
  8
0
 10
689.157895
 20
1010.000000
 42
-0.017491
  0
VERTEX
  8
0
 10
689.189089
 20
1010.891440
 42
-0.078554
  0
VERTEX
  8
0
 10
689.306058
 20
1011.398438
 42
-0.447206
  0
VERTEX
  8
0
 10
689.474999
 20
1011.459382
 42
-0.174857
  0
VERTEX
  8
0
 10
689.662281
 20
1011.250000
 42
-0.057986
  0
VERTEX
  8
0
 10
689.818615
 20
1010.679992
 42
-0.037979
  0
VERTEX
  8
0
 10
689.870340
 20
1010.000000
 42
-0.037979
  0
VERTEX
  8
0
 10
689.818615
 20
1009.320008
 42
-0.057986
  0
SEQEND
  0
POLYLINE
  8
0
 66
1
 70
1
  0
VERTEX
  8
0
 10
161.500000
 20
970.000000
 42
-0.294379
  0
VERTEX
  8
0
 10
160.999181
 20
969.223078
 42
-0.067710
  0
VERTEX
  8
0
 10
159.431779
 20
968.754635
 42
-0.029766
  0
VERTEX
  8
0
 10
156.489987
 20
968.472282
 42
-0.004875
  0
VERTEX
  8
0
 10
150.769566
 20
968.321109
 42
0.004959
  0
VERTEX
  8
0
 10
146.589088
 20
968.209935
 42
0.007251
  0
VERTEX
  8
0
 10
142.911997
 20
968.022213
 42
0.003898
  0
VERTEX
  8
0
 10
139.820573
 20
967.795184
 42
0.118670
  0
VERTEX
  8
0
 10
139.088664
 20
967.554797
 42
-0.187685
  0
VERTEX
  8
0
 10
138.201460
 20
967.391041
 42
-0.262288
  0
VERTEX
  8
0
 10
137.598528
 20
967.900485
 42
-0.183908
  0
VERTEX
  8
0
 10
137.605908
 20
968.880817
 42
-0.130147
  0
VERTEX
  8
0
 10
138.261010
 20
969.779085
 42
-0.087029
  0
VERTEX
  8
0
 10
140.134438
 20
970.822625
 42
-0.050794
  0
VERTEX
  8
0
 10
142.642813
 20
971.418145
 42
-0.030063
  0
VERTEX
  8
0
 10
146.364811
 20
971.684678
 42
-0.007394
  0
VERTEX
  8
0
 10
152.500000
 20
971.663774
 42
-0.006176
  0
VERTEX
  8
0
 10
157.222597
 20
971.519466
 42
-0.034989
  0
VERTEX
  8
0
 10
159.722704
 20
971.236126
 42
-0.080518
  0
VERTEX
  8
0
 10
161.050627
 20
970.761171
 42
-0.273160
  0
SEQEND
  0
POLYLINE
  8
0
 66
1
 70
1
  0
VERTEX
  8
0
 10
177.484841
 20
963.000000
 42
-0.001131
  0
VERTEX
  8
0
 10
177.351905
 20
930.135801
 42
-0.006863
  0
VERTEX
  8
0
 10
177.010948
 20
913.117361
 42
-0.006369
  0
VERTEX
  8
0
 10
176.518544
 20
902.534363
 42
-0.614582
  0
VERTEX
  8
0
 10
175.426912
 20
902.060658
 42
-0.076933
  0
VERTEX
  8
0
 10
174.015096
 20
903.655791
 42
-0.013880
  0
VERTEX
  8
0
 10
171.961006
 20
907.057889
 42
-0.014220
  0
VERTEX
  8
0
 10
170.098806
 20
910.574580
 42
-0.070979
  0
VERTEX
  8
0
 10
169.405084
 20
912.690349
 42
0.019311
  0
VERTEX
  8
0
 10
169.261580
 20
913.351509
 42
0.003986
  0
VERTEX
  8
0
 10
168.954795
 20
914.503242
 42
0.004185
  0
VERTEX
  8
0
 10
168.576377
 20
915.835954
 42
0.003931
  0
VERTEX
  8
0
 10
168.167932
 20
917.190349
 42
-0.066472
  0
VERTEX
  8
0
 10
167.362862
 20
921.936961
 42
-0.001479
  0
VERTEX
  8
0
 10
166.612086
 20
945.170178
 42
-0.000572
  0
VERTEX
  8
0
 10
165.923057
 20
969.596160
 42
-0.205954
  0
VERTEX
  8
0
 10
166.581167
 20
971.247834
 42
-0.169967
  0
VERTEX
  8
0
 10
167.022222
 20
971.460171
 42
-0.010460
  0
VERTEX
  8
0
 10
168.494597
 20
971.594597
 42
-0.014581
  0
VERTEX
  8
0
 10
170.291710
 20
971.668264
 42
-0.010223
  0
VERTEX
  8
0
 10
172.317434
 20
971.650768
 42
0.000000
  0
VERTEX
  8
0
 10
177.500000
 20
971.500000
 42
0.000000
  0
SEQEND
  0
POLYLINE
  8
0
 66
1
 70
1
  0
VERTEX
  8
0
 10
271.858432
 20
970.587494
 42
-0.243105
  0
VERTEX
  8
0
 10
272.431014
 20
969.632855
 42
-0.005123
  0
VERTEX
  8
0
 10
272.732199
 20
963.961968
 42
-0.008251
  0
VERTEX
  8
0
 10
272.940614
 20
956.043590
 42
-0.002453
  0
VERTEX
  8
0
 10
273.000000
 20
943.940983
 42
-0.001507
  0
VERTEX
  8
0
 10
272.970027
 20
933.993914
 42
-0.002513
  0
VERTEX
  8
0
 10
272.877478
 20
925.620164
 42
-0.000255
  0
VERTEX
  8
0
 10
272.753865
 20
918.168061
 42
-0.409215
  0
VERTEX
  8
0
 10
272.582905
 20
918.000000
 42
-0.091586
  0
VERTEX
  8
0
 10
272.288910
 20
918.054307
 42
-0.002125
  0
VERTEX
  8
0
 10
270.967199
 20
918.566304
 42
-0.004653
  0
VERTEX
  8
0
 10
269.421986
 20
919.189100
 42
-0.003130
  0
VERTEX
  8
0
 10
267.668336
 20
919.927843
 42
0.018995
  0
VERTEX
  8
0
 10
265.014058
 20
920.948107
 42
0.064252
  0
VERTEX
  8
0
 10
263.197982
 20
921.317492
 42
0.067694
  0
VERTEX
  8
0
 10
261.398202
 20
921.204225
 42
0.022682
  0
VERTEX
  8
0
 10
258.835430
 20
920.567858
 42
-0.011700
  0
VERTEX
  8
0
 10
245.876851
 20
917.046303
 42
-0.001394
  0
VERTEX
  8
0
 10
216.979035
 20
910.000238
 42
-0.000400
  0
VERTEX
  8
0
 10
185.479637
 20
902.439477
 42
-0.058785
  0
VERTEX
  8
0
 10
181.750000
 20
901.999831
 42
-0.344912
  0
VERTEX
  8
0
 10
180.731683
 20
902.797302
 42
-0.041701
  0
VERTEX
  8
0
 10
180.250308
 20
905.803000
 42
-0.016218
  0
VERTEX
  8
0
 10
179.995225
 20
911.728911
 42
-0.001424
  0
VERTEX
  8
0
 10
179.879001
 20
926.750000
 42
0.001104
  0
VERTEX
  8
0
 10
179.806871
 20
936.914193
 42
0.001134
  0
VERTEX
  8
0
 10
179.690302
 20
946.988012
 42
0.001096
  0
VERTEX
  8
0
 10
179.550216
 20
955.726157
 42
0.004798
  0
VERTEX
  8
0
 10
179.406535
 20
960.890042
 42
-0.006035
  0
VERTEX
  8
0
 10
179.313630
 20
964.555314
 42
-0.008731
  0
VERTEX
  8
0
 10
179.327204
 20
967.795034
 42
-0.005116
  0
VERTEX
  8
0
 10
179.413653
 20
970.505540
 42
-0.128566
  0
VERTEX
  8
0
 10
179.630022
 20
971.210381
 42
-0.261534
  0
VERTEX
  8
0
 10
181.051357
 20
971.997250
 42
-0.000189
  0
VERTEX
  8
0
 10
225.329303
 20
971.714961
 42
-0.000310
  0
VERTEX
  8
0
 10
269.067223
 20
971.392485
 42
-0.137248
  0
SEQEND
  0
POLYLINE
  8
0
 66
1
 70
1
  0
VERTEX
  8
0
 10
165.000000
 20
970.000000
 42
-0.099038
  0
VERTEX
  8
0
 10
164.923658
 20
969.618362
 42
-0.097945
  0
VERTEX
  8
0
 10
164.706250
 20
969.293750
 42
-0.097945
  0
VERTEX
  8
0
 10
164.381638
 20
969.076342
 42
-0.099038
  0
VERTEX
  8
0
 10
164.000000
 20
969.000000
 42
-0.099038
  0
VERTEX
  8
0
 10
163.618362
 20
969.076342
 42
-0.097945
  0
VERTEX
  8
0
 10
163.293750
 20
969.293750
 42
-0.097945
  0
VERTEX
  8
0
 10
163.076342
 20
969.618362
 42
-0.099038
  0
VERTEX
  8
0
 10
163.000000
 20
970.000000
 42
-0.099038
  0
VERTEX
  8
0
 10
163.076342
 20
970.381638
 42
-0.097945
  0
VERTEX
  8
0
 10
163.293750
 20
970.706250
 42
-0.097945
  0
VERTEX
  8
0
 10
163.618362
 20
970.923658
 42
-0.099038
  0
VERTEX
  8
0
 10
164.000000
 20
971.000000
 42
-0.099038
  0
VERTEX
  8
0
 10
164.381638
 20
970.923658
 42
-0.097945
  0
VERTEX
  8
0
 10
164.706250
 20
970.706250
 42
-0.097945
  0
VERTEX
  8
0
 10
164.923658
 20
970.381638
 42
-0.099038
  0
SEQEND
  0
POLYLINE
  8
0
 66
1
 70
1
  0
VERTEX
  8
0
 10
165.000000
 20
959.000000
 42
-0.009164
  0
VERTEX
  8
0
 10
164.933283
 20
955.360273
 42
-0.018502
  0
VERTEX
  8
0
 10
164.722222
 20
952.500000
 42
-0.014491
  0
VERTEX
  8
0
 10
164.420765
 20
950.355190
 42
-0.365646
  0
VERTEX
  8
0
 10
164.000000
 20
950.000000
 42
-0.365646
  0
VERTEX
  8
0
 10
163.579235
 20
950.355190
 42
-0.014491
  0
VERTEX
  8
0
 10
163.277778
 20
952.500000
 42
-0.018502
  0
VERTEX
  8
0
 10
163.066717
 20
955.360273
 42
-0.009164
  0
VERTEX
  8
0
 10
163.000000
 20
959.000000
 42
-0.009164
  0
VERTEX
  8
0
 10
163.066717
 20
962.639727
 42
-0.018502
  0
VERTEX
  8
0
 10
163.277778
 20
965.500000
 42
-0.014491
  0
VERTEX
  8
0
 10
163.579235
 20
967.644810
 42
-0.365646
  0
VERTEX
  8
0
 10
164.000000
 20
968.000000
 42
-0.365646
  0
VERTEX
  8
0
 10
164.420765
 20
967.644810
 42
-0.014491
  0
VERTEX
  8
0
 10
164.722222
 20
965.500000
 42
-0.018502
  0
VERTEX
  8
0
 10
164.933283
 20
962.639727
 42
-0.009164
  0
SEQEND
  0
POLYLINE
  8
0
 66
1
 70
1
  0
VERTEX
  8
0
 10
139.000000
 20
954.059017
 42
-0.007251
  0
VERTEX
  8
0
 10
138.930785
 20
949.286748
 42
-0.012614
  0
VERTEX
  8
0
 10
138.716124
 20
945.332343
 42
-0.007579
  0
VERTEX
  8
0
 10
138.414737
 20
942.156404
 42
-0.230836
  0
VERTEX
  8
0
 10
138.000000
 20
941.500000
 42
-0.540264
  0
VERTEX
  8
0
 10
137.549537
 20
941.710476
 42
-0.014869
  0
VERTEX
  8
0
 10
137.257603
 20
944.276419
 42
-0.015427
  0
VERTEX
  8
0
 10
137.058974
 20
948.042119
 42
-0.005462
  0
VERTEX
  8
0
 10
137.000000
 20
953.440983
 42
-0.006137
  0
VERTEX
  8
0
 10
137.063986
 20
958.653959
 42
-0.013728
  0
VERTEX
  8
0
 10
137.269906
 20
962.610246
 42
-0.008775
  0
VERTEX
  8
0
 10
137.561745
 20
965.609279
 42
-0.381046
  0
VERTEX
  8
0
 10
138.000000
 20
966.000000
 42
-0.379040
  0
VERTEX
  8
0
 10
138.435805
 20
965.614196
 42
-0.009504
  0
VERTEX
  8
0
 10
138.729064
 20
962.764754
 42
-0.014376
  0
VERTEX
  8
0
 10
138.935655
 20
958.998657
 42
-0.006513
  0
SEQEND
  0
POLYLINE
  8
0
 66
1
 70
1
  0
VERTEX
  8
0
 10
161.681849
 20
945.255725
 42
0.000000
  0
VERTEX
  8
0
 10
161.500000
 20
924.449483
 42
0.000000
  0
VERTEX
  8
0
 10
151.000000
 20
924.474742
 42
0.000000
  0
VERTEX
  8
0
 10
140.500000
 20
924.500000
 42
0.000000
  0
VERTEX
  8
0
 10
140.250726
 20
945.145612
 42
0.000000
  0
VERTEX
  8
0
 10
140.001451
 20
965.791223
 42
0.000000
  0
VERTEX
  8
0
 10
150.932575
 20
965.926595
 42
0.000000
  0
VERTEX
  8
0
 10
161.863699
 20
966.061968
 42
0.000000
  0
SEQEND
  0
POLYLINE
  8
0
 66
1
 70
1
  0
VERTEX
  8
0
 10
163.683114
 20
923.812500
 42
-0.054073
  0
VERTEX
  8
0
 10
163.461564
 20
923.395823
 42
-0.470617
  0
VERTEX
  8
0
 10
163.279315
 20
923.378580
 42
-0.168741
  0
VERTEX
  8
0
 10
163.137993
 20
923.670344
 42
-0.018894
  0
VERTEX
  8
0
 10
163.078947
 20
924.416667
 42
-0.028489
  0
VERTEX
  8
0
 10
163.089945
 20
925.112848
 42
-0.077125
  0
VERTEX
  8
0
 10
163.200665
 20
925.592839
 42
-0.208169
  0
VERTEX
  8
0
 10
163.385309
 20
925.775380
 42
-0.296942
  0
VERTEX
  8
0
 10
163.604167
 20
925.729167
 42
-0.126455
  0
VERTEX
  8
0
 10
163.797407
 20
925.402231
 42
-0.060344
  0
VERTEX
  8
0
 10
163.876576
 20
924.916927
 42
-0.054150
  0
VERTEX
  8
0
 10
163.839148
 20
924.359369
 42
-0.051402
  0
SEQEND
  0
POLYLINE
  8
0
 66
1
 70
1
  0
VERTEX
  8
0
 10
164.122777
 20
917.500000
 42
-0.011119
  0
VERTEX
  8
0
 10
164.532239
 20
914.421160
 42
-0.120981
  0
VERTEX
  8
0
 10
164.370201
 20
913.189537
 42
-0.722605
  0
VERTEX
  8
0
 10
163.998384
 20
913.208994
 42
-0.017413
  0
VERTEX
  8
0
 10
163.413832
 20
915.680841
 42
0.000000
  0
VERTEX
  8
0
 10
162.813775
 20
918.681127
 42
0.000000
  0
VERTEX
  8
0
 10
151.826040
 20
918.895911
 42
0.007334
  0
VERTEX
  8
0
 10
146.929421
 20
918.919796
 42
0.016920
  0
VERTEX
  8
0
 10
143.252811
 20
918.759296
 42
0.018351
  0
VERTEX
  8
0
 10
140.577098
 20
918.452500
 42
0.136301
  0
VERTEX
  8
0
 10
139.419153
 20
917.932903
 42
-0.040548
  0
VERTEX
  8
0
 10
138.674151
 20
917.410351
 42
-0.317677
  0
VERTEX
  8
0
 10
138.275455
 20
917.444149
 42
-0.201148
  0
VERTEX
  8
0
 10
138.047868
 20
917.887741
 42
-0.019275
  0
VERTEX
  8
0
 10
138.000118
 20
919.127555
 42
0.000000
  0
VERTEX
  8
0
 10
138.000235
 20
921.500000
 42
0.000000
  0
VERTEX
  8
0
 10
150.750118
 20
921.500000
 42
0.000000
  0
VERTEX
  8
0
 10
163.500000
 20
921.500000
 42
0.000000
  0
SEQEND
  0
POLYLINE
  8
0
 66
1
 70
1
  0
VERTEX
  8
0
 10
846.977047
 20
880.500000
 42
-0.000977
  0
VERTEX
  8
0
 10
846.968791
 20
857.666994
 42
-0.008765
  0
VERTEX
  8
0
 10
846.770014
 20
847.652303
 42
-0.011214
  0
VERTEX
  8
0
 10
846.422590
 20
841.849683
 42
-0.390329
  0
VERTEX
  8
0
 10
845.500000
 20
841.000000
 42
-0.390329
  0
VERTEX
  8
0
 10
844.577410
 20
841.849683
 42
-0.011214
  0
VERTEX
  8
0
 10
844.229986
 20
847.652303
 42
-0.008765
  0
VERTEX
  8
0
 10
844.031209
 20
857.666994
 42
-0.000977
  0
VERTEX
  8
0
 10
844.022953
 20
880.500000
 42
-0.001101
  0
VERTEX
  8
0
 10
844.105427
 20
902.232738
 42
-0.007845
  0
VERTEX
  8
0
 10
844.333674
 20
912.755821
 42
-0.007389
  0
VERTEX
  8
0
 10
844.671371
 20
919.225055
 42
-0.394743
  0
VERTEX
  8
0
 10
845.500000
 20
920.000000
 42
-0.394743
  0
VERTEX
  8
0
 10
846.328629
 20
919.225055
 42
-0.007389
  0
VERTEX
  8
0
 10
846.666326
 20
912.755821
 42
-0.007845
  0
VERTEX
  8
0
 10
846.894573
 20
902.232738
 42
-0.001101
  0
SEQEND
  0
POLYLINE
  8
0
 66
1
 70
1
  0
VERTEX
  8
0
 10
863.500000
 20
913.000000
 42
0.000000
  0
VERTEX
  8
0
 10
863.500000
 20
906.500000
 42
0.000000
  0
VERTEX
  8
0
 10
858.000000
 20
906.387269
 42
-0.007574
  0
VERTEX
  8
0
 10
855.810022
 20
906.375559
 42
-0.009476
  0
VERTEX
  8
0
 10
853.778815
 20
906.433976
 42
-0.007932
  0
VERTEX
  8
0
 10
852.084103
 20
906.541849
 42
-0.069962
  0
VERTEX
  8
0
 10
851.353414
 20
906.704574
 42
-0.292398
  0
VERTEX
  8
0
 10
850.449893
 20
907.910431
 42
-0.016596
  0
VERTEX
  8
0
 10
850.250579
 20
912.779407
 42
-0.017598
  0
VERTEX
  8
0
 10
850.384288
 20
917.645764
 42
-0.238379
  0
VERTEX
  8
0
 10
851.257416
 20
919.133620
 42
-0.112991
  0
VERTEX
  8
0
 10
851.925931
 20
919.375423
 42
-0.011643
  0
VERTEX
  8
0
 10
853.605973
 20
919.541863
 42
-0.014029
  0
VERTEX
  8
0
 10
855.642993
 20
919.638502
 42
-0.010771
  0
VERTEX
  8
0
 10
857.870710
 20
919.633620
 42
0.000000
  0
VERTEX
  8
0
 10
863.500000
 20
919.500000
 42
0.000000
  0
SEQEND
  0
POLYLINE
  8
0
 66
1
 70
1
  0
VERTEX
  8
0
 10
1105.000000
 20
913.000000
 42
0.000000
  0
VERTEX
  8
0
 10
1105.000000
 20
905.965296
 42
0.000000
  0
VERTEX
  8
0
 10
1097.985255
 20
906.109486
 42
0.000000
  0
VERTEX
  8
0
 10
1090.970510
 20
906.253677
 42
0.000000
  0
VERTEX
  8
0
 10
1091.109242
 20
913.002852
 42
0.000000
  0
VERTEX
  8
0
 10
1091.247973
 20
919.752027
 42
0.000000
  0
VERTEX
  8
0
 10
1098.123987
 20
919.893366
 42
0.000000
  0
VERTEX
  8
0
 10
1105.000000
 20
920.034704
 42
0.000000
  0
SEQEND
  0
POLYLINE
  8
0
 66
1
 70
1
  0
VERTEX
  8
0
 10
161.540203
 20
914.244172
 42
0.070663
  0
VERTEX
  8
0
 10
161.327781
 20
913.317406
 42
0.006449
  0
VERTEX
  8
0
 10
161.158685
 20
910.950653
 42
0.008244
  0
VERTEX
  8
0
 10
161.039459
 20
908.109527
 42
0.006363
  0
VERTEX
  8
0
 10
161.000000
 20
905.009029
 42
0.000000
  0
VERTEX
  8
0
 10
161.000000
 20
897.181634
 42
0.000000
  0
VERTEX
  8
0
 10
153.750000
 20
895.989257
 42
0.004726
  0
VERTEX
  8
0
 10
150.772657
 20
895.470639
 42
0.004804
  0
VERTEX
  8
0
 10
147.821875
 20
894.898504
 42
0.004677
  0
VERTEX
  8
0
 10
145.266016
 20
894.352468
 42
0.019692
  0
VERTEX
  8
0
 10
143.750000
 20
893.950459
 42
0.000000
  0
VERTEX
  8
0
 10
141.000000
 20
893.104039
 42
0.000000
  0
VERTEX
  8
0
 10
141.003568
 20
904.302020
 42
0.000000
  0
VERTEX
  8
0
 10
141.007136
 20
915.500000
 42
0.000000
  0
VERTEX
  8
0
 10
151.543771
 20
915.575959
 42
-0.004451
  0
VERTEX
  8
0
 10
157.188093
 20
915.566407
 42
-0.030473
  0
VERTEX
  8
0
 10
159.959633
 20
915.367848
 42
-0.088085
  0
VERTEX
  8
0
 10
161.274589
 20
914.949293
 42
-0.380210
  0
SEQEND
  0
POLYLINE
  8
0
 66
1
 70
1
  0
VERTEX
  8
0
 10
166.562331
 20
904.061251
 42
-0.012590
  0
VERTEX
  8
0
 10
167.251439
 20
901.747986
 42
-0.057017
  0
VERTEX
  8
0
 10
167.462067
 20
900.358435
 42
-0.111998
  0
VERTEX
  8
0
 10
167.291746
 20
899.456003
 42
-0.149982
  0
VERTEX
  8
0
 10
166.753615
 20
898.826564
 42
-0.106072
  0
VERTEX
  8
0
 10
165.310279
 20
898.292590
 42
-0.343686
  0
VERTEX
  8
0
 10
164.480425
 20
898.766728
 42
-0.093780
  0
VERTEX
  8
0
 10
164.115072
 20
900.545155
 42
-0.007901
  0
VERTEX
  8
0
 10
164.116001
 20
905.250000
 42
-0.006040
  0
VERTEX
  8
0
 10
164.190629
 20
907.907057
 42
-0.016467
  0
VERTEX
  8
0
 10
164.327975
 20
909.782812
 42
-0.061906
  0
VERTEX
  8
0
 10
164.498451
 20
910.511959
 42
-0.748600
  0
VERTEX
  8
0
 10
164.674717
 20
910.500000
 42
0.013248
  0
VERTEX
  8
0
 10
164.938272
 20
909.442907
 42
0.003585
  0
VERTEX
  8
0
 10
165.411824
 20
907.783618
 42
0.003626
  0
VERTEX
  8
0
 10
165.976693
 20
905.907334
 42
0.003756
  0
SEQEND
  0
POLYLINE
  8
0
 66
1
 70
1
  0
VERTEX
  8
0
 10
679.500000
 20
901.500000
 42
0.000000
  0
VERTEX
  8
0
 10
679.500000
 20
892.500000
 42
0.000000
  0
VERTEX
  8
0
 10
666.750000
 20
892.190280
 42
0.000000
  0
VERTEX
  8
0
 10
654.000000
 20
891.880560
 42
0.000000
  0
VERTEX
  8
0
 10
654.000000
 20
901.500000
 42
0.000000
  0
VERTEX
  8
0
 10
654.000000
 20
911.119440
 42
0.000000
  0
VERTEX
  8
0
 10
666.750000
 20
910.809720
 42
0.000000
  0
VERTEX
  8
0
 10
679.500000
 20
910.500000
 42
0.000000
  0
SEQEND
  0
POLYLINE
  8
0
 66
1
 70
1
  0
VERTEX
  8
0
 10
715.000000
 20
901.470123
 42
0.000000
  0
VERTEX
  8
0
 10
715.000000
 20
891.940246
 42
0.000000
  0
VERTEX
  8
0
 10
702.250000
 20
892.220123
 42
0.000000
  0
VERTEX
  8
0
 10
689.500000
 20
892.500000
 42
0.000000
  0
VERTEX
  8
0
 10
689.351988
 20
901.000000
 42
-0.005150
  0
VERTEX
  8
0
 10
689.328436
 20
904.311343
 42
-0.007552
  0
VERTEX
  8
0
 10
689.381706
 20
907.223437
 42
-0.004045
  0
VERTEX
  8
0
 10
689.483364
 20
909.672524
 42
-0.125073
  0
VERTEX
  8
0
 10
689.661005
 20
910.250000
 42
-0.242314
  0
VERTEX
  8
0
 10
690.155426
 20
910.551808
 42
-0.003626
  0
VERTEX
  8
0
 10
693.638320
 20
910.779688
 42
-0.008882
  0
VERTEX
  8
0
 10
697.757248
 20
910.945847
 42
-0.005639
  0
VERTEX
  8
0
 10
702.559017
 20
911.000000
 42
0.000000
  0
VERTEX
  8
0
 10
715.000000
 20
911.000000
 42
0.000000
  0
SEQEND
  0
POLYLINE
  8
0
 66
1
 70
1
  0
VERTEX
  8
0
 10
172.597338
 20
900.264004
 42
-0.291992
  0
VERTEX
  8
0
 10
171.872836
 20
900.104113
 42
-0.132205
  0
VERTEX
  8
0
 10
171.044131
 20
900.688091
 42
-0.069852
  0
VERTEX
  8
0
 10
170.203861
 20
902.044662
 42
-0.032169
  0
VERTEX
  8
0
 10
169.488393
 20
904.000000
 42
-0.004470
  0
VERTEX
  8
0
 10
169.007265
 20
905.688951
 42
-0.558790
  0
VERTEX
  8
0
 10
169.131947
 20
905.822639
 42
-0.174569
  0
VERTEX
  8
0
 10
169.422703
 20
905.646548
 42
-0.001687
  0
VERTEX
  8
0
 10
170.990003
 20
903.697338
 42
-0.023270
  0
VERTEX
  8
0
 10
171.801747
 20
902.577696
 42
-0.035747
  0
VERTEX
  8
0
 10
172.385335
 20
901.532698
 42
-0.039638
  0
VERTEX
  8
0
 10
172.704914
 20
900.680082
 42
-0.272666
  0
SEQEND
  0
POLYLINE
  8
0
 66
1
 70
1
  0
VERTEX
  8
0
 10
856.500000
 20
866.500000
 42
0.000000
  0
VERTEX
  8
0
 10
856.500000
 20
828.500000
 42
0.000000
  0
VERTEX
  8
0
 10
853.500000
 20
828.500000
 42
0.000000
  0
VERTEX
  8
0
 10
850.500000
 20
828.500000
 42
0.000000
  0
VERTEX
  8
0
 10
850.266255
 20
865.951029
 42
-0.001366
  0
VERTEX
  8
0
 10
850.173692
 20
892.333003
 42
-0.027369
  0
VERTEX
  8
0
 10
850.607474
 20
900.365770
 42
-0.137374
  0
VERTEX
  8
0
 10
851.942248
 20
903.691066
 42
-0.266883
  0
VERTEX
  8
0
 10
854.500000
 20
904.755728
 42
-0.323479
  0
VERTEX
  8
0
 10
855.731588
 20
903.601728
 42
-0.035006
  0
VERTEX
  8
0
 10
856.235160
 20
899.501898
 42
-0.012313
  0
VERTEX
  8
0
 10
856.463084
 20
891.248191
 42
-0.000746
  0
SEQEND
  0
POLYLINE
  8
0
 66
1
 70
1
  0
VERTEX
  8
0
 10
1105.000000
 20
808.000000
 42
0.000000
  0
VERTEX
  8
0
 10
1105.000000
 20
711.000000
 42
0.000000
  0
VERTEX
  8
0
 10
1101.490805
 20
711.000000
 42
0.000000
  0
VERTEX
  8
0
 10
1097.981609
 20
711.000000
 42
0.000000
  0
VERTEX
  8
0
 10
1098.009876
 20
808.000000
 42
0.000000
  0
VERTEX
  8
0
 10
1098.038142
 20
905.000000
 42
0.000000
  0
VERTEX
  8
0
 10
1101.519071
 20
905.000000
 42
0.000000
  0
VERTEX
  8
0
 10
1105.000000
 20
905.000000
 42
0.000000
  0
SEQEND
  0
POLYLINE
  8
0
 66
1
 70
1
  0
VERTEX
  8
0
 10
679.777464
 20
882.000000
 42
-0.007343
  0
VERTEX
  8
0
 10
679.840409
 20
878.492898
 42
-0.022643
  0
VERTEX
  8
0
 10
679.740805
 20
876.123817
 42
-0.052162
  0
VERTEX
  8
0
 10
679.505201
 20
874.908759
 42
-0.633546
  0
VERTEX
  8
0
 10
679.152310
 20
874.857012
 42
0.101228
  0
VERTEX
  8
0
 10
678.630497
 20
875.375369
 42
0.089876
  0
VERTEX
  8
0
 10
677.925068
 20
875.674482
 42
0.078177
  0
VERTEX
  8
0
 10
677.072646
 20
875.730590
 42
0.054309
  0
VERTEX
  8
0
 10
676.124846
 20
875.539625
 42
-0.083367
  0
VERTEX
  8
0
 10
674.932508
 20
875.370404
 42
-0.290611
  0
VERTEX
  8
0
 10
674.315829
 20
875.784209
 42
-0.096831
  0
VERTEX
  8
0
 10
674.047587
 20
876.977686
 42
-0.007006
  0
VERTEX
  8
0
 10
674.000000
 20
880.373595
 42
0.012702
  0
VERTEX
  8
0
 10
673.945516
 20
882.517912
 42
0.018519
  0
VERTEX
  8
0
 10
673.779688
 20
884.400880
 42
0.014273
  0
VERTEX
  8
0
 10
673.545618
 20
885.914582
 42
0.211187
  0
VERTEX
  8
0
 10
673.250000
 20
886.348341
 42
0.534331
  0
VERTEX
  8
0
 10
672.974045
 20
886.223399
 42
0.022192
  0
VERTEX
  8
0
 10
672.819841
 20
884.942432
 42
0.021699
  0
VERTEX
  8
0
 10
672.762117
 20
883.141205
 42
0.011485
  0
VERTEX
  8
0
 10
672.838821
 20
880.907358
 42
-0.006380
  0
VERTEX
  8
0
 10
673.012978
 20
876.999288
 42
-0.108218
  0
VERTEX
  8
0
 10
672.778774
 20
875.739589
 42
-0.249097
  0
VERTEX
  8
0
 10
672.064179
 20
875.158025
 42
-0.047403
  0
VERTEX
  8
0
 10
670.338821
 20
874.984687
 42
0.013738
  0
VERTEX
  8
0
 10
669.023184
 20
874.941428
 42
0.124760
  0
VERTEX
  8
0
 10
668.480311
 20
874.768380
 42
0.455364
  0
VERTEX
  8
0
 10
668.435434
 20
874.489176
 42
0.077926
  0
VERTEX
  8
0
 10
668.895147
 20
874.085964
 42
-0.034301
  0
VERTEX
  8
0
 10
669.550736
 20
873.604895
 42
-0.314665
  0
VERTEX
  8
0
 10
669.636537
 20
873.281661
 42
-0.225535
  0
VERTEX
  8
0
 10
669.356311
 20
873.006159
 42
-0.020647
  0
VERTEX
  8
0
 10
668.395147
 20
872.717278
 42
0.067331
  0
VERTEX
  8
0
 10
667.891002
 20
872.512908
 42
0.614591
  0
VERTEX
  8
0
 10
667.900203
 20
872.332497
 42
0.085190
  0
VERTEX
  8
0
 10
668.468588
 20
872.188749
 42
0.010517
  0
VERTEX
  8
0
 10
669.750000
 20
872.116001
 42
0.000000
  0
VERTEX
  8
0
 10
673.000000
 20
872.000000
 42
0.000000
  0
VERTEX
  8
0
 10
673.000000
 20
866.538933
 42
0.000000
  0
VERTEX
  8
0
 10
673.000000
 20
861.077866
 42
0.000000
  0
VERTEX
  8
0
 10
664.250000
 20
860.723300
 42
0.000000
  0
VERTEX
  8
0
 10
655.500000
 20
860.368735
 42
0.000000
  0
VERTEX
  8
0
 10
664.500000
 20
860.434368
 42
0.000000
  0
VERTEX
  8
0
 10
673.500000
 20
860.500000
 42
0.000000
  0
VERTEX
  8
0
 10
673.797717
 20
866.176693
 42
-0.007661
  0
VERTEX
  8
0
 10
674.043283
 20
869.797364
 42
-0.106640
  0
VERTEX
  8
0
 10
674.422335
 20
871.042468
 42
-0.241061
  0
VERTEX
  8
0
 10
675.191193
 20
871.556930
 42
-0.055763
  0
VERTEX
  8
0
 10
676.797717
 20
871.565276
 42
-0.068312
  0
VERTEX
  8
0
 10
678.384937
 20
871.172433
 42
-0.210959
  0
VERTEX
  8
0
 10
679.141473
 20
870.401444
 42
-0.084192
  0
VERTEX
  8
0
 10
679.446333
 20
868.834275
 42
-0.006036
  0
VERTEX
  8
0
 10
679.500000
 20
864.388583
 42
0.000000
  0
VERTEX
  8
0
 10
679.500000
 20
857.500000
 42
0.000000
  0
VERTEX
  8
0
 10
665.250000
 20
857.192988
 42
0.000000
  0
VERTEX
  8
0
 10
651.000000
 20
856.885976
 42
0.000000
  0
VERTEX
  8
0
 10
651.000000
 20
874.000000
 42
0.000000
  0
VERTEX
  8
0
 10
651.000000
 20
891.114024
 42
0.000000
  0
VERTEX
  8
0
 10
665.250000
 20
890.807012
 42
0.000000
  0
VERTEX
  8
0
 10
679.500000
 20
890.500000
 42
0.000000
  0
SEQEND
  0
POLYLINE
  8
0
 66
1
 70
1
  0
VERTEX
  8
0
 10
718.000000
 20
873.972543
 42
0.000000
  0
VERTEX
  8
0
 10
718.000000
 20
856.945087
 42
0.000000
  0
VERTEX
  8
0
 10
703.750000
 20
857.222543
 42
0.000000
  0
VERTEX
  8
0
 10
689.500000
 20
857.500000
 42
0.000000
  0
VERTEX
  8
0
 10
689.319368
 20
873.457730
 42
-0.002919
  0
VERTEX
  8
0
 10
689.285526
 20
879.631281
 42
-0.004523
  0
VERTEX
  8
0
 10
689.335630
 20
884.960607
 42
-0.001512
  0
VERTEX
  8
0
 10
689.434294
 20
889.555023
 42
-0.133046
  0
VERTEX
  8
0
 10
689.628385
 20
890.207730
 42
-0.241890
  0
VERTEX
  8
0
 10
690.157782
 20
890.526911
 42
-0.003262
  0
VERTEX
  8
0
 10
694.069363
 20
890.767271
 42
-0.008396
  0
VERTEX
  8
0
 10
698.679843
 20
890.942808
 42
-0.005316
  0
VERTEX
  8
0
 10
704.059017
 20
891.000000
 42
0.000000
  0
VERTEX
  8
0
 10
718.000000
 20
891.000000
 42
0.000000
  0
SEQEND
  0
POLYLINE
  8
0
 66
1
 70
1
  0
VERTEX
  8
0
 10
678.000000
 20
874.000000
 42
-0.099038
  0
VERTEX
  8
0
 10
677.923658
 20
873.618362
 42
-0.097945
  0
VERTEX
  8
0
 10
677.706250
 20
873.293750
 42
-0.097945
  0
VERTEX
  8
0
 10
677.381638
 20
873.076342
 42
-0.099038
  0
VERTEX
  8
0
 10
677.000000
 20
873.000000
 42
-0.099038
  0
VERTEX
  8
0
 10
676.618362
 20
873.076342
 42
-0.097945
  0
VERTEX
  8
0
 10
676.293750
 20
873.293750
 42
-0.097945
  0
VERTEX
  8
0
 10
676.076342
 20
873.618362
 42
-0.099038
  0
VERTEX
  8
0
 10
676.000000
 20
874.000000
 42
-0.099038
  0
VERTEX
  8
0
 10
676.076342
 20
874.381638
 42
-0.097945
  0
VERTEX
  8
0
 10
676.293750
 20
874.706250
 42
-0.097945
  0
VERTEX
  8
0
 10
676.618362
 20
874.923658
 42
-0.099038
  0
VERTEX
  8
0
 10
677.000000
 20
875.000000
 42
-0.099038
  0
VERTEX
  8
0
 10
677.381638
 20
874.923658
 42
-0.097945
  0
VERTEX
  8
0
 10
677.706250
 20
874.706250
 42
-0.097945
  0
VERTEX
  8
0
 10
677.923658
 20
874.381638
 42
-0.099038
  0
SEQEND
  0
POLYLINE
  8
0
 66
1
 70
1
  0
VERTEX
  8
0
 10
679.500000
 20
847.000000
 42
0.000000
  0
VERTEX
  8
0
 10
679.500000
 20
838.500000
 42
0.000000
  0
VERTEX
  8
0
 10
667.000000
 20
838.500000
 42
0.000000
  0
VERTEX
  8
0
 10
654.500000
 20
838.500000
 42
0.000000
  0
VERTEX
  8
0
 10
654.210187
 20
847.310372
 42
0.000000
  0
VERTEX
  8
0
 10
653.920373
 20
856.120743
 42
0.000000
  0
VERTEX
  8
0
 10
666.710187
 20
855.810372
 42
0.000000
  0
VERTEX
  8
0
 10
679.500000
 20
855.500000
 42
0.000000
  0
SEQEND
  0
POLYLINE
  8
0
 66
1
 70
1
  0
VERTEX
  8
0
 10
714.815690
 20
847.250000
 42
0.000000
  0
VERTEX
  8
0
 10
714.500000
 20
838.500000
 42
0.000000
  0
VERTEX
  8
0
 10
702.000000
 20
838.500000
 42
0.000000
  0
VERTEX
  8
0
 10
689.500000
 20
838.500000
 42
0.000000
  0
VERTEX
  8
0
 10
689.335503
 20
846.483839
 42
-0.005702
  0
VERTEX
  8
0
 10
689.306859
 20
849.598453
 42
-0.008274
  0
VERTEX
  8
0
 10
689.358422
 20
852.347485
 42
-0.004732
  0
VERTEX
  8
0
 10
689.461591
 20
854.650549
 42
-0.125488
  0
VERTEX
  8
0
 10
689.644520
 20
855.233839
 42
-0.240297
  0
VERTEX
  8
0
 10
690.152216
 20
855.542024
 42
-0.003741
  0
VERTEX
  8
0
 10
693.652775
 20
855.774940
 42
-0.009010
  0
VERTEX
  8
0
 10
697.796613
 20
855.944673
 42
-0.005730
  0
VERTEX
  8
0
 10
702.624707
 20
856.000000
 42
0.000000
  0
VERTEX
  8
0
 10
715.131380
 20
856.000000
 42
0.000000
  0
SEQEND
  0
POLYLINE
  8
0
 66
1
 70
1
  0
VERTEX
  8
0
 10
522.500000
 20
834.976290
 42
0.000000
  0
VERTEX
  8
0
 10
522.500000
 20
830.503977
 42
0.000000
  0
VERTEX
  8
0
 10
501.000000
 20
830.848295
 42
-0.000662
  0
VERTEX
  8
0
 10
492.748447
 20
830.991368
 42
-0.001096
  0
VERTEX
  8
0
 10
485.783877
 20
831.136617
 42
-0.000060
  0
VERTEX
  8
0
 10
479.512480
 20
831.281908
 42
-0.238007
  0
VERTEX
  8
0
 10
479.391921
 20
831.346306
 42
-0.176479
  0
VERTEX
  8
0
 10
479.356671
 20
831.476966
 42
-0.001455
  0
VERTEX
  8
0
 10
479.452155
 20
832.549910
 42
-0.004957
  0
VERTEX
  8
0
 10
479.578339
 20
833.787805
 42
-0.003143
  0
VERTEX
  8
0
 10
479.748742
 20
835.227854
 42
0.000000
  0
VERTEX
  8
0
 10
480.213641
 20
838.955709
 42
0.000000
  0
VERTEX
  8
0
 10
498.356821
 20
839.234968
 42
-0.000402
  0
VERTEX
  8
0
 10
505.524642
 20
839.339531
 42
-0.000532
  0
VERTEX
  8
0
 10
512.051691
 20
839.422556
 42
-0.000379
  0
VERTEX
  8
0
 10
517.524689
 20
839.482202
 42
-0.005269
  0
VERTEX
  8
0
 10
519.500000
 20
839.481415
 42
-0.036428
  0
VERTEX
  8
0
 10
521.295823
 20
839.330643
 42
-0.209678
  0
VERTEX
  8
0
 10
522.080467
 20
838.827765
 42
-0.135206
  0
VERTEX
  8
0
 10
522.430329
 20
837.767392
 42
-0.012479
  0
SEQEND
  0
POLYLINE
  8
0
 66
1
 70
1
  0
VERTEX
  8
0
 10
533.834665
 20
832.865335
 42
-0.041110
  0
VERTEX
  8
0
 10
533.633432
 20
831.976835
 42
-0.063897
  0
VERTEX
  8
0
 10
533.304558
 20
831.264494
 42
-0.087939
  0
VERTEX
  8
0
 10
532.907238
 20
830.825467
 42
-0.226953
  0
VERTEX
  8
0
 10
532.500000
 20
830.737197
 42
-0.258467
  0
VERTEX
  8
0
 10
531.810492
 20
831.365208
 42
-0.047208
  0
VERTEX
  8
0
 10
531.399270
 20
833.107108
 42
-0.048223
  0
VERTEX
  8
0
 10
531.320746
 20
835.015960
 42
-0.121500
  0
VERTEX
  8
0
 10
531.725199
 20
836.337132
 42
-0.326247
  0
VERTEX
  8
0
 10
532.455724
 20
836.647019
 42
-0.201481
  0
VERTEX
  8
0
 10
533.246005
 20
836.074234
 42
-0.093989
  0
VERTEX
  8
0
 10
533.808551
 20
834.573158
 42
-0.078080
  0
SEQEND
  0
POLYLINE
  8
0
 66
1
 70
1
  0
VERTEX
  8
0
 10
595.484817
 20
835.975433
 42
-0.259560
  0
VERTEX
  8
0
 10
593.756605
 20
835.010309
 42
-0.000682
  0
VERTEX
  8
0
 10
565.431768
 20
835.009388
 42
-0.000583
  0
VERTEX
  8
0
 10
536.970633
 20
835.080484
 42
-0.413141
  0
VERTEX
  8
0
 10
536.000000
 20
836.054679
 42
-0.403450
  0
VERTEX
  8
0
 10
536.405842
 20
836.475775
 42
-0.001363
  0
VERTEX
  8
0
 10
544.199420
 20
836.742138
 42
-0.005378
  0
VERTEX
  8
0
 10
553.698327
 20
836.938637
 42
-0.002482
  0
VERTEX
  8
0
 10
566.059017
 20
837.000000
 42
-0.002127
  0
VERTEX
  8
0
 10
579.472583
 20
836.942950
 42
-0.006575
  0
VERTEX
  8
0
 10
588.531454
 20
836.746745
 42
-0.003030
  0
VERTEX
  8
0
 10
595.222420
 20
836.473175
 42
-0.571715
  0
SEQEND
  0
POLYLINE
  8
0
 66
1
 70
1
  0
VERTEX
  8
0
 10
600.500000
 20
836.000000
 42
-0.076764
  0
VERTEX
  8
0
 10
600.661825
 20
835.617617
 42
-0.154201
  0
VERTEX
  8
0
 10
600.642737
 20
835.293750
 42
-0.186277
  0
VERTEX
  8
0
 10
600.449529
 20
835.079239
 42
-0.117858
  0
VERTEX
  8
0
 10
600.118034
 20
835.000000
 42
-0.085235
  0
VERTEX
  8
0
 10
599.689814
 20
835.073533
 42
-0.053414
  0
VERTEX
  8
0
 10
599.230237
 20
835.293750
 42
-0.051777
  0
VERTEX
  8
0
 10
598.810561
 20
835.617474
 42
-0.064269
  0
VERTEX
  8
0
 10
598.500000
 20
836.000000
 42
-0.076764
  0
VERTEX
  8
0
 10
598.338175
 20
836.382383
 42
-0.154201
  0
VERTEX
  8
0
 10
598.357263
 20
836.706250
 42
-0.186277
  0
VERTEX
  8
0
 10
598.550471
 20
836.920761
 42
-0.117858
  0
VERTEX
  8
0
 10
598.881966
 20
837.000000
 42
-0.085235
  0
VERTEX
  8
0
 10
599.310186
 20
836.926467
 42
-0.053414
  0
VERTEX
  8
0
 10
599.769763
 20
836.706250
 42
-0.051777
  0
VERTEX
  8
0
 10
600.189439
 20
836.382526
 42
-0.064269
  0
SEQEND
  0
POLYLINE
  8
0
 66
1
 70
1
  0
VERTEX
  8
0
 10
605.834665
 20
832.865335
 42
-0.040802
  0
VERTEX
  8
0
 10
605.633366
 20
831.973999
 42
-0.062110
  0
VERTEX
  8
0
 10
605.304558
 20
831.252738
 42
-0.083843
  0
VERTEX
  8
0
 10
604.907288
 20
830.798952
 42
-0.223382
  0
VERTEX
  8
0
 10
604.500000
 20
830.697179
 42
-0.210530
  0
VERTEX
  8
0
 10
603.696430
 20
831.258427
 42
-0.085186
  0
VERTEX
  8
0
 10
603.194772
 20
832.528567
 42
-0.071324
  0
VERTEX
  8
0
 10
603.091313
 20
834.148252
 42
-0.072072
  0
VERTEX
  8
0
 10
603.448209
 20
835.725631
 42
-0.212055
  0
VERTEX
  8
0
 10
604.235145
 20
836.514254
 42
-0.321434
  0
VERTEX
  8
0
 10
605.136262
 20
836.280839
 42
-0.132997
  0
VERTEX
  8
0
 10
605.809403
 20
834.816524
 42
-0.076901
  0
SEQEND
  0
POLYLINE
  8
0
 66
1
 70
1
  0
VERTEX
  8
0
 10
679.487842
 20
836.019673
 42
-0.111959
  0
VERTEX
  8
0
 10
679.667544
 20
835.496029
 42
-0.031191
  0
VERTEX
  8
0
 10
679.707001
 20
834.624334
 42
-0.029820
  0
VERTEX
  8
0
 10
679.628613
 20
833.604976
 42
-0.027390
  0
VERTEX
  8
0
 10
679.428791
 20
832.572304
 42
0.000000
  0
VERTEX
  8
0
 10
678.796394
 20
830.052632
 42
0.000000
  0
VERTEX
  8
0
 10
643.410644
 20
830.052632
 42
0.000000
  0
VERTEX
  8
0
 10
608.024894
 20
830.052632
 42
0.000000
  0
VERTEX
  8
0
 10
607.418304
 20
832.469480
 42
-0.031491
  0
VERTEX
  8
0
 10
607.233126
 20
833.470375
 42
-0.032204
  0
VERTEX
  8
0
 10
607.176988
 20
834.479095
 42
-0.034010
  0
VERTEX
  8
0
 10
607.244465
 20
835.356160
 42
-0.102556
  0
VERTEX
  8
0
 10
607.448610
 20
835.916849
 42
-0.259057
  0
VERTEX
  8
0
 10
609.176744
 20
836.884071
 42
-0.000464
  0
VERTEX
  8
0
 10
643.468769
 20
836.964864
 42
-0.000464
  0
VERTEX
  8
0
 10
677.762638
 20
836.982020
 42
-0.259819
  0
SEQEND
  0
POLYLINE
  8
0
 66
1
 70
1
  0
VERTEX
  8
0
 10
687.500000
 20
833.500000
 42
-0.034474
  0
VERTEX
  8
0
 10
687.389015
 20
831.892224
 42
-0.138039
  0
VERTEX
  8
0
 10
686.997652
 20
830.997135
 42
-0.150183
  0
VERTEX
  8
0
 10
686.218115
 20
830.479553
 42
-0.043326
  0
VERTEX
  8
0
 10
684.784878
 20
830.186943
 42
-0.041383
  0
VERTEX
  8
0
 10
683.369804
 20
830.141539
 42
-0.133234
  0
VERTEX
  8
0
 10
682.482211
 20
830.431301
 42
-0.139727
  0
VERTEX
  8
0
 10
681.887216
 20
831.119790
 42
-0.047316
  0
VERTEX
  8
0
 10
681.440735
 20
832.380108
 42
-0.058249
  0
VERTEX
  8
0
 10
681.155119
 20
834.572647
 42
-0.168726
  0
VERTEX
  8
0
 10
681.631348
 20
836.004288
 42
-0.186534
  0
VERTEX
  8
0
 10
682.848820
 20
836.744932
 42
-0.073360
  0
VERTEX
  8
0
 10
684.844436
 20
836.807310
 42
-0.045556
  0
VERTEX
  8
0
 10
686.236140
 20
836.516118
 42
-0.150358
  0
VERTEX
  8
0
 10
687.003094
 20
835.996147
 42
-0.135594
  0
VERTEX
  8
0
 10
687.389969
 20
835.098631
 42
-0.034373
  0
SEQEND
  0
POLYLINE
  8
0
 66
1
 70
1
  0
VERTEX
  8
0
 10
761.837492
 20
836.105789
 42
-0.117973
  0
VERTEX
  8
0
 10
762.324938
 20
835.612530
 42
-0.060924
  0
VERTEX
  8
0
 10
762.682958
 20
834.817056
 42
-0.055447
  0
VERTEX
  8
0
 10
762.867136
 20
833.861627
 42
-0.055085
  0
VERTEX
  8
0
 10
762.837492
 20
832.886910
 42
0.000000
  0
VERTEX
  8
0
 10
762.500000
 20
830.500000
 42
0.000000
  0
VERTEX
  8
0
 10
726.013695
 20
830.500000
 42
-0.000894
  0
VERTEX
  8
0
 10
703.337099
 20
830.540549
 42
-0.011370
  0
VERTEX
  8
0
 10
694.818511
 20
830.764777
 42
-0.024609
  0
VERTEX
  8
0
 10
690.328232
 20
831.207439
 42
-0.318418
  0
VERTEX
  8
0
 10
689.179122
 20
832.308413
 42
-0.243041
  0
VERTEX
  8
0
 10
689.962219
 20
834.965728
 42
-0.171511
  0
VERTEX
  8
0
 10
692.793421
 20
836.395559
 42
-0.030674
  0
VERTEX
  8
0
 10
700.040862
 20
836.879057
 42
-0.001362
  0
VERTEX
  8
0
 10
725.208881
 20
836.943511
 42
-0.002204
  0
VERTEX
  8
0
 10
738.833133
 20
836.881248
 42
-0.003472
  0
VERTEX
  8
0
 10
750.526122
 20
836.695057
 42
-0.000912
  0
VERTEX
  8
0
 10
760.711868
 20
836.443517
 42
-0.133269
  0
SEQEND
  0
POLYLINE
  8
0
 66
1
 70
1
  0
VERTEX
  8
0
 10
766.500000
 20
832.166667
 42
-0.165439
  0
VERTEX
  8
0
 10
766.193715
 20
831.266326
 42
-0.277325
  0
VERTEX
  8
0
 10
765.472826
 20
830.983457
 42
-0.191218
  0
VERTEX
  8
0
 10
764.642725
 20
831.486701
 42
-0.111376
  0
VERTEX
  8
0
 10
764.154497
 20
832.562347
 42
-0.058438
  0
VERTEX
  8
0
 10
764.095579
 20
833.233934
 42
-0.165894
  0
VERTEX
  8
0
 10
764.258082
 20
833.668250
 42
-0.209098
  0
VERTEX
  8
0
 10
764.619166
 20
833.852447
 42
-0.095591
  0
VERTEX
  8
0
 10
765.154497
 20
833.781834
 42
-0.072298
  0
VERTEX
  8
0
 10
765.668818
 20
833.523099
 42
-0.066546
  0
VERTEX
  8
0
 10
766.104758
 20
833.122372
 42
-0.070355
  0
VERTEX
  8
0
 10
766.399395
 20
832.646187
 42
-0.103772
  0
SEQEND
  0
POLYLINE
  8
0
 66
1
 70
1
  0
VERTEX
  8
0
 10
849.000000
 20
832.559017
 42
-0.057944
  0
VERTEX
  8
0
 10
848.930946
 20
831.965145
 42
-0.050295
  0
VERTEX
  8
0
 10
848.726548
 20
831.372320
 42
-0.052935
  0
VERTEX
  8
0
 10
848.425599
 20
830.868321
 42
-0.093559
  0
VERTEX
  8
0
 10
848.069098
 20
830.542705
 42
-0.221150
  0
VERTEX
  8
0
 10
847.249279
 20
830.445281
 42
-0.173073
  0
VERTEX
  8
0
 10
846.532901
 20
831.000994
 42
-0.137775
  0
VERTEX
  8
0
 10
846.228407
 20
832.005022
 42
-0.144545
  0
VERTEX
  8
0
 10
846.500000
 20
833.000000
 42
-0.106623
  0
VERTEX
  8
0
 10
847.247001
 20
833.776532
 42
-0.194118
  0
VERTEX
  8
0
 10
848.094833
 20
833.956238
 42
-0.221941
  0
VERTEX
  8
0
 10
848.748994
 20
833.497670
 42
-0.131397
  0
SEQEND
  0
POLYLINE
  8
0
 66
1
 70
1
  0
VERTEX
  8
0
 10
595.484817
 20
831.024567
 42
-0.571715
  0
VERTEX
  8
0
 10
595.222420
 20
830.526825
 42
-0.003030
  0
VERTEX
  8
0
 10
588.531454
 20
830.253255
 42
-0.006575
  0
VERTEX
  8
0
 10
579.472583
 20
830.057050
 42
-0.002127
  0
VERTEX
  8
0
 10
566.059017
 20
830.000000
 42
-0.002482
  0
VERTEX
  8
0
 10
553.698327
 20
830.061363
 42
-0.005378
  0
VERTEX
  8
0
 10
544.199420
 20
830.257862
 42
-0.001363
  0
VERTEX
  8
0
 10
536.405842
 20
830.524225
 42
-0.403450
  0
VERTEX
  8
0
 10
536.000000
 20
830.945321
 42
-0.413141
  0
VERTEX
  8
0
 10
536.970633
 20
831.919516
 42
-0.000583
  0
VERTEX
  8
0
 10
565.431768
 20
831.990612
 42
-0.000682
  0
VERTEX
  8
0
 10
593.756605
 20
831.989691
 42
-0.259560
  0
SEQEND
  0
POLYLINE
  8
0
 66
1
 70
1
  0
VERTEX
  8
0
 10
600.500000
 20
831.000000
 42
-0.064269
  0
VERTEX
  8
0
 10
600.189439
 20
830.617474
 42
-0.051777
  0
VERTEX
  8
0
 10
599.769763
 20
830.293750
 42
-0.053414
  0
VERTEX
  8
0
 10
599.310186
 20
830.073533
 42
-0.085235
  0
VERTEX
  8
0
 10
598.881966
 20
830.000000
 42
-0.117858
  0
VERTEX
  8
0
 10
598.550471
 20
830.079239
 42
-0.186277
  0
VERTEX
  8
0
 10
598.357263
 20
830.293750
 42
-0.154201
  0
VERTEX
  8
0
 10
598.338175
 20
830.617617
 42
-0.076764
  0
VERTEX
  8
0
 10
598.500000
 20
831.000000
 42
-0.064269
  0
VERTEX
  8
0
 10
598.810561
 20
831.382526
 42
-0.051777
  0
VERTEX
  8
0
 10
599.230237
 20
831.706250
 42
-0.053414
  0
VERTEX
  8
0
 10
599.689814
 20
831.926467
 42
-0.085235
  0
VERTEX
  8
0
 10
600.118034
 20
832.000000
 42
-0.117858
  0
VERTEX
  8
0
 10
600.449529
 20
831.920761
 42
-0.186277
  0
VERTEX
  8
0
 10
600.642737
 20
831.706250
 42
-0.154201
  0
VERTEX
  8
0
 10
600.661825
 20
831.382383
 42
-0.076764
  0
SEQEND
  0
POLYLINE
  8
0
 66
1
 70
1
  0
VERTEX
  8
0
 10
687.553851
 20
827.912868
 42
-0.190717
  0
VERTEX
  8
0
 10
687.763962
 20
826.735958
 42
-0.171854
  0
VERTEX
  8
0
 10
687.124253
 20
825.670270
 42
-0.175934
  0
VERTEX
  8
0
 10
685.969950
 20
825.260019
 42
-0.197141
  0
VERTEX
  8
0
 10
684.887132
 20
825.712868
 42
-0.144911
  0
VERTEX
  8
0
 10
684.366354
 20
826.671654
 42
-0.134859
  0
VERTEX
  8
0
 10
684.431624
 20
827.789156
 42
-0.143758
  0
VERTEX
  8
0
 10
685.047584
 20
828.666716
 42
-0.169916
  0
VERTEX
  8
0
 10
686.000000
 20
829.000000
 42
-0.100929
  0
VERTEX
  8
0
 10
686.386686
 20
828.921141
 42
-0.052079
  0
VERTEX
  8
0
 10
686.820255
 20
828.680655
 42
-0.048757
  0
VERTEX
  8
0
 10
687.231435
 20
828.328718
 42
-0.053016
  0
SEQEND
  0
POLYLINE
  8
0
 66
1
 70
1
  0
VERTEX
  8
0
 10
678.000000
 20
825.500000
 42
-0.390230
  0
VERTEX
  8
0
 10
677.223069
 20
824.656113
 42
-0.010316
  0
VERTEX
  8
0
 10
671.701613
 20
824.313667
 42
-0.009113
  0
VERTEX
  8
0
 10
662.475819
 20
824.100655
 42
-0.001215
  0
VERTEX
  8
0
 10
643.000000
 20
824.053333
 42
-0.001215
  0
VERTEX
  8
0
 10
623.524181
 20
824.100655
 42
-0.009113
  0
VERTEX
  8
0
 10
614.298387
 20
824.313667
 42
-0.010316
  0
VERTEX
  8
0
 10
608.776931
 20
824.656113
 42
-0.390230
  0
VERTEX
  8
0
 10
608.000000
 20
825.500000
 42
-0.390230
  0
VERTEX
  8
0
 10
608.776931
 20
826.343887
 42
-0.010316
  0
VERTEX
  8
0
 10
614.298387
 20
826.686333
 42
-0.009113
  0
VERTEX
  8
0
 10
623.524181
 20
826.899345
 42
-0.001215
  0
VERTEX
  8
0
 10
643.000000
 20
826.946667
 42
-0.001215
  0
VERTEX
  8
0
 10
662.475819
 20
826.899345
 42
-0.009113
  0
VERTEX
  8
0
 10
671.701613
 20
826.686333
 42
-0.010316
  0
VERTEX
  8
0
 10
677.223069
 20
826.343887
 42
-0.390230
  0
SEQEND
  0
POLYLINE
  8
0
 66
1
 70
1
  0
VERTEX
  8
0
 10
929.500000
 20
825.500000
 42
-0.410330
  0
VERTEX
  8
0
 10
928.735571
 20
824.725352
 42
-0.000239
  0
VERTEX
  8
0
 10
893.785638
 20
824.277975
 42
-0.000444
  0
VERTEX
  8
0
 10
859.415707
 20
823.884976
 42
-0.141973
  0
VERTEX
  8
0
 10
856.830760
 20
824.604596
 42
-0.100237
  0
VERTEX
  8
0
 10
856.542512
 20
824.874953
 42
-0.098219
  0
VERTEX
  8
0
 10
856.379580
 20
825.238047
 42
-0.097658
  0
VERTEX
  8
0
 10
856.367073
 20
825.637618
 42
-0.097852
  0
VERTEX
  8
0
 10
856.507240
 20
826.011714
 42
-0.261380
  0
VERTEX
  8
0
 10
858.142297
 20
826.917519
 42
-0.000398
  0
VERTEX
  8
0
 10
893.294448
 20
826.699035
 42
-0.000340
  0
VERTEX
  8
0
 10
928.580083
 20
826.427650
 42
-0.411764
  0
SEQEND
  0
POLYLINE
  8
0
 66
1
 70
1
  0
VERTEX
  8
0
 10
687.000000
 20
755.000000
 42
-0.099038
  0
VERTEX
  8
0
 10
686.923658
 20
754.618362
 42
-0.097945
  0
VERTEX
  8
0
 10
686.706250
 20
754.293750
 42
-0.097945
  0
VERTEX
  8
0
 10
686.381638
 20
754.076342
 42
-0.099038
  0
VERTEX
  8
0
 10
686.000000
 20
754.000000
 42
-0.099038
  0
VERTEX
  8
0
 10
685.618362
 20
754.076342
 42
-0.097945
  0
VERTEX
  8
0
 10
685.293750
 20
754.293750
 42
-0.097945
  0
VERTEX
  8
0
 10
685.076342
 20
754.618362
 42
-0.099038
  0
VERTEX
  8
0
 10
685.000000
 20
755.000000
 42
-0.099038
  0
VERTEX
  8
0
 10
685.076342
 20
755.381638
 42
-0.097945
  0
VERTEX
  8
0
 10
685.293750
 20
755.706250
 42
-0.097945
  0
VERTEX
  8
0
 10
685.618362
 20
755.923658
 42
-0.099038
  0
VERTEX
  8
0
 10
686.000000
 20
756.000000
 42
-0.099038
  0
VERTEX
  8
0
 10
686.381638
 20
755.923658
 42
-0.097945
  0
VERTEX
  8
0
 10
686.706250
 20
755.706250
 42
-0.097945
  0
VERTEX
  8
0
 10
686.923658
 20
755.381638
 42
-0.099038
  0
SEQEND
  0
POLYLINE
  8
0
 66
1
 70
1
  0
VERTEX
  8
0
 10
854.250000
 20
754.607954
 42
-0.030254
  0
VERTEX
  8
0
 10
855.675076
 20
753.383569
 42
-0.271252
  0
VERTEX
  8
0
 10
855.886940
 20
752.620291
 42
-0.301898
  0
VERTEX
  8
0
 10
855.326106
 20
752.123016
 42
-0.034766
  0
VERTEX
  8
0
 10
853.559017
 20
752.000000
 42
-0.065277
  0
VERTEX
  8
0
 10
851.848824
 20
752.224228
 42
-0.129446
  0
VERTEX
  8
0
 10
850.669060
 20
752.896895
 42
-0.185244
  0
VERTEX
  8
0
 10
850.219421
 20
753.880416
 42
-0.155240
  0
VERTEX
  8
0
 10
850.500000
 20
755.000000
 42
-0.096769
  0
VERTEX
  8
0
 10
851.150201
 20
755.702841
 42
-0.185979
  0
VERTEX
  8
0
 10
851.880445
 20
755.899911
 42
-0.111746
  0
VERTEX
  8
0
 10
852.829570
 20
755.578271
 42
-0.025006
  0
SEQEND
  0
POLYLINE
  8
0
 66
1
 70
1
  0
VERTEX
  8
0
 10
687.500000
 20
732.000000
 42
0.000000
  0
VERTEX
  8
0
 10
687.500000
 20
711.500000
 42
0.000000
  0
VERTEX
  8
0
 10
684.500000
 20
711.500000
 42
0.000000
  0
VERTEX
  8
0
 10
681.500000
 20
711.500000
 42
0.000000
  0
VERTEX
  8
0
 10
681.322786
 20
731.463262
 42
-0.001874
  0
VERTEX
  8
0
 10
681.283302
 20
739.161967
 42
-0.002980
  0
VERTEX
  8
0
 10
681.313475
 20
745.749759
 42
-0.000667
  0
VERTEX
  8
0
 10
681.382031
 20
751.522408
 42
-0.135919
  0
VERTEX
  8
0
 10
681.539942
 20
752.064628
 42
-0.185244
  0
VERTEX
  8
0
 10
681.857669
 20
752.306609
 42
-0.029307
  0
VERTEX
  8
0
 10
682.635926
 20
752.485513
 42
-0.029166
  0
VERTEX
  8
0
 10
683.622648
 20
752.593532
 42
-0.021787
  0
VERTEX
  8
0
 10
684.717156
 20
752.601366
 42
0.000000
  0
VERTEX
  8
0
 10
687.500000
 20
752.500000
 42
0.000000
  0
SEQEND
  0
POLYLINE
  8
0
 66
1
 70
1
  0
VERTEX
  8
0
 10
856.500000
 20
723.478715
 42
0.000000
  0
VERTEX
  8
0
 10
856.500000
 20
696.500000
 42
0.000000
  0
VERTEX
  8
0
 10
853.500000
 20
696.500000
 42
0.000000
  0
VERTEX
  8
0
 10
850.500000
 20
696.500000
 42
0.000000
  0
VERTEX
  8
0
 10
850.274066
 20
722.884432
 42
-0.001786
  0
VERTEX
  8
0
 10
850.223298
 20
733.056706
 42
-0.002846
  0
VERTEX
  8
0
 10
850.260473
 20
741.754624
 42
-0.000610
  0
VERTEX
  8
0
 10
850.345864
 20
749.387904
 42
-0.136124
  0
VERTEX
  8
0
 10
850.545058
 20
750.072906
 42
-0.171113
  0
VERTEX
  8
0
 10
850.913688
 20
750.369955
 42
-0.039310
  0
VERTEX
  8
0
 10
851.697658
 20
750.579143
 42
-0.036225
  0
VERTEX
  8
0
 10
852.689775
 20
750.688476
 42
-0.028521
  0
VERTEX
  8
0
 10
853.770992
 20
750.667188
 42
0.000000
  0
VERTEX
  8
0
 10
856.500000
 20
750.457429
 42
0.000000
  0
SEQEND
  0
POLYLINE
  8
0
 66
1
 70
1
  0
VERTEX
  8
0
 10
424.000000
 20
703.500000
 42
0.000000
  0
VERTEX
  8
0
 10
424.000000
 20
697.000000
 42
0.000000
  0
VERTEX
  8
0
 10
417.393011
 20
697.000000
 42
-0.006954
  0
VERTEX
  8
0
 10
413.736115
 20
697.050859
 42
-0.057552
  0
VERTEX
  8
0
 10
412.094405
 20
697.286885
 42
-0.204629
  0
VERTEX
  8
0
 10
411.448238
 20
697.789882
 42
-0.221538
  0
VERTEX
  8
0
 10
411.393011
 20
698.581787
 42
0.053491
  0
VERTEX
  8
0
 10
411.628066
 20
699.467065
 42
0.012737
  0
VERTEX
  8
0
 10
411.821697
 20
700.981424
 42
0.012953
  0
VERTEX
  8
0
 10
411.955401
 20
702.742031
 42
0.012473
  0
VERTEX
  8
0
 10
412.000000
 20
704.529528
 42
0.000000
  0
VERTEX
  8
0
 10
412.000000
 20
708.895481
 42
0.000000
  0
VERTEX
  8
0
 10
417.250000
 20
709.262758
 42
0.002325
  0
VERTEX
  8
0
 10
419.315627
 20
709.416920
 42
0.003160
  0
VERTEX
  8
0
 10
421.178125
 20
709.576486
 42
0.002105
  0
VERTEX
  8
0
 10
422.739188
 20
709.726802
 42
0.035418
  0
VERTEX
  8
0
 10
423.250000
 20
709.815018
 42
-0.434402
  0
VERTEX
  8
0
 10
423.546928
 20
709.621413
 42
-0.013794
  0
VERTEX
  8
0
 10
423.779688
 20
708.036286
 42
-0.018711
  0
VERTEX
  8
0
 10
423.946218
 20
705.979557
 42
-0.010844
  0
SEQEND
  0
POLYLINE
  8
0
 66
1
 70
1
  0
VERTEX
  8
0
 10
687.500000
 20
695.500000
 42
0.000000
  0
VERTEX
  8
0
 10
687.500000
 20
681.500000
 42
0.000000
  0
VERTEX
  8
0
 10
681.000000
 20
681.500000
 42
0.000000
  0
VERTEX
  8
0
 10
674.500000
 20
681.500000
 42
0.000000
  0
VERTEX
  8
0
 10
674.300307
 20
694.926890
 42
-0.003241
  0
VERTEX
  8
0
 10
674.256687
 20
700.126197
 42
-0.004985
  0
VERTEX
  8
0
 10
674.292968
 20
704.625953
 42
-0.001819
  0
VERTEX
  8
0
 10
674.376695
 20
708.488967
 42
-0.132840
  0
VERTEX
  8
0
 10
674.555743
 20
709.090194
 42
-0.224915
  0
VERTEX
  8
0
 10
674.995185
 20
709.374819
 42
-0.011739
  0
VERTEX
  8
0
 10
676.711519
 20
709.562316
 42
-0.016689
  0
VERTEX
  8
0
 10
678.829622
 20
709.672473
 42
-0.011183
  0
VERTEX
  8
0
 10
681.255436
 20
709.663304
 42
0.000000
  0
VERTEX
  8
0
 10
687.500000
 20
709.500000
 42
0.000000
  0
SEQEND
  0
POLYLINE
  8
0
 66
1
 70
1
  0
VERTEX
  8
0
 10
1105.000000
 20
695.500000
 42
0.000000
  0
VERTEX
  8
0
 10
1105.000000
 20
681.000000
 42
0.000000
  0
VERTEX
  8
0
 10
1098.000000
 20
681.000000
 42
0.000000
  0
VERTEX
  8
0
 10
1091.000000
 20
681.000000
 42
0.000000
  0
VERTEX
  8
0
 10
1091.000000
 20
695.500000
 42
0.000000
  0
VERTEX
  8
0
 10
1091.000000
 20
710.000000
 42
0.000000
  0
VERTEX
  8
0
 10
1098.000000
 20
710.000000
 42
0.000000
  0
VERTEX
  8
0
 10
1105.000000
 20
710.000000
 42
0.000000
  0
SEQEND
  0
POLYLINE
  8
0
 66
1
 70
1
  0
VERTEX
  8
0
 10
672.444927
 20
692.000000
 42
0.000000
  0
VERTEX
  8
0
 10
672.445158
 20
689.500000
 42
0.000000
  0
VERTEX
  8
0
 10
626.972579
 20
689.175469
 42
-0.001855
  0
VERTEX
  8
0
 10
604.230992
 20
689.097551
 42
-0.000685
  0
VERTEX
  8
0
 10
572.165383
 20
689.150576
 42
-0.000679
  0
VERTEX
  8
0
 10
537.158679
 20
689.303907
 42
-0.000817
  0
VERTEX
  8
0
 10
504.250000
 20
689.546453
 42
-0.000378
  0
VERTEX
  8
0
 10
454.896642
 20
690.028104
 42
-0.005663
  0
VERTEX
  8
0
 10
437.684988
 20
690.404062
 42
-0.007723
  0
VERTEX
  8
0
 10
428.165058
 20
690.867194
 42
-0.395574
  0
VERTEX
  8
0
 10
427.000000
 20
692.109378
 42
-0.368493
  0
VERTEX
  8
0
 10
427.985562
 20
693.265076
 42
-0.025977
  0
VERTEX
  8
0
 10
432.542288
 20
693.752839
 42
-0.011099
  0
VERTEX
  8
0
 10
441.416743
 20
694.041321
 42
-0.000782
  0
VERTEX
  8
0
 10
466.250000
 20
694.258225
 42
-0.000975
  0
VERTEX
  8
0
 10
486.828031
 20
694.365649
 42
-0.000285
  0
VERTEX
  8
0
 10
518.490315
 20
694.451167
 42
-0.000286
  0
VERTEX
  8
0
 10
554.135828
 20
694.506765
 42
-0.000306
  0
VERTEX
  8
0
 10
588.972349
 20
694.519833
 42
0.000000
  0
VERTEX
  8
0
 10
672.444697
 20
694.500000
 42
0.000000
  0
SEQEND
  0
POLYLINE
  8
0
 66
1
 70
1
  0
VERTEX
  8
0
 10
856.500000
 20
669.000000
 42
0.000000
  0
VERTEX
  8
0
 10
856.500000
 20
643.500000
 42
0.000000
  0
VERTEX
  8
0
 10
853.500000
 20
643.500000
 42
0.000000
  0
VERTEX
  8
0
 10
850.500000
 20
643.500000
 42
0.000000
  0
VERTEX
  8
0
 10
850.298857
 20
668.424544
 42
-0.002073
  0
VERTEX
  8
0
 10
850.261127
 20
678.042482
 42
-0.003280
  0
VERTEX
  8
0
 10
850.317064
 20
686.286816
 42
-0.000808
  0
VERTEX
  8
0
 10
850.424790
 20
693.486256
 42
-0.135061
  0
VERTEX
  8
0
 10
850.643294
 20
694.231854
 42
-0.166059
  0
VERTEX
  8
0
 10
851.031930
 20
694.551375
 42
-0.045313
  0
VERTEX
  8
0
 10
851.808681
 20
694.765035
 42
-0.040606
  0
VERTEX
  8
0
 10
852.787845
 20
694.860014
 42
-0.032697
  0
VERTEX
  8
0
 10
853.844436
 20
694.807310
 42
0.000000
  0
VERTEX
  8
0
 10
856.500000
 20
694.500000
 42
0.000000
  0
SEQEND
  0
POLYLINE
  8
0
 66
1
 70
1
  0
VERTEX
  8
0
 10
424.000000
 20
688.000000
 42
0.000000
  0
VERTEX
  8
0
 10
424.000000
 20
682.000000
 42
0.000000
  0
VERTEX
  8
0
 10
413.875000
 20
682.000000
 42
0.000000
  0
VERTEX
  8
0
 10
403.750000
 20
682.000000
 42
0.000000
  0
VERTEX
  8
0
 10
404.375000
 20
685.125000
 42
0.014289
  0
VERTEX
  8
0
 10
404.614557
 20
686.530513
 42
0.009113
  0
VERTEX
  8
0
 10
404.816406
 20
688.176563
 42
0.009154
  0
VERTEX
  8
0
 10
404.955451
 20
689.799160
 42
0.016795
  0
VERTEX
  8
0
 10
405.000000
 20
691.125000
 42
0.000000
  0
VERTEX
  8
0
 10
405.000000
 20
694.000000
 42
0.000000
  0
VERTEX
  8
0
 10
414.500000
 20
694.000000
 42
0.000000
  0
VERTEX
  8
0
 10
424.000000
 20
694.000000
 42
0.000000
  0
SEQEND
  0
POLYLINE
  8
0
 66
1
 70
1
  0
VERTEX
  8
0
 10
672.500000
 20
684.500000
 42
0.000000
  0
VERTEX
  8
0
 10
672.500000
 20
681.500000
 42
0.000000
  0
VERTEX
  8
0
 10
549.750000
 20
681.246048
 42
0.000000
  0
VERTEX
  8
0
 10
427.000000
 20
680.992096
 42
0.000000
  0
VERTEX
  8
0
 10
427.000000
 20
683.984305
 42
0.000000
  0
VERTEX
  8
0
 10
427.000000
 20
686.976513
 42
0.000000
  0
VERTEX
  8
0
 10
465.750000
 20
687.258193
 42
-0.000999
  0
VERTEX
  8
0
 10
486.150717
 20
687.365738
 42
-0.000285
  0
VERTEX
  8
0
 10
517.792187
 20
687.451273
 42
-0.000287
  0
VERTEX
  8
0
 10
553.498151
 20
687.506888
 42
-0.000305
  0
VERTEX
  8
0
 10
588.500000
 20
687.519936
 42
0.000000
  0
VERTEX
  8
0
 10
672.500000
 20
687.500000
 42
0.000000
  0
SEQEND
  0
POLYLINE
  8
0
 66
1
 70
1
  0
VERTEX
  8
0
 10
1090.000000
 20
684.007968
 42
0.015755
  0
VERTEX
  8
0
 10
1090.079657
 20
681.480641
 42
0.165185
  0
VERTEX
  8
0
 10
1090.468315
 20
680.536283
 42
0.192783
  0
VERTEX
  8
0
 10
1091.324325
 20
680.099241
 42
0.022795
  0
VERTEX
  8
0
 10
1093.500000
 20
680.000000
 42
0.000000
  0
VERTEX
  8
0
 10
1097.000000
 20
680.000000
 42
0.000000
  0
VERTEX
  8
0
 10
1097.000000
 20
509.500000
 42
0.000000
  0
VERTEX
  8
0
 10
1097.000000
 20
339.000000
 42
0.000000
  0
VERTEX
  8
0
 10
1093.500000
 20
339.000000
 42
0.000000
  0
VERTEX
  8
0
 10
1090.000000
 20
339.000000
 42
0.000000
  0
VERTEX
  8
0
 10
1090.000000
 20
331.000000
 42
0.000000
  0
VERTEX
  8
0
 10
1090.000000
 20
323.000000
 42
0.000000
  0
VERTEX
  8
0
 10
1093.500000
 20
323.000000
 42
0.000000
  0
VERTEX
  8
0
 10
1097.000000
 20
323.000000
 42
0.000000
  0
VERTEX
  8
0
 10
1097.000000
 20
299.500000
 42
0.000000
  0
VERTEX
  8
0
 10
1097.000000
 20
276.000000
 42
0.000000
  0
VERTEX
  8
0
 10
1058.000000
 20
276.000000
 42
0.000000
  0
VERTEX
  8
0
 10
1019.000000
 20
276.000000
 42
0.000000
  0
VERTEX
  8
0
 10
1019.000000
 20
273.000000
 42
0.000000
  0
VERTEX
  8
0
 10
1019.000000
 20
270.000000
 42
0.000000
  0
VERTEX
  8
0
 10
997.000000
 20
270.000000
 42
0.000000
  0
VERTEX
  8
0
 10
975.000000
 20
270.000000
 42
0.000000
  0
VERTEX
  8
0
 10
975.000000
 20
273.000000
 42
0.030103
  0
VERTEX
  8
0
 10
974.902765
 20
274.613599
 42
0.144586
  0
VERTEX
  8
0
 10
974.541667
 20
275.450000
 42
0.173074
  0
VERTEX
  8
0
 10
973.824437
 20
275.873428
 42
0.047675
  0
VERTEX
  8
0
 10
972.500000
 20
276.000000
 42
0.047675
  0
VERTEX
  8
0
 10
971.175563
 20
275.873428
 42
0.173074
  0
VERTEX
  8
0
 10
970.458333
 20
275.450000
 42
0.144586
  0
VERTEX
  8
0
 10
970.097235
 20
274.613599
 42
0.030103
  0
VERTEX
  8
0
 10
970.000000
 20
273.000000
 42
0.000000
  0
VERTEX
  8
0
 10
970.000000
 20
270.000000
 42
0.000000
  0
VERTEX
  8
0
 10
948.000000
 20
270.000000
 42
-0.003196
  0
VERTEX
  8
0
 10
939.572231
 20
270.053864
 42
-0.005370
  0
VERTEX
  8
0
 10
932.497286
 20
270.220312
 42
-0.001172
  0
VERTEX
  8
0
 10
926.369141
 20
270.444745
 42
-0.449108
  0
VERTEX
  8
0
 10
926.118421
 20
270.750000
 42
0.032684
  0
VERTEX
  8
0
 10
926.157355
 20
271.175450
 42
0.006479
  0
VERTEX
  8
0
 10
926.167270
 20
271.940625
 42
0.006835
  0
VERTEX
  8
0
 10
926.155062
 20
272.833590
 42
0.006311
  0
VERTEX
  8
0
 10
926.118421
 20
273.750000
 42
0.000000
  0
VERTEX
  8
0
 10
926.000000
 20
276.000000
 42
0.000000
  0
VERTEX
  8
0
 10
892.000000
 20
276.000000
 42
0.000000
  0
VERTEX
  8
0
 10
858.000000
 20
276.000000
 42
0.000000
  0
VERTEX
  8
0
 10
858.000000
 20
299.500000
 42
0.000000
  0
VERTEX
  8
0
 10
858.000000
 20
323.000000
 42
0.000000
  0
VERTEX
  8
0
 10
861.500000
 20
323.000000
 42
0.000000
  0
VERTEX
  8
0
 10
865.000000
 20
323.000000
 42
0.000000
  0
VERTEX
  8
0
 10
865.000000
 20
331.000000
 42
0.000000
  0
VERTEX
  8
0
 10
865.000000
 20
339.000000
 42
0.000000
  0
VERTEX
  8
0
 10
861.526046
 20
339.000000
 42
0.000000
  0
VERTEX
  8
0
 10
858.052092
 20
339.000000
 42
0.000000
  0
VERTEX
  8
0
 10
857.747984
 20
354.250000
 42
0.000000
  0
VERTEX
  8
0
 10
857.443876
 20
369.500000
 42
0.000000
  0
VERTEX
  8
0
 10
857.221938
 20
353.750000
 42
0.000000
  0
VERTEX
  8
0
 10
857.000000
 20
338.000000
 42
0.000000
  0
VERTEX
  8
0
 10
860.500000
 20
338.000000
 42
0.000000
  0
VERTEX
  8
0
 10
864.000000
 20
338.000000
 42
0.000000
  0
VERTEX
  8
0
 10
864.000000
 20
331.000000
 42
0.000000
  0
VERTEX
  8
0
 10
864.000000
 20
324.000000
 42
0.000000
  0
VERTEX
  8
0
 10
860.500000
 20
324.000000
 42
0.000000
  0
VERTEX
  8
0
 10
857.000000
 20
324.000000
 42
0.000000
  0
VERTEX
  8
0
 10
857.000000
 20
299.500000
 42
0.000000
  0
VERTEX
  8
0
 10
857.000000
 20
275.000000
 42
0.000000
  0
VERTEX
  8
0
 10
888.900000
 20
275.000000
 42
0.000000
  0
VERTEX
  8
0
 10
920.800000
 20
275.000000
 42
0.000000
  0
VERTEX
  8
0
 10
920.800000
 20
271.500000
 42
0.000000
  0
VERTEX
  8
0
 10
920.800000
 20
268.000000
 42
0.000000
  0
VERTEX
  8
0
 10
885.390574
 20
268.000000
 42
0.000000
  0
VERTEX
  8
0
 10
849.981147
 20
268.000000
 42
0.000000
  0
VERTEX
  8
0
 10
850.240574
 20
416.750000
 42
0.000000
  0
VERTEX
  8
0
 10
850.500000
 20
565.500000
 42
0.000000
  0
VERTEX
  8
0
 10
853.500000
 20
565.500000
 42
0.000000
  0
VERTEX
  8
0
 10
856.500000
 20
565.500000
 42
0.000000
  0
VERTEX
  8
0
 10
856.754654
 20
542.500000
 42
0.000841
  0
VERTEX
  8
0
 10
856.874436
 20
533.107783
 42
0.000894
  0
VERTEX
  8
0
 10
857.023712
 20
523.906250
 42
0.000850
  0
VERTEX
  8
0
 10
857.179806
 20
515.987042
 42
0.004134
  0
VERTEX
  8
0
 10
857.312999
 20
511.500000
 42
0.962800
  0
VERTEX
  8
0
 10
857.442065
 20
511.500005
 42
0.005255
  0
VERTEX
  8
0
 10
857.576792
 20
516.425000
 42
0.002163
  0
VERTEX
  8
0
 10
857.699108
 20
526.199661
 42
0.000881
  0
VERTEX
  8
0
 10
857.784556
 20
539.500000
 42
-0.000392
  0
VERTEX
  8
0
 10
857.862048
 20
553.725914
 42
-0.000518
  0
VERTEX
  8
0
 10
857.956248
 20
566.687500
 42
-0.000371
  0
VERTEX
  8
0
 10
858.054548
 20
577.554930
 42
-0.005088
  0
VERTEX
  8
0
 10
858.133314
 20
581.500000
 42
0.000000
  0
VERTEX
  8
0
 10
858.314207
 20
587.500000
 42
0.000000
  0
VERTEX
  8
0
 10
859.000000
 20
582.500000
 42
0.000000
  0
VERTEX
  8
0
 10
859.685793
 20
577.500000
 42
0.000000
  0
VERTEX
  8
0
 10
859.842896
 20
583.250000
 42
0.015211
  0
VERTEX
  8
0
 10
859.835795
 20
585.537957
 42
0.028732
  0
VERTEX
  8
0
 10
859.668219
 20
587.374932
 42
0.030713
  0
VERTEX
  8
0
 10
859.387589
 20
588.692690
 42
0.336826
  0
VERTEX
  8
0
 10
858.983160
 20
589.000000
 42
-0.413159
  0
VERTEX
  8
0
 10
858.163178
 20
589.817032
 42
-0.000145
  0
VERTEX
  8
0
 10
858.004340
 20
637.761815
 42
-0.000204
  0
VERTEX
  8
0
 10
857.879840
 20
685.400481
 42
-0.199485
  0
VERTEX
  8
0
 10
858.685902
 20
687.352568
 42
-0.197440
  0
VERTEX
  8
0
 10
859.291711
 20
687.605516
 42
-0.000039
  0
VERTEX
  8
0
 10
893.004103
 20
687.793944
 42
-0.000826
  0
VERTEX
  8
0
 10
930.377547
 20
687.938176
 42
-0.000499
  0
VERTEX
  8
0
 10
974.650386
 20
687.991688
 42
0.000000
  0
VERTEX
  8
0
 10
1090.000000
 20
688.015936
 42
0.000000
  0
SEQEND
  0
POLYLINE
  8
0
 66
1
 70
1
  0
VERTEX
  8
0
 10
673.000000
 20
663.000000
 42
0.000000
  0
VERTEX
  8
0
 10
673.000000
 20
646.000000
 42
0.000000
  0
VERTEX
  8
0
 10
550.000000
 20
646.000000
 42
0.000000
  0
VERTEX
  8
0
 10
427.000000
 20
646.000000
 42
0.000000
  0
VERTEX
  8
0
 10
427.000000
 20
663.000000
 42
0.000000
  0
VERTEX
  8
0
 10
427.000000
 20
680.000000
 42
0.000000
  0
VERTEX
  8
0
 10
550.000000
 20
680.000000
 42
0.000000
  0
VERTEX
  8
0
 10
673.000000
 20
680.000000
 42
0.000000
  0
SEQEND
  0
POLYLINE
  8
0
 66
1
 70
1
  0
VERTEX
  8
0
 10
1105.000000
 20
509.500000
 42
0.000000
  0
VERTEX
  8
0
 10
1105.000000
 20
339.000000
 42
0.000000
  0
VERTEX
  8
0
 10
1101.500000
 20
339.000000
 42
0.000000
  0
VERTEX
  8
0
 10
1098.000000
 20
339.000000
 42
0.000000
  0
VERTEX
  8
0
 10
1098.000000
 20
509.500000
 42
0.000000
  0
VERTEX
  8
0
 10
1098.000000
 20
680.000000
 42
0.000000
  0
VERTEX
  8
0
 10
1101.500000
 20
680.000000
 42
0.000000
  0
VERTEX
  8
0
 10
1105.000000
 20
680.000000
 42
0.000000
  0
SEQEND
  0
POLYLINE
  8
0
 66
1
 70
1
  0
VERTEX
  8
0
 10
409.973885
 20
509.500000
 42
0.000000
  0
VERTEX
  8
0
 10
410.025579
 20
340.000000
 42
0.000000
  0
VERTEX
  8
0
 10
403.135234
 20
340.000000
 42
0.026543
  0
VERTEX
  8
0
 10
397.514112
 20
339.701389
 42
0.184048
  0
VERTEX
  8
0
 10
395.099297
 20
338.474233
 42
0.183190
  0
VERTEX
  8
0
 10
394.107042
 20
335.947827
 42
0.026254
  0
VERTEX
  8
0
 10
394.336633
 20
330.297997
 42
0.016539
  0
VERTEX
  8
0
 10
394.667397
 20
327.690708
 42
0.022290
  0
VERTEX
  8
0
 10
395.148826
 20
325.361645
 42
0.020205
  0
VERTEX
  8
0
 10
395.698927
 20
323.510184
 42
0.170640
  0
VERTEX
  8
0
 10
396.228997
 20
322.837311
 42
0.097616
  0
VERTEX
  8
0
 10
397.039932
 20
322.521923
 42
0.014491
  0
VERTEX
  8
0
 10
398.784130
 20
322.263091
 42
0.015855
  0
VERTEX
  8
0
 10
400.888976
 20
322.080280
 42
0.013054
  0
VERTEX
  8
0
 10
403.142509
 20
322.015313
 42
0.000000
  0
VERTEX
  8
0
 10
408.785018
 20
322.000000
 42
0.000000
  0
VERTEX
  8
0
 10
409.474549
 20
304.750000
 42
-0.002765
  0
VERTEX
  8
0
 10
409.713342
 20
297.815622
 42
-0.003253
  0
VERTEX
  8
0
 10
409.860462
 20
291.245313
 42
-0.002857
  0
VERTEX
  8
0
 10
409.916895
 20
285.695179
 42
-0.020193
  0
VERTEX
  8
0
 10
409.820019
 20
283.000000
 42
0.000000
  0
VERTEX
  8
0
 10
409.475958
 20
278.500000
 42
0.000000
  0
VERTEX
  8
0
 10
267.987979
 20
278.500000
 42
0.000000
  0
VERTEX
  8
0
 10
126.500000
 20
278.500000
 42
0.000000
  0
VERTEX
  8
0
 10
126.265487
 20
281.000000
 42
-0.027068
  0
VERTEX
  8
0
 10
126.061217
 20
286.180673
 42
-0.000187
  0
VERTEX
  8
0
 10
126.729711
 20
330.481540
 42
-0.000154
  0
VERTEX
  8
0
 10
127.431621
 20
374.985010
 42
-0.934062
  0
VERTEX
  8
0
 10
127.719171
 20
375.000000
 42
0.009995
  0
VERTEX
  8
0
 10
127.906631
 20
373.671988
 42
0.002689
  0
VERTEX
  8
0
 10
128.257580
 20
371.572138
 42
0.002723
  0
VERTEX
  8
0
 10
128.682059
 20
369.191127
 42
0.002815
  0
VERTEX
  8
0
 10
129.127880
 20
366.841322
 42
0.000000
  0
VERTEX
  8
0
 10
130.234527
 20
361.182644
 42
0.000000
  0
VERTEX
  8
0
 10
141.367264
 20
360.487991
 42
0.010761
  0
VERTEX
  8
0
 10
151.467874
 20
360.075710
 42
0.019387
  0
VERTEX
  8
0
 10
159.752762
 20
360.237254
 42
0.016558
  0
VERTEX
  8
0
 10
166.123672
 20
360.821037
 42
0.226964
  0
VERTEX
  8
0
 10
168.026614
 20
362.043063
 42
-0.096963
  0
VERTEX
  8
0
 10
168.526589
 20
362.583101
 42
-0.051718
  0
VERTEX
  8
0
 10
169.316121
 20
363.042773
 42
-0.048754
  0
VERTEX
  8
0
 10
170.252181
 20
363.359699
 42
-0.054473
  0
VERTEX
  8
0
 10
171.197366
 20
363.473853
 42
0.048631
  0
VERTEX
  8
0
 10
172.324712
 20
363.596698
 42
0.158408
  0
VERTEX
  8
0
 10
172.968460
 20
363.965226
 42
0.161148
  0
VERTEX
  8
0
 10
173.266196
 20
364.637147
 42
0.050803
  0
VERTEX
  8
0
 10
173.261790
 20
365.750000
 42
-0.053470
  0
VERTEX
  8
0
 10
173.263277
 20
366.843277
 42
-0.147574
  0
VERTEX
  8
0
 10
173.560913
 20
367.544844
 42
-0.148703
  0
VERTEX
  8
0
 10
174.195109
 20
367.961519
 42
-0.054579
  0
VERTEX
  8
0
 10
175.261790
 20
368.152314
 42
0.000117
  0
VERTEX
  8
0
 10
176.224216
 20
368.218035
 42
0.000092
  0
VERTEX
  8
0
 10
177.265701
 20
368.289592
 42
0.000093
  0
VERTEX
  8
0
 10
178.232766
 20
368.356395
 42
0.000231
  0
VERTEX
  8
0
 10
178.940597
 20
368.405753
 42
0.265201
  0
VERTEX
  8
0
 10
179.662565
 20
368.887633
 42
0.063086
  0
VERTEX
  8
0
 10
180.160104
 20
370.304169
 42
0.033347
  0
VERTEX
  8
0
 10
180.521691
 20
372.778643
 42
0.007616
  0
VERTEX
  8
0
 10
180.789042
 20
377.003438
 42
-0.002601
  0
VERTEX
  8
0
 10
180.963384
 20
380.279552
 42
-0.004130
  0
VERTEX
  8
0
 10
181.150371
 20
383.081860
 42
-0.001048
  0
VERTEX
  8
0
 10
181.338564
 20
385.521578
 42
-0.170867
  0
VERTEX
  8
0
 10
181.446375
 20
385.764597
 42
-0.353515
  0
VERTEX
  8
0
 10
182.386748
 20
385.892496
 42
-0.007423
  0
VERTEX
  8
0
 10
186.652273
 20
383.222551
 42
-0.012355
  0
VERTEX
  8
0
 10
190.672469
 20
380.479114
 42
-0.114463
  0
VERTEX
  8
0
 10
192.050267
 20
378.906075
 42
0.036073
  0
VERTEX
  8
0
 10
192.511160
 20
378.176643
 42
0.041987
  0
VERTEX
  8
0
 10
193.051586
 20
377.559910
 42
0.046658
  0
VERTEX
  8
0
 10
193.588610
 20
377.130878
 42
0.146236
  0
VERTEX
  8
0
 10
194.026531
 20
377.000000
 42
-0.132070
  0
VERTEX
  8
0
 10
194.608694
 20
376.843497
 42
-0.009524
  0
VERTEX
  8
0
 10
196.048738
 20
375.971875
 42
-0.012829
  0
VERTEX
  8
0
 10
197.741913
 20
374.840666
 42
-0.009330
  0
VERTEX
  8
0
 10
199.567943
 20
373.500000
 42
0.009281
  0
VERTEX
  8
0
 10
201.393606
 20
372.159328
 42
0.012774
  0
VERTEX
  8
0
 10
203.085649
 20
371.028125
 42
0.009454
  0
VERTEX
  8
0
 10
204.524678
 20
370.156023
 42
0.132247
  0
VERTEX
  8
0
 10
205.104252
 20
370.000000
 42
-0.114247
  0
VERTEX
  8
0
 10
206.454407
 20
369.687418
 42
-0.000211
  0
VERTEX
  8
0
 10
227.109910
 20
359.570810
 42
-0.001666
  0
VERTEX
  8
0
 10
245.646257
 20
350.405691
 42
-0.006795
  0
VERTEX
  8
0
 10
256.815911
 20
344.645748
 42
0.008587
  0
VERTEX
  8
0
 10
260.860132
 20
342.578546
 42
0.068521
  0
VERTEX
  8
0
 10
262.845844
 20
341.923750
 42
0.100512
  0
VERTEX
  8
0
 10
264.622618
 20
341.956900
 42
0.027978
  0
VERTEX
  8
0
 10
267.315911
 20
342.716658
 42
0.029726
  0
VERTEX
  8
0
 10
274.026325
 20
345.477539
 42
0.002357
  0
VERTEX
  8
0
 10
291.318092
 20
353.925960
 42
0.002693
  0
VERTEX
  8
0
 10
308.376181
 20
362.474661
 42
0.023287
  0
VERTEX
  8
0
 10
315.769417
 20
366.673649
 42
-0.006501
  0
VERTEX
  8
0
 10
317.847533
 20
367.947992
 42
-0.009221
  0
VERTEX
  8
0
 10
319.730801
 20
369.022884
 42
-0.005852
  0
VERTEX
  8
0
 10
321.328381
 20
369.871931
 42
-0.119766
  0
VERTEX
  8
0
 10
321.855373
 20
370.000000
 42
0.216105
  0
VERTEX
  8
0
 10
323.439454
 20
370.718197
 42
0.005398
  0
VERTEX
  8
0
 10
328.723217
 20
376.882027
 42
0.006273
  0
VERTEX
  8
0
 10
333.803397
 20
383.096200
 42
0.169107
  0
VERTEX
  8
0
 10
334.498448
 20
385.075291
 42
-0.141579
  0
VERTEX
  8
0
 10
334.603984
 20
385.436871
 42
-0.006974
  0
VERTEX
  8
0
 10
335.291218
 20
386.487599
 42
-0.010823
  0
VERTEX
  8
0
 10
336.162424
 20
387.721413
 42
-0.007568
  0
VERTEX
  8
0
 10
337.195061
 20
389.075291
 42
0.001114
  0
VERTEX
  8
0
 10
345.349129
 20
399.484596
 42
0.007559
  0
VERTEX
  8
0
 10
349.290512
 20
404.699957
 42
0.006626
  0
VERTEX
  8
0
 10
351.658320
 20
408.025178
 42
0.362461
  0
VERTEX
  8
0
 10
351.593912
 20
408.739421
 42
-0.320879
  0
VERTEX
  8
0
 10
351.524324
 20
409.158892
 42
-0.019314
  0
VERTEX
  8
0
 10
352.166824
 20
410.348446
 42
-0.023103
  0
VERTEX
  8
0
 10
353.116372
 20
411.797618
 42
-0.014415
  0
VERTEX
  8
0
 10
354.353388
 20
413.407813
 42
0.008048
  0
VERTEX
  8
0
 10
355.714703
 20
415.133860
 42
0.007597
  0
VERTEX
  8
0
 10
357.046707
 20
416.935952
 42
0.007579
  0
VERTEX
  8
0
 10
358.177717
 20
418.567468
 42
0.026121
  0
VERTEX
  8
0
 10
358.837986
 20
419.672023
 42
-0.021476
  0
VERTEX
  8
0
 10
359.391244
 20
420.617381
 42
-0.013866
  0
VERTEX
  8
0
 10
360.107843
 20
421.664448
 42
-0.013942
  0
VERTEX
  8
0
 10
360.866793
 20
422.650905
 42
-0.025439
  0
VERTEX
  8
0
 10
361.547528
 20
423.404671
 42
0.042175
  0
VERTEX
  8
0
 10
362.172850
 20
424.145427
 42
0.028444
  0
VERTEX
  8
0
 10
362.760721
 20
425.083250
 42
0.028694
  0
VERTEX
  8
0
 10
363.228666
 20
426.062751
 42
0.049554
  0
VERTEX
  8
0
 10
363.486032
 20
426.927469
 42
-0.072988
  0
VERTEX
  8
0
 10
363.878830
 20
428.052289
 42
-0.009636
  0
VERTEX
  8
0
 10
365.094773
 20
430.272991
 42
-0.011011
  0
VERTEX
  8
0
 10
366.655192
 20
432.862924
 42
-0.009031
  0
VERTEX
  8
0
 10
368.431956
 20
435.561089
 42
0.009113
  0
VERTEX
  8
0
 10
370.181631
 20
438.219068
 42
0.012339
  0
VERTEX
  8
0
 10
371.658137
 20
440.686351
 42
0.009361
  0
VERTEX
  8
0
 10
372.790791
 20
442.780165
 42
0.119856
  0
VERTEX
  8
0
 10
373.000000
 20
443.640375
 42
-0.110866
  0
VERTEX
  8
0
 10
373.183580
 20
444.458135
 42
-0.013136
  0
VERTEX
  8
0
 10
374.028125
 20
446.129292
 42
-0.015179
  0
VERTEX
  8
0
 10
375.159724
 20
448.084942
 42
-0.011908
  0
VERTEX
  8
0
 10
376.500000
 20
450.136319
 42
0.006010
  0
VERTEX
  8
0
 10
377.849829
 20
452.150037
 42
0.008312
  0
VERTEX
  8
0
 10
379.008594
 20
453.990581
 42
0.005588
  0
VERTEX
  8
0
 10
379.932513
 20
455.552792
 42
0.096051
  0
VERTEX
  8
0
 10
380.125000
 20
456.112212
 42
-0.016103
  0
VERTEX
  8
0
 10
380.339749
 20
457.347800
 42
-0.035065
  0
VERTEX
  8
0
 10
380.600334
 20
458.273540
 42
-0.030915
  0
VERTEX
  8
0
 10
381.008645
 20
459.222572
 42
-0.010060
  0
VERTEX
  8
0
 10
381.724750
 20
460.570866
 42
0.054114
  0
VERTEX
  8
0
 10
382.877568
 20
463.295794
 42
0.005415
  0
VERTEX
  8
0
 10
384.843240
 20
470.098882
 42
0.007116
  0
VERTEX
  8
0
 10
386.647702
 20
476.986810
 42
0.024773
  0
VERTEX
  8
0
 10
387.527149
 20
481.500000
 42
-0.012140
  0
VERTEX
  8
0
 10
387.760472
 20
482.882500
 42
-0.006553
  0
VERTEX
  8
0
 10
388.111293
 20
484.573352
 42
-0.006523
  0
VERTEX
  8
0
 10
388.513945
 20
486.287379
 42
-0.010207
  0
VERTEX
  8
0
 10
388.909528
 20
487.749710
 42
0.036259
  0
VERTEX
  8
0
 10
389.340363
 20
489.750249
 42
0.004707
  0
VERTEX
  8
0
 10
389.907908
 20
494.083965
 42
0.005466
  0
VERTEX
  8
0
 10
390.477454
 20
499.246810
 42
0.004543
  0
VERTEX
  8
0
 10
390.973250
 20
504.749710
 42
-0.003676
  0
VERTEX
  8
0
 10
391.467504
 20
510.343999
 42
-0.003982
  0
VERTEX
  8
0
 10
392.032083
 20
515.782727
 42
-0.003753
  0
VERTEX
  8
0
 10
392.588053
 20
520.436297
 42
-0.019270
  0
VERTEX
  8
0
 10
393.014813
 20
523.000000
 42
0.018694
  0
VERTEX
  8
0
 10
393.500902
 20
525.899500
 42
0.001671
  0
VERTEX
  8
0
 10
394.424568
 20
533.228125
 42
0.002176
  0
VERTEX
  8
0
 10
395.459272
 20
541.980068
 42
0.001696
  0
VERTEX
  8
0
 10
396.510079
 20
551.500000
 42
-0.000293
  0
VERTEX
  8
0
 10
397.635810
 20
561.968004
 42
-0.000214
  0
VERTEX
  8
0
 10
398.897643
 20
573.590625
 42
-0.000216
  0
VERTEX
  8
0
 10
400.102649
 20
584.601398
 42
-0.000479
  0
VERTEX
  8
0
 10
401.033608
 20
593.000000
 42
0.009548
  0
VERTEX
  8
0
 10
401.943717
 20
602.836740
 42
0.005638
  0
VERTEX
  8
0
 10
402.673291
 20
614.610473
 42
0.004813
  0
VERTEX
  8
0
 10
403.241775
 20
628.473074
 42
0.002990
  0
VERTEX
  8
0
 10
403.654978
 20
644.750000
 42
0.000000
  0
VERTEX
  8
0
 10
404.319552
 20
679.000000
 42
0.000000
  0
VERTEX
  8
0
 10
407.120871
 20
679.000000
 42
0.000000
  0
VERTEX
  8
0
 10
409.922191
 20
679.000000
 42
0.000000
  0
SEQEND
  0
POLYLINE
  8
0
 66
1
 70
1
  0
VERTEX
  8
0
 10
424.150000
 20
653.500000
 42
0.000339
  0
VERTEX
  8
0
 10
424.214720
 20
643.635916
 42
0.000526
  0
VERTEX
  8
0
 10
424.285313
 20
635.123438
 42
0.000149
  0
VERTEX
  8
0
 10
424.356793
 20
627.711926
 42
0.017474
  0
VERTEX
  8
0
 10
424.400000
 20
626.750000
 42
-0.298367
  0
VERTEX
  8
0
 10
424.094920
 20
626.191668
 42
-0.085067
  0
VERTEX
  8
0
 10
423.110885
 20
625.864400
 42
-0.041748
  0
VERTEX
  8
0
 10
421.352387
 20
625.744817
 42
-0.010688
  0
VERTEX
  8
0
 10
418.500000
 20
625.850184
 42
-0.002332
  0
VERTEX
  8
0
 10
416.199340
 20
625.995228
 42
-0.003879
  0
VERTEX
  8
0
 10
414.262500
 20
626.141510
 42
-0.000607
  0
VERTEX
  8
0
 10
412.559355
 20
626.285520
 42
-0.389368
  0
VERTEX
  8
0
 10
412.500000
 20
626.350184
 42
-0.002674
  0
VERTEX
  8
0
 10
412.500656
 20
626.472786
 42
-0.000000
  0
VERTEX
  8
0
 10
412.582953
 20
634.166929
 42
-0.000010
  0
VERTEX
  8
0
 10
412.674115
 20
642.674194
 42
-0.000006
  0
VERTEX
  8
0
 10
412.782394
 20
652.750000
 42
0.000000
  0
VERTEX
  8
0
 10
413.064787
 20
679.000000
 42
0.000000
  0
VERTEX
  8
0
 10
418.532394
 20
679.000000
 42
0.000000
  0
VERTEX
  8
0
 10
424.000000
 20
679.000000
 42
0.000000
  0
SEQEND
  0
POLYLINE
  8
0
 66
1
 70
1
  0
VERTEX
  8
0
 10
856.083910
 20
640.500000
 42
-0.146410
  0
VERTEX
  8
0
 10
855.971618
 20
640.092716
 42
-0.078305
  0
VERTEX
  8
0
 10
855.625958
 20
639.695469
 42
-0.066852
  0
VERTEX
  8
0
 10
855.108963
 20
639.367777
 42
-0.056732
  0
VERTEX
  8
0
 10
854.494408
 20
639.165426
 42
-0.071635
  0
VERTEX
  8
0
 10
852.831091
 20
639.062646
 42
-0.090898
  0
VERTEX
  8
0
 10
851.347424
 20
639.461482
 42
-0.145937
  0
VERTEX
  8
0
 10
850.528358
 20
640.200007
 42
-0.282366
  0
VERTEX
  8
0
 10
850.531054
 20
641.050247
 42
-0.221513
  0
VERTEX
  8
0
 10
851.578067
 20
641.738067
 42
-0.061081
  0
VERTEX
  8
0
 10
853.598642
 20
641.785033
 42
-0.064249
  0
VERTEX
  8
0
 10
855.478481
 20
641.350644
 42
-0.307599
  0
SEQEND
  0
POLYLINE
  8
0
 66
1
 70
1
  0
VERTEX
  8
0
 10
851.967562
 20
608.225684
 42
0.002590
  0
VERTEX
  8
0
 10
852.063000
 20
596.236327
 42
0.005797
  0
VERTEX
  8
0
 10
852.288302
 20
587.129387
 42
0.001722
  0
VERTEX
  8
0
 10
852.581671
 20
579.757286
 42
0.308942
  0
VERTEX
  8
0
 10
853.023710
 20
579.166667
 42
-0.190386
  0
VERTEX
  8
0
 10
853.389894
 20
578.854909
 42
-0.054102
  0
VERTEX
  8
0
 10
853.673211
 20
578.147917
 42
-0.046178
  0
VERTEX
  8
0
 10
853.844250
 20
577.211976
 42
-0.034885
  0
VERTEX
  8
0
 10
853.863818
 20
576.166667
 42
-0.002144
  0
VERTEX
  8
0
 10
853.775703
 20
574.575223
 42
-0.206078
  0
VERTEX
  8
0
 10
853.675400
 20
574.375823
 42
-0.566735
  0
VERTEX
  8
0
 10
853.559713
 20
574.415828
 42
-0.003722
  0
VERTEX
  8
0
 10
853.301513
 20
575.694706
 42
0.050627
  0
VERTEX
  8
0
 10
853.028515
 20
576.599812
 42
0.114033
  0
VERTEX
  8
0
 10
852.613813
 20
577.179236
 42
0.153389
  0
VERTEX
  8
0
 10
852.074932
 20
577.418665
 42
0.120608
  0
VERTEX
  8
0
 10
851.437695
 20
577.337718
 42
-0.491670
  0
VERTEX
  8
0
 10
850.613803
 20
577.840038
 42
-0.015415
  0
VERTEX
  8
0
 10
850.257223
 20
582.371289
 42
-0.010581
  0
VERTEX
  8
0
 10
850.046102
 20
590.323042
 42
-0.001346
  0
VERTEX
  8
0
 10
850.000000
 20
607.452028
 42
-0.002327
  0
VERTEX
  8
0
 10
850.059473
 20
620.231607
 42
-0.005514
  0
VERTEX
  8
0
 10
850.252939
 20
629.743651
 42
-0.001762
  0
VERTEX
  8
0
 10
850.516939
 20
637.307317
 42
-0.574541
  0
VERTEX
  8
0
 10
850.943852
 20
637.534701
 42
-0.249098
  0
VERTEX
  8
0
 10
851.351714
 20
636.836934
 42
-0.001447
  0
VERTEX
  8
0
 10
851.645638
 20
629.066684
 42
-0.005278
  0
VERTEX
  8
0
 10
851.871685
 20
619.788551
 42
-0.002756
  0
SEQEND
  0
POLYLINE
  8
0
 66
1
 70
1
  0
VERTEX
  8
0
 10
857.000000
 20
607.500000
 42
-0.002207
  0
VERTEX
  8
0
 10
856.940793
 20
594.086164
 42
-0.006187
  0
VERTEX
  8
0
 10
856.741603
 20
584.692823
 42
-0.002154
  0
VERTEX
  8
0
 10
856.467909
 20
577.472036
 42
-0.401909
  0
VERTEX
  8
0
 10
855.975523
 20
577.000000
 42
-0.402344
  0
VERTEX
  8
0
 10
855.483843
 20
577.472068
 42
-0.002260
  0
VERTEX
  8
0
 10
855.228630
 20
584.524165
 42
-0.006325
  0
VERTEX
  8
0
 10
855.053796
 20
593.722632
 42
-0.002242
  0
VERTEX
  8
0
 10
855.029169
 20
606.886979
 42
-0.001481
  0
VERTEX
  8
0
 10
855.125535
 20
624.168510
 42
-0.011011
  0
VERTEX
  8
0
 10
855.376692
 20
632.384365
 42
-0.014652
  0
VERTEX
  8
0
 10
855.771864
 20
637.199540
 42
-0.382010
  0
VERTEX
  8
0
 10
856.666667
 20
638.000000
 42
-0.410879
  0
VERTEX
  8
0
 10
856.803569
 20
637.864650
 42
-0.000118
  0
VERTEX
  8
0
 10
856.902083
 20
629.040625
 42
-0.001708
  0
VERTEX
  8
0
 10
856.976047
 20
619.195240
 42
-0.001024
  0
SEQEND
  0
POLYLINE
  8
0
 66
1
 70
1
  0
VERTEX
  8
0
 10
414.000000
 20
622.000000
 42
-0.099038
  0
VERTEX
  8
0
 10
413.923658
 20
621.618362
 42
-0.097945
  0
VERTEX
  8
0
 10
413.706250
 20
621.293750
 42
-0.097945
  0
VERTEX
  8
0
 10
413.381638
 20
621.076342
 42
-0.099038
  0
VERTEX
  8
0
 10
413.000000
 20
621.000000
 42
-0.099038
  0
VERTEX
  8
0
 10
412.618362
 20
621.076342
 42
-0.097945
  0
VERTEX
  8
0
 10
412.293750
 20
621.293750
 42
-0.097945
  0
VERTEX
  8
0
 10
412.076342
 20
621.618362
 42
-0.099038
  0
VERTEX
  8
0
 10
412.000000
 20
622.000000
 42
-0.099038
  0
VERTEX
  8
0
 10
412.076342
 20
622.381638
 42
-0.097945
  0
VERTEX
  8
0
 10
412.293750
 20
622.706250
 42
-0.097945
  0
VERTEX
  8
0
 10
412.618362
 20
622.923658
 42
-0.099038
  0
VERTEX
  8
0
 10
413.000000
 20
623.000000
 42
-0.099038
  0
VERTEX
  8
0
 10
413.381638
 20
622.923658
 42
-0.097945
  0
VERTEX
  8
0
 10
413.706250
 20
622.706250
 42
-0.097945
  0
VERTEX
  8
0
 10
413.923658
 20
622.381638
 42
-0.099038
  0
SEQEND
  0
POLYLINE
  8
0
 66
1
 70
1
  0
VERTEX
  8
0
 10
417.000000
 20
621.440983
 42
-0.066118
  0
VERTEX
  8
0
 10
416.926733
 20
620.889346
 42
-0.138808
  0
VERTEX
  8
0
 10
416.706250
 20
620.521475
 42
-0.191142
  0
VERTEX
  8
0
 10
416.379648
 20
620.392057
 42
-0.139169
  0
VERTEX
  8
0
 10
416.000000
 20
620.500000
 42
-0.060810
  0
VERTEX
  8
0
 10
415.617485
 20
620.806203
 42
-0.051032
  0
VERTEX
  8
0
 10
415.293750
 20
621.212900
 42
-0.053229
  0
VERTEX
  8
0
 10
415.073302
 20
621.653442
 42
-0.089642
  0
VERTEX
  8
0
 10
415.000000
 20
622.059017
 42
-0.105429
  0
VERTEX
  8
0
 10
415.076556
 20
622.418051
 42
-0.099231
  0
VERTEX
  8
0
 10
415.293750
 20
622.723586
 42
-0.096318
  0
VERTEX
  8
0
 10
415.618268
 20
622.928382
 42
-0.092995
  0
VERTEX
  8
0
 10
416.000000
 20
623.000000
 42
-0.153634
  0
VERTEX
  8
0
 10
416.381379
 20
622.879982
 42
-0.097988
  0
VERTEX
  8
0
 10
416.706250
 20
622.542039
 42
-0.080552
  0
VERTEX
  8
0
 10
416.925455
 20
622.037096
 42
-0.062283
  0
SEQEND
  0
POLYLINE
  8
0
 66
1
 70
1
  0
VERTEX
  8
0
 10
414.000000
 20
481.500000
 42
-0.000557
  0
VERTEX
  8
0
 10
413.939329
 20
427.016496
 42
-0.001079
  0
VERTEX
  8
0
 10
413.748364
 20
383.463407
 42
-0.000051
  0
VERTEX
  8
0
 10
413.495344
 20
345.385743
 42
-0.412239
  0
VERTEX
  8
0
 10
413.106989
 20
345.000000
 42
-0.144282
  0
VERTEX
  8
0
 10
412.720929
 20
345.113771
 42
-0.059761
  0
VERTEX
  8
0
 10
412.297997
 20
345.464650
 42
-0.052351
  0
VERTEX
  8
0
 10
411.905323
 20
345.976645
 42
-0.045844
  0
VERTEX
  8
0
 10
411.606989
 20
346.581787
 42
-0.090684
  0
VERTEX
  8
0
 10
411.357839
 20
347.909217
 42
-0.000054
  0
VERTEX
  8
0
 10
411.178303
 20
387.331150
 42
-0.000690
  0
VERTEX
  8
0
 10
411.043682
 20
431.239237
 42
-0.000421
  0
VERTEX
  8
0
 10
411.000000
 20
483.081787
 42
-0.000279
  0
VERTEX
  8
0
 10
411.043497
 20
561.048403
 42
-0.002500
  0
VERTEX
  8
0
 10
411.252779
 20
595.263631
 42
-0.000953
  0
VERTEX
  8
0
 10
411.536522
 20
617.050798
 42
-0.409848
  0
VERTEX
  8
0
 10
412.500000
 20
618.000000
 42
-0.409911
  0
VERTEX
  8
0
 10
413.463874
 20
617.050204
 42
-0.000931
  0
VERTEX
  8
0
 10
413.747253
 20
595.000000
 42
-0.002472
  0
VERTEX
  8
0
 10
413.956514
 20
560.386311
 42
-0.000276
  0
SEQEND
  0
POLYLINE
  8
0
 66
1
 70
1
  0
VERTEX
  8
0
 10
417.645958
 20
596.765673
 42
0.000627
  0
VERTEX
  8
0
 10
417.479143
 20
589.969992
 42
0.000853
  0
VERTEX
  8
0
 10
417.346763
 20
583.837417
 42
0.000562
  0
VERTEX
  8
0
 10
417.250154
 20
578.686714
 42
0.009661
  0
VERTEX
  8
0
 10
417.253007
 20
577.000000
 42
-0.005432
  0
VERTEX
  8
0
 10
417.358310
 20
566.626385
 42
-0.000026
  0
VERTEX
  8
0
 10
417.276611
 20
459.698369
 42
-0.000005
  0
VERTEX
  8
0
 10
417.185116
 20
348.953326
 42
-0.026767
  0
VERTEX
  8
0
 10
417.065228
 20
346.750000
 42
-0.050548
  0
VERTEX
  8
0
 10
416.923304
 20
346.080487
 42
-0.065694
  0
VERTEX
  8
0
 10
416.655882
 20
345.514063
 42
-0.080839
  0
VERTEX
  8
0
 10
416.310526
 20
345.130958
 42
-0.170588
  0
VERTEX
  8
0
 10
415.937851
 20
345.000000
 42
-0.412124
  0
VERTEX
  8
0
 10
415.505567
 20
345.429209
 42
-0.000070
  0
VERTEX
  8
0
 10
415.251715
 20
381.695685
 42
-0.001194
  0
VERTEX
  8
0
 10
415.059463
 20
424.683518
 42
-0.000521
  0
VERTEX
  8
0
 10
415.000000
 20
481.722506
 42
-0.000251
  0
VERTEX
  8
0
 10
415.040764
 20
562.789831
 42
-0.002621
  0
VERTEX
  8
0
 10
415.248791
 20
596.083746
 42
-0.002082
  0
VERTEX
  8
0
 10
415.559629
 20
615.937895
 42
-0.725583
  0
VERTEX
  8
0
 10
416.545726
 20
616.238180
 42
-0.106730
  0
VERTEX
  8
0
 10
417.342703
 20
614.344493
 42
-0.032327
  0
VERTEX
  8
0
 10
417.721347
 20
611.232386
 42
-0.017441
  0
VERTEX
  8
0
 10
417.830191
 20
606.185699
 42
-0.003121
  0
SEQEND
  0
POLYLINE
  8
0
 66
1
 70
1
  0
VERTEX
  8
0
 10
426.750000
 20
614.672501
 42
0.012405
  0
VERTEX
  8
0
 10
427.996934
 20
614.050235
 42
0.022783
  0
VERTEX
  8
0
 10
429.045313
 20
613.616214
 42
0.022300
  0
VERTEX
  8
0
 10
429.834684
 20
613.369991
 42
0.491893
  0
VERTEX
  8
0
 10
430.000000
 20
613.497373
 42
-0.496749
  0
VERTEX
  8
0
 10
430.150688
 20
613.611620
 42
-0.034401
  0
VERTEX
  8
0
 10
430.734375
 20
613.403735
 42
-0.027812
  0
VERTEX
  8
0
 10
431.540524
 20
612.997746
 42
-0.014475
  0
VERTEX
  8
0
 10
432.500000
 20
612.408043
 42
0.016855
  0
VERTEX
  8
0
 10
433.459582
 20
611.824548
 42
0.033042
  0
VERTEX
  8
0
 10
434.265625
 20
611.438592
 42
0.046857
  0
VERTEX
  8
0
 10
434.833597
 20
611.271042
 42
0.472006
  0
VERTEX
  8
0
 10
435.000000
 20
611.408043
 42
-0.485676
  0
VERTEX
  8
0
 10
435.171221
 20
611.542735
 42
-0.039883
  0
VERTEX
  8
0
 10
435.794894
 20
611.337841
 42
-0.030175
  0
VERTEX
  8
0
 10
436.667422
 20
610.908287
 42
-0.015559
  0
VERTEX
  8
0
 10
437.706021
 20
610.273053
 42
0.013180
  0
VERTEX
  8
0
 10
438.748698
 20
609.628488
 42
0.024104
  0
VERTEX
  8
0
 10
439.635663
 20
609.167709
 42
0.024294
  0
VERTEX
  8
0
 10
440.309085
 20
608.896900
 42
0.476648
  0
VERTEX
  8
0
 10
440.475072
 20
609.000000
 42
-0.498950
  0
VERTEX
  8
0
 10
441.300004
 20
609.472088
 42
-0.003151
  0
VERTEX
  8
0
 10
450.291647
 20
605.541221
 42
-0.003251
  0
VERTEX
  8
0
 10
459.250687
 20
601.487192
 42
-0.292801
  0
VERTEX
  8
0
 10
460.000000
 20
600.317333
 42
-0.112257
  0
VERTEX
  8
0
 10
459.794038
 20
599.411529
 42
-0.320677
  0
VERTEX
  8
0
 10
459.258668
 20
599.116961
 42
-0.082293
  0
VERTEX
  8
0
 10
458.133029
 20
599.442891
 42
-0.005917
  0
VERTEX
  8
0
 10
455.210162
 20
600.883362
 42
0.018195
  0
VERTEX
  8
0
 10
450.041339
 20
603.274832
 42
0.001907
  0
VERTEX
  8
0
 10
437.720547
 20
608.384680
 42
0.000843
  0
VERTEX
  8
0
 10
424.593286
 20
613.744575
 42
0.055235
  0
VERTEX
  8
0
 10
422.239877
 20
614.410107
 42
-0.061481
  0
VERTEX
  8
0
 10
421.668319
 20
614.579452
 42
-0.029568
  0
VERTEX
  8
0
 10
420.985702
 20
614.926175
 42
-0.028778
  0
VERTEX
  8
0
 10
420.307034
 20
615.377276
 42
-0.036499
  0
VERTEX
  8
0
 10
419.739877
 20
615.871846
 42
-0.491149
  0
VERTEX
  8
0
 10
419.833290
 20
616.573304
 42
-0.175461
  0
VERTEX
  8
0
 10
421.002866
 20
616.783641
 42
-0.048553
  0
VERTEX
  8
0
 10
423.742462
 20
616.035820
 42
-0.031055
  0
SEQEND
  0
POLYLINE
  8
0
 66
1
 70
1
  0
VERTEX
  8
0
 10
426.260478
 20
610.069058
 42
-0.080786
  0
VERTEX
  8
0
 10
426.712836
 20
609.977961
 42
-0.009391
  0
VERTEX
  8
0
 10
427.675737
 20
609.594785
 42
-0.011087
  0
VERTEX
  8
0
 10
428.810078
 20
609.088651
 42
-0.008848
  0
VERTEX
  8
0
 10
430.010478
 20
608.494582
 42
0.013643
  0
VERTEX
  8
0
 10
431.157494
 20
607.940558
 42
0.025185
  0
VERTEX
  8
0
 10
432.121828
 20
607.563951
 42
0.026702
  0
VERTEX
  8
0
 10
432.837899
 20
607.366874
 42
0.478738
  0
VERTEX
  8
0
 10
433.000000
 20
607.497373
 42
-0.480044
  0
VERTEX
  8
0
 10
433.145530
 20
607.614022
 42
-0.042731
  0
VERTEX
  8
0
 10
433.660937
 20
607.451853
 42
-0.031362
  0
VERTEX
  8
0
 10
434.386405
 20
607.098768
 42
-0.016098
  0
VERTEX
  8
0
 10
435.250000
 20
606.571849
 42
0.013403
  0
VERTEX
  8
0
 10
436.184769
 20
605.994568
 42
0.014140
  0
VERTEX
  8
0
 10
437.132812
 20
605.478922
 42
0.013882
  0
VERTEX
  8
0
 10
437.972844
 20
605.081282
 42
0.060078
  0
VERTEX
  8
0
 10
438.500000
 20
604.921478
 42
-0.046309
  0
VERTEX
  8
0
 10
442.410998
 20
603.852204
 42
-0.009844
  0
VERTEX
  8
0
 10
448.974723
 20
601.237264
 42
-0.004339
  0
VERTEX
  8
0
 10
455.783716
 20
598.298198
 42
-0.211283
  0
VERTEX
  8
0
 10
456.757318
 20
597.228047
 42
-0.350246
  0
VERTEX
  8
0
 10
456.514266
 20
596.566392
 42
-0.036242
  0
VERTEX
  8
0
 10
454.930575
 20
595.756904
 42
-0.039709
  0
VERTEX
  8
0
 10
453.052190
 20
595.132986
 42
-0.078996
  0
VERTEX
  8
0
 10
451.494021
 20
595.002339
 42
0.113255
  0
VERTEX
  8
0
 10
451.163721
 20
594.951900
 42
0.007248
  0
VERTEX
  8
0
 10
450.255224
 20
594.576778
 42
0.010314
  0
VERTEX
  8
0
 10
449.178651
 20
594.087327
 42
0.007480
  0
VERTEX
  8
0
 10
448.000000
 20
593.500000
 42
-0.009627
  0
VERTEX
  8
0
 10
446.817866
 20
592.917261
 42
-0.013170
  0
VERTEX
  8
0
 10
445.730610
 20
592.441594
 42
-0.009942
  0
VERTEX
  8
0
 10
444.815146
 20
592.090533
 42
-0.131570
  0
VERTEX
  8
0
 10
444.457755
 20
592.060203
 42
0.147186
  0
VERTEX
  8
0
 10
444.115901
 20
592.020612
 42
0.013857
  0
VERTEX
  8
0
 10
443.341107
 20
591.660308
 42
0.016813
  0
VERTEX
  8
0
 10
442.425693
 20
591.164226
 42
0.012450
  0
VERTEX
  8
0
 10
441.447277
 20
590.557412
 42
-0.017222
  0
VERTEX
  8
0
 10
440.507917
 20
589.987157
 42
-0.033863
  0
VERTEX
  8
0
 10
439.718888
 20
589.612358
 42
-0.048909
  0
VERTEX
  8
0
 10
439.165033
 20
589.454284
 42
-0.468057
  0
VERTEX
  8
0
 10
439.000000
 20
589.591957
 42
0.472006
  0
VERTEX
  8
0
 10
438.833597
 20
589.728958
 42
0.046857
  0
VERTEX
  8
0
 10
438.265625
 20
589.561408
 42
0.033042
  0
VERTEX
  8
0
 10
437.459582
 20
589.175452
 42
0.016855
  0
VERTEX
  8
0
 10
436.500000
 20
588.591957
 42
-0.014475
  0
VERTEX
  8
0
 10
435.540524
 20
588.002254
 42
-0.027812
  0
VERTEX
  8
0
 10
434.734375
 20
587.596265
 42
-0.034401
  0
VERTEX
  8
0
 10
434.150688
 20
587.388380
 42
-0.496749
  0
VERTEX
  8
0
 10
434.000000
 20
587.502627
 42
0.478738
  0
VERTEX
  8
0
 10
433.837899
 20
587.633126
 42
0.026702
  0
VERTEX
  8
0
 10
433.121828
 20
587.436049
 42
0.025185
  0
VERTEX
  8
0
 10
432.157494
 20
587.059442
 42
0.013643
  0
VERTEX
  8
0
 10
431.010478
 20
586.505418
 42
-0.005662
  0
VERTEX
  8
0
 10
429.829458
 20
585.911542
 42
-0.007800
  0
VERTEX
  8
0
 10
428.754507
 20
585.406787
 42
-0.005260
  0
VERTEX
  8
0
 10
427.846146
 20
585.008869
 42
-0.089063
  0
VERTEX
  8
0
 10
427.528629
 20
584.936296
 42
0.073792
  0
VERTEX
  8
0
 10
427.200597
 20
584.871722
 42
0.003603
  0
VERTEX
  8
0
 10
426.156902
 20
584.492061
 42
0.005785
  0
VERTEX
  8
0
 10
424.921543
 20
584.016231
 42
0.004137
  0
VERTEX
  8
0
 10
423.550270
 20
583.456558
 42
-0.005036
  0
VERTEX
  8
0
 10
422.176141
 20
582.898597
 42
-0.006969
  0
VERTEX
  8
0
 10
420.931950
 20
582.427864
 42
-0.004574
  0
VERTEX
  8
0
 10
419.882373
 20
582.058226
 42
-0.082553
  0
VERTEX
  8
0
 10
419.532119
 20
582.000000
 42
-0.402360
  0
VERTEX
  8
0
 10
419.315617
 20
582.207877
 42
-0.001246
  0
VERTEX
  8
0
 10
419.156310
 20
586.381771
 42
-0.005571
  0
VERTEX
  8
0
 10
419.038243
 20
591.196926
 42
-0.003343
  0
VERTEX
  8
0
 10
419.000000
 20
596.916667
 42
-0.005247
  0
VERTEX
  8
0
 10
419.109018
 20
607.304410
 42
-0.070211
  0
VERTEX
  8
0
 10
419.719783
 20
611.060837
 42
-0.329714
  0
VERTEX
  8
0
 10
421.135498
 20
612.098363
 42
-0.143571
  0
VERTEX
  8
0
 10
423.500000
 20
611.393463
 42
0.014886
  0
VERTEX
  8
0
 10
424.321474
 20
610.895275
 42
0.017014
  0
VERTEX
  8
0
 10
425.135890
 20
610.469873
 42
0.016340
  0
VERTEX
  8
0
 10
425.846022
 20
610.157285
 42
0.086333
  0
SEQEND
  0
POLYLINE
  8
0
 66
1
 70
1
  0
VERTEX
  8
0
 10
460.062872
 20
593.575756
 42
-0.086662
  0
VERTEX
  8
0
 10
459.397639
 20
593.009522
 42
-0.019368
  0
VERTEX
  8
0
 10
458.079794
 20
592.300567
 42
-0.019543
  0
VERTEX
  8
0
 10
456.472665
 20
591.591056
 42
-0.017789
  0
VERTEX
  8
0
 10
454.764313
 20
590.984656
 42
0.010544
  0
VERTEX
  8
0
 10
453.040084
 20
590.400606
 42
0.011374
  0
VERTEX
  8
0
 10
451.385455
 20
589.758008
 42
0.010952
  0
VERTEX
  8
0
 10
449.993425
 20
589.144553
 42
0.052291
  0
VERTEX
  8
0
 10
449.250000
 20
588.697428
 42
-0.031619
  0
VERTEX
  8
0
 10
448.769846
 20
588.380958
 42
-0.072221
  0
VERTEX
  8
0
 10
448.367188
 20
588.222303
 42
-0.153928
  0
VERTEX
  8
0
 10
448.109601
 20
588.241480
 42
-0.306880
  0
VERTEX
  8
0
 10
448.000000
 20
588.403235
 42
0.473374
  0
VERTEX
  8
0
 10
447.813516
 20
588.556070
 42
0.031186
  0
VERTEX
  8
0
 10
447.045313
 20
588.351680
 42
0.027293
  0
VERTEX
  8
0
 10
445.997030
 20
587.936673
 42
0.014633
  0
VERTEX
  8
0
 10
444.750000
 20
587.317596
 42
-0.004207
  0
VERTEX
  8
0
 10
443.468621
 20
586.647810
 42
-0.005827
  0
VERTEX
  8
0
 10
442.307812
 20
586.070403
 42
-0.003750
  0
VERTEX
  8
0
 10
441.325921
 20
585.605234
 42
-0.070477
  0
VERTEX
  8
0
 10
441.000000
 20
585.506480
 42
0.067760
  0
VERTEX
  8
0
 10
440.695157
 20
585.415910
 42
0.006377
  0
VERTEX
  8
0
 10
439.985938
 20
585.084737
 42
0.008078
  0
VERTEX
  8
0
 10
439.148201
 20
584.663641
 42
0.006271
  0
VERTEX
  8
0
 10
438.250000
 20
584.179381
 42
-0.020909
  0
VERTEX
  8
0
 10
437.386502
 20
583.745954
 42
-0.040765
  0
VERTEX
  8
0
 10
436.660937
 20
583.487740
 42
-0.062941
  0
VERTEX
  8
0
 10
436.161247
 20
583.420022
 42
-0.416847
  0
VERTEX
  8
0
 10
436.000000
 20
583.579826
 42
0.468522
  0
VERTEX
  8
0
 10
435.831666
 20
583.720036
 42
0.048667
  0
VERTEX
  8
0
 10
435.265625
 20
583.557844
 42
0.033767
  0
VERTEX
  8
0
 10
434.459595
 20
583.174609
 42
0.017179
  0
VERTEX
  8
0
 10
433.500000
 20
582.591957
 42
-0.014475
  0
VERTEX
  8
0
 10
432.540524
 20
582.002254
 42
-0.027812
  0
VERTEX
  8
0
 10
431.734375
 20
581.596265
 42
-0.034401
  0
VERTEX
  8
0
 10
431.150688
 20
581.388380
 42
-0.496749
  0
VERTEX
  8
0
 10
431.000000
 20
581.502627
 42
0.478738
  0
VERTEX
  8
0
 10
430.837899
 20
581.633126
 42
0.026702
  0
VERTEX
  8
0
 10
430.121828
 20
581.436049
 42
0.025185
  0
VERTEX
  8
0
 10
429.157494
 20
581.059442
 42
0.013643
  0
VERTEX
  8
0
 10
428.010478
 20
580.505418
 42
-0.008848
  0
VERTEX
  8
0
 10
426.810078
 20
579.911349
 42
-0.011087
  0
VERTEX
  8
0
 10
425.675737
 20
579.405215
 42
-0.009391
  0
VERTEX
  8
0
 10
424.712836
 20
579.022039
 42
-0.080786
  0
VERTEX
  8
0
 10
424.260478
 20
578.930942
 42
0.091858
  0
VERTEX
  8
0
 10
423.835906
 20
578.835685
 42
0.014774
  0
VERTEX
  8
0
 10
423.062453
 20
578.477726
 42
0.015900
  0
VERTEX
  8
0
 10
422.167194
 20
577.994679
 42
0.013363
  0
VERTEX
  8
0
 10
421.250000
 20
577.428151
 42
-0.015157
  0
VERTEX
  8
0
 10
420.079365
 20
576.710867
 42
-0.112578
  0
VERTEX
  8
0
 10
419.458434
 20
576.522049
 42
-0.307036
  0
VERTEX
  8
0
 10
419.126886
 20
576.714003
 42
-0.113025
  0
VERTEX
  8
0
 10
419.000000
 20
577.268151
 42
-0.280254
  0
VERTEX
  8
0
 10
419.445815
 20
578.001057
 42
-0.005236
  0
VERTEX
  8
0
 10
423.631958
 20
580.113529
 42
-0.010761
  0
VERTEX
  8
0
 10
428.854107
 20
582.542451
 42
-0.005958
  0
VERTEX
  8
0
 10
435.325363
 20
585.293112
 42
0.001413
  0
VERTEX
  8
0
 10
441.863230
 20
588.002195
 42
0.001690
  0
VERTEX
  8
0
 10
448.006318
 20
590.592484
 42
0.001453
  0
VERTEX
  8
0
 10
453.170658
 20
592.808411
 42
0.011122
  0
VERTEX
  8
0
 10
455.569593
 20
593.909983
 42
-0.025972
  0
VERTEX
  8
0
 10
458.264406
 20
595.051817
 42
-0.106170
  0
VERTEX
  8
0
 10
460.014739
 20
595.293661
 42
-0.416018
  0
VERTEX
  8
0
 10
460.521304
 20
594.702006
 42
-0.154287
  0
SEQEND
  0
POLYLINE
  8
0
 66
1
 70
1
  0
VERTEX
  8
0
 10
852.000000
 20
573.559017
 42
-0.061875
  0
VERTEX
  8
0
 10
851.925833
 20
572.961978
 42
-0.051278
  0
VERTEX
  8
0
 10
851.706250
 20
572.359775
 42
-0.053305
  0
VERTEX
  8
0
 10
851.382836
 20
571.842344
 42
-0.088250
  0
VERTEX
  8
0
 10
851.000000
 20
571.500000
 42
-0.202618
  0
VERTEX
  8
0
 10
850.621877
 20
571.441401
 42
-0.181468
  0
VERTEX
  8
0
 10
850.293750
 20
571.668350
 42
-0.104212
  0
VERTEX
  8
0
 10
850.071541
 20
572.195401
 42
-0.047867
  0
VERTEX
  8
0
 10
850.000000
 20
572.940983
 42
-0.046600
  0
VERTEX
  8
0
 10
850.073608
 20
573.729059
 42
-0.066561
  0
VERTEX
  8
0
 10
850.293750
 20
574.395164
 42
-0.086673
  0
VERTEX
  8
0
 10
850.618015
 20
574.844577
 42
-0.195654
  0
VERTEX
  8
0
 10
851.000000
 20
575.000000
 42
-0.142666
  0
VERTEX
  8
0
 10
851.381340
 20
574.888931
 42
-0.099650
  0
VERTEX
  8
0
 10
851.706250
 20
574.576711
 42
-0.084330
  0
VERTEX
  8
0
 10
851.925146
 20
574.109818
 42
-0.067639
  0
SEQEND
  0
POLYLINE
  8
0
 66
1
 70
1
  0
VERTEX
  8
0
 10
857.000000
 20
572.940983
 42
-0.047867
  0
VERTEX
  8
0
 10
856.928459
 20
572.195401
 42
-0.104212
  0
VERTEX
  8
0
 10
856.706250
 20
571.668350
 42
-0.181468
  0
VERTEX
  8
0
 10
856.378123
 20
571.441401
 42
-0.202618
  0
VERTEX
  8
0
 10
856.000000
 20
571.500000
 42
-0.088250
  0
VERTEX
  8
0
 10
855.617164
 20
571.842344
 42
-0.053305
  0
VERTEX
  8
0
 10
855.293750
 20
572.359775
 42
-0.051278
  0
VERTEX
  8
0
 10
855.074167
 20
572.961978
 42
-0.061875
  0
VERTEX
  8
0
 10
855.000000
 20
573.559017
 42
-0.067639
  0
VERTEX
  8
0
 10
855.074854
 20
574.109818
 42
-0.084330
  0
VERTEX
  8
0
 10
855.293750
 20
574.576711
 42
-0.099650
  0
VERTEX
  8
0
 10
855.618660
 20
574.888931
 42
-0.142666
  0
VERTEX
  8
0
 10
856.000000
 20
575.000000
 42
-0.195654
  0
VERTEX
  8
0
 10
856.381985
 20
574.844577
 42
-0.086673
  0
VERTEX
  8
0
 10
856.706250
 20
574.395164
 42
-0.066561
  0
VERTEX
  8
0
 10
856.926392
 20
573.729059
 42
-0.046600
  0
SEQEND
  0
POLYLINE
  8
0
 66
1
 70
1
  0
VERTEX
  8
0
 10
856.043892
 20
568.500000
 42
-0.310588
  0
VERTEX
  8
0
 10
855.562199
 20
567.826085
 42
-0.048788
  0
VERTEX
  8
0
 10
853.894407
 20
567.399436
 42
-0.048870
  0
VERTEX
  8
0
 10
852.025510
 20
567.296008
 42
-0.124421
  0
VERTEX
  8
0
 10
850.733688
 20
567.681429
 42
-0.130072
  0
VERTEX
  8
0
 10
850.488620
 20
567.931854
 42
-0.102520
  0
VERTEX
  8
0
 10
850.371888
 20
568.294308
 42
-0.090192
  0
VERTEX
  8
0
 10
850.402466
 20
568.714459
 42
-0.075399
  0
VERTEX
  8
0
 10
850.578124
 20
569.126408
 42
-0.228075
  0
VERTEX
  8
0
 10
851.599031
 20
569.778968
 42
-0.058660
  0
VERTEX
  8
0
 10
853.610582
 20
569.785160
 42
-0.061682
  0
VERTEX
  8
0
 10
855.478677
 20
569.333317
 42
-0.317176
  0
SEQEND
  0
POLYLINE
  8
0
 66
1
 70
1
  0
VERTEX
  8
0
 10
424.755529
 20
476.055529
 42
-0.000811
  0
VERTEX
  8
0
 10
424.799158
 20
442.477037
 42
-0.001337
  0
VERTEX
  8
0
 10
424.714060
 20
414.091939
 42
-0.000098
  0
VERTEX
  8
0
 10
424.564526
 20
388.612431
 42
-0.207065
  0
VERTEX
  8
0
 10
424.255529
 20
387.910009
 42
-0.153241
  0
VERTEX
  8
0
 10
423.811832
 20
387.699008
 42
-0.047908
  0
VERTEX
  8
0
 10
423.067196
 20
387.666193
 42
-0.042781
  0
VERTEX
  8
0
 10
422.179793
 20
387.788726
 42
-0.035955
  0
VERTEX
  8
0
 10
421.271096
 20
388.064451
 42
0.000000
  0
VERTEX
  8
0
 10
419.042192
 20
388.919944
 42
0.000000
  0
VERTEX
  8
0
 10
419.011039
 20
475.783248
 42
-0.000775
  0
VERTEX
  8
0
 10
419.050808
 20
509.140109
 42
-0.001277
  0
VERTEX
  8
0
 10
419.200216
 20
537.341636
 42
-0.000093
  0
VERTEX
  8
0
 10
419.403758
 20
562.661387
 42
-0.196776
  0
VERTEX
  8
0
 10
419.698792
 20
563.365459
 42
-0.117597
  0
VERTEX
  8
0
 10
420.115842
 20
563.621889
 42
-0.040965
  0
VERTEX
  8
0
 10
420.806108
 20
563.787358
 42
-0.037970
  0
VERTEX
  8
0
 10
421.624717
 20
563.850917
 42
-0.035956
  0
VERTEX
  8
0
 10
422.458849
 20
563.792183
 42
-0.355413
  0
VERTEX
  8
0
 10
423.839513
 20
562.297121
 42
-0.009123
  0
VERTEX
  8
0
 10
424.274728
 20
552.504970
 42
-0.005519
  0
VERTEX
  8
0
 10
424.551374
 20
534.226584
 42
-0.000294
  0
SEQEND
  0
POLYLINE
  8
0
 66
1
 70
1
  0
VERTEX
  8
0
 10
69.871132
 20
530.133281
 42
-0.068349
  0
VERTEX
  8
0
 10
71.189827
 20
524.040609
 42
-0.014468
  0
VERTEX
  8
0
 10
71.709672
 20
513.157663
 42
-0.005078
  0
VERTEX
  8
0
 10
71.887388
 20
492.588281
 42
-0.000297
  0
VERTEX
  8
0
 10
71.755122
 20
429.911020
 42
0.000000
  0
VERTEX
  8
0
 10
71.500000
 20
335.555477
 42
0.000000
  0
VERTEX
  8
0
 10
69.000000
 20
335.555516
 42
0.000000
  0
VERTEX
  8
0
 10
66.500000
 20
335.555556
 42
0.000000
  0
VERTEX
  8
0
 10
66.508197
 20
364.777778
 42
-0.000639
  0
VERTEX
  8
0
 10
66.593204
 20
419.342322
 42
-0.000544
  0
VERTEX
  8
0
 10
66.819064
 20
476.920901
 42
-0.000009
  0
VERTEX
  8
0
 10
67.114856
 20
535.750111
 42
-0.412736
  0
VERTEX
  8
0
 10
67.366009
 20
536.000000
 42
-0.297195
  0
VERTEX
  8
0
 10
67.559890
 20
535.873594
 42
-0.002925
  0
VERTEX
  8
0
 10
68.252868
 20
534.276651
 42
-0.008327
  0
VERTEX
  8
0
 10
69.024688
 20
532.382396
 42
-0.005156
  0
SEQEND
  0
POLYLINE
  8
0
 66
1
 70
1
  0
VERTEX
  8
0
 10
76.000000
 20
515.468523
 42
0.057506
  0
VERTEX
  8
0
 10
76.060311
 20
514.945866
 42
0.057656
  0
VERTEX
  8
0
 10
76.238066
 20
514.451170
 42
0.063289
  0
VERTEX
  8
0
 10
76.500231
 20
514.056682
 42
0.117442
  0
VERTEX
  8
0
 10
76.810437
 20
513.833333
 42
-0.186413
  0
VERTEX
  8
0
 10
77.248942
 20
513.417551
 42
-0.003190
  0
VERTEX
  8
0
 10
78.674133
 20
510.366667
 42
-0.007651
  0
VERTEX
  8
0
 10
80.273423
 20
506.740052
 42
-0.004960
  0
VERTEX
  8
0
 10
82.016871
 20
502.500000
 42
0.011519
  0
VERTEX
  8
0
 10
84.922629
 20
495.688664
 42
0.019267
  0
VERTEX
  8
0
 10
87.714018
 20
490.121887
 42
0.021220
  0
VERTEX
  8
0
 10
90.253363
 20
485.940414
 42
0.094780
  0
VERTEX
  8
0
 10
92.256032
 20
483.904584
 42
-0.066207
  0
VERTEX
  8
0
 10
92.759572
 20
483.447721
 42
-0.004897
  0
VERTEX
  8
0
 10
93.948911
 20
482.012388
 42
-0.006738
  0
VERTEX
  8
0
 10
95.332300
 20
480.261494
 42
-0.005059
  0
VERTEX
  8
0
 10
96.808895
 20
478.299183
 42
0.001220
  0
VERTEX
  8
0
 10
98.522692
 20
475.984868
 42
0.000659
  0
VERTEX
  8
0
 10
100.643317
 20
473.143559
 42
0.000656
  0
VERTEX
  8
0
 10
102.810668
 20
470.255527
 42
0.001035
  0
VERTEX
  8
0
 10
104.678993
 20
467.783418
 42
0.000000
  0
VERTEX
  8
0
 10
108.857985
 20
462.277638
 42
0.000000
  0
VERTEX
  8
0
 10
109.081104
 20
398.888819
 42
0.000000
  0
VERTEX
  8
0
 10
109.304223
 20
335.500000
 42
0.000000
  0
VERTEX
  8
0
 10
91.402111
 20
335.500000
 42
0.000000
  0
VERTEX
  8
0
 10
73.500000
 20
335.500000
 42
0.000000
  0
VERTEX
  8
0
 10
73.281297
 20
429.500000
 42
-0.000375
  0
VERTEX
  8
0
 10
73.195154
 20
484.114818
 42
-0.003655
  0
VERTEX
  8
0
 10
73.344863
 20
507.212788
 42
-0.005459
  0
VERTEX
  8
0
 10
73.660134
 20
519.969484
 42
-0.798132
  0
VERTEX
  8
0
 10
74.531297
 20
520.135190
 42
-0.012808
  0
VERTEX
  8
0
 10
75.093526
 20
518.751495
 42
-0.013857
  0
VERTEX
  8
0
 10
75.568568
 20
517.376373
 42
-0.013452
  0
VERTEX
  8
0
 10
75.910352
 20
516.178801
 42
-0.062859
  0
SEQEND
  0
POLYLINE
  8
0
 66
1
 70
1
  0
VERTEX
  8
0
 10
119.500000
 20
447.702809
 42
0.000000
  0
VERTEX
  8
0
 10
123.500000
 20
442.500000
 42
0.000000
  0
VERTEX
  8
0
 10
123.775967
 20
391.000000
 42
0.000000
  0
VERTEX
  8
0
 10
124.051935
 20
339.500000
 42
0.000000
  0
VERTEX
  8
0
 10
117.775967
 20
339.590738
 42
0.000000
  0
VERTEX
  8
0
 10
111.500000
 20
339.681476
 42
0.000000
  0
VERTEX
  8
0
 10
111.555556
 20
342.840738
 42
0.003111
  0
VERTEX
  8
0
 10
111.582837
 20
345.241948
 42
0.000035
  0
VERTEX
  8
0
 10
111.664993
 20
361.448529
 42
0.000108
  0
VERTEX
  8
0
 10
111.754482
 20
380.154690
 42
0.000070
  0
VERTEX
  8
0
 10
111.850093
 20
401.750000
 42
-0.000521
  0
VERTEX
  8
0
 10
112.036246
 20
436.682496
 42
-0.007498
  0
VERTEX
  8
0
 10
112.301457
 20
449.093368
 42
-0.021988
  0
VERTEX
  8
0
 10
112.771635
 20
454.933799
 42
-0.676335
  0
VERTEX
  8
0
 10
113.794538
 20
455.202809
 42
0.002307
  0
VERTEX
  8
0
 10
114.709256
 20
453.982523
 42
0.000619
  0
VERTEX
  8
0
 10
116.174020
 20
452.052092
 42
0.000627
  0
VERTEX
  8
0
 10
117.843506
 20
449.863207
 42
0.000649
  0
SEQEND
  0
POLYLINE
  8
0
 66
1
 70
1
  0
VERTEX
  8
0
 10
133.207566
 20
399.249228
 42
0.000000
  0
VERTEX
  8
0
 10
133.500000
 20
370.998456
 42
0.000000
  0
VERTEX
  8
0
 10
131.143011
 20
370.999228
 42
-0.034964
  0
VERTEX
  8
0
 10
130.038907
 20
371.076893
 42
-0.149875
  0
VERTEX
  8
0
 10
129.448289
 20
371.353259
 42
-0.220964
  0
VERTEX
  8
0
 10
129.242294
 20
371.839585
 42
-0.083224
  0
VERTEX
  8
0
 10
129.393011
 20
372.581787
 42
0.085650
  0
VERTEX
  8
0
 10
129.638170
 20
373.819616
 42
0.001054
  0
VERTEX
  8
0
 10
129.821697
 20
381.962846
 42
0.003092
  0
VERTEX
  8
0
 10
129.956098
 20
391.399575
 42
0.002015
  0
VERTEX
  8
0
 10
130.000000
 20
402.296073
 42
-0.001314
  0
VERTEX
  8
0
 10
130.042392
 20
418.420898
 42
-0.012336
  0
VERTEX
  8
0
 10
130.249940
 20
425.353378
 42
-0.032576
  0
VERTEX
  8
0
 10
130.654562
 20
428.716662
 42
-0.604073
  0
VERTEX
  8
0
 10
131.457566
 20
428.964286
 42
-0.169099
  0
VERTEX
  8
0
 10
132.262967
 20
427.288729
 42
-0.013555
  0
VERTEX
  8
0
 10
132.690213
 20
422.329105
 42
-0.010301
  0
VERTEX
  8
0
 10
132.996899
 20
414.309655
 42
-0.001818
  0
SEQEND
  0
POLYLINE
  8
0
 66
1
 70
1
  0
VERTEX
  8
0
 10
142.990294
 20
411.750000
 42
-0.317802
  0
VERTEX
  8
0
 10
142.789690
 20
411.458330
 42
-0.035325
  0
VERTEX
  8
0
 10
141.969024
 20
411.220312
 42
-0.032737
  0
VERTEX
  8
0
 10
140.840849
 20
411.054174
 42
-0.020193
  0
VERTEX
  8
0
 10
139.500000
 20
411.000000
 42
0.000000
  0
VERTEX
  8
0
 10
136.000000
 20
411.000000
 42
0.000000
  0
VERTEX
  8
0
 10
136.000000
 20
416.140731
 42
0.000000
  0
VERTEX
  8
0
 10
136.000000
 20
421.281461
 42
0.000000
  0
VERTEX
  8
0
 10
139.490294
 20
416.890731
 42
-0.007612
  0
VERTEX
  8
0
 10
140.828175
 20
415.154065
 42
-0.010860
  0
VERTEX
  8
0
 10
141.958165
 20
413.569465
 42
-0.007054
  0
VERTEX
  8
0
 10
142.849471
 20
412.219787
 42
-0.140053
  0
SEQEND
  0
POLYLINE
  8
0
 66
1
 70
1
  0
VERTEX
  8
0
 10
144.000000
 20
391.081787
 42
0.003339
  0
VERTEX
  8
0
 10
144.044059
 20
384.484649
 42
0.004860
  0
VERTEX
  8
0
 10
144.178303
 20
378.668650
 42
0.002511
  0
VERTEX
  8
0
 10
144.364391
 20
373.750762
 42
0.081068
  0
VERTEX
  8
0
 10
144.606989
 20
372.581787
 42
-0.175876
  0
VERTEX
  8
0
 10
144.621297
 20
371.796439
 42
-0.231531
  0
VERTEX
  8
0
 10
144.121978
 20
371.296740
 42
-0.073237
  0
VERTEX
  8
0
 10
142.821722
 20
371.054054
 42
-0.009577
  0
VERTEX
  8
0
 10
140.000000
 20
371.000000
 42
-0.009577
  0
VERTEX
  8
0
 10
137.178278
 20
371.054054
 42
-0.073237
  0
VERTEX
  8
0
 10
135.878022
 20
371.296740
 42
-0.231531
  0
VERTEX
  8
0
 10
135.378703
 20
371.796439
 42
-0.175876
  0
VERTEX
  8
0
 10
135.393011
 20
372.581787
 42
0.081068
  0
VERTEX
  8
0
 10
135.635609
 20
373.750762
 42
0.002511
  0
VERTEX
  8
0
 10
135.821697
 20
378.668650
 42
0.004860
  0
VERTEX
  8
0
 10
135.955941
 20
384.484649
 42
0.003339
  0
VERTEX
  8
0
 10
136.000000
 20
391.081787
 42
0.000000
  0
VERTEX
  8
0
 10
136.000000
 20
408.000000
 42
0.000000
  0
VERTEX
  8
0
 10
140.000000
 20
408.000000
 42
0.000000
  0
VERTEX
  8
0
 10
144.000000
 20
408.000000
 42
0.000000
  0
SEQEND
  0
POLYLINE
  8
0
 66
1
 70
1
  0
VERTEX
  8
0
 10
163.546267
 20
398.212934
 42
0.470262
  0
VERTEX
  8
0
 10
163.570196
 20
397.958448
 42
0.007616
  0
VERTEX
  8
0
 10
164.932554
 20
397.060685
 42
0.013601
  0
VERTEX
  8
0
 10
166.675910
 20
396.015125
 42
0.007871
  0
VERTEX
  8
0
 10
168.824212
 20
394.849058
 42
-0.020072
  0
VERTEX
  8
0
 10
174.290679
 20
391.706926
 42
-0.115742
  0
VERTEX
  8
0
 10
176.616716
 20
389.348633
 42
-0.111452
  0
VERTEX
  8
0
 10
177.694569
 20
386.160991
 42
-0.017998
  0
VERTEX
  8
0
 10
178.143136
 20
379.582880
 42
0.000000
  0
VERTEX
  8
0
 10
178.429409
 20
370.665760
 42
0.000000
  0
VERTEX
  8
0
 10
165.472132
 20
370.908787
 42
-0.001257
  0
VERTEX
  8
0
 10
160.503166
 20
371.014486
 42
-0.002095
  0
VERTEX
  8
0
 10
156.318873
 20
371.131564
 42
-0.000177
  0
VERTEX
  8
0
 10
152.580893
 20
371.253154
 42
-0.392267
  0
VERTEX
  8
0
 10
152.507427
 20
371.325906
 42
-0.015076
  0
VERTEX
  8
0
 10
152.505660
 20
371.467413
 42
-0.000007
  0
VERTEX
  8
0
 10
152.589551
 20
376.212273
 42
-0.000101
  0
VERTEX
  8
0
 10
152.683924
 20
381.485993
 42
-0.000061
  0
VERTEX
  8
0
 10
152.797426
 20
387.715875
 42
0.000000
  0
VERTEX
  8
0
 10
153.094853
 20
403.931749
 42
0.000000
  0
VERTEX
  8
0
 10
158.519481
 20
401.271262
 42
-0.008275
  0
VERTEX
  8
0
 10
160.571539
 20
400.222360
 42
-0.014377
  0
VERTEX
  8
0
 10
162.233758
 20
399.275428
 42
-0.008561
  0
VERTEX
  8
0
 10
163.520709
 20
398.461925
 42
-0.475484
  0
SEQEND
  0
POLYLINE
  8
0
 66
1
 70
1
  0
VERTEX
  8
0
 10
439.929600
 20
378.384420
 42
-0.001978
  0
VERTEX
  8
0
 10
452.376133
 20
373.222580
 42
-0.018224
  0
VERTEX
  8
0
 10
457.677628
 20
370.768504
 42
-0.044467
  0
VERTEX
  8
0
 10
460.243243
 20
369.164096
 42
-0.386898
  0
VERTEX
  8
0
 10
460.469892
 20
367.951284
 42
-0.322087
  0
VERTEX
  8
0
 10
459.979325
 20
367.747318
 42
-0.012694
  0
VERTEX
  8
0
 10
457.986978
 20
368.265705
 42
-0.018308
  0
VERTEX
  8
0
 10
455.539403
 20
369.067429
 42
-0.011410
  0
VERTEX
  8
0
 10
452.730903
 20
370.176095
 42
0.001064
  0
VERTEX
  8
0
 10
449.073192
 20
371.708200
 42
0.000373
  0
VERTEX
  8
0
 10
443.810694
 20
373.894747
 42
0.000370
  0
VERTEX
  8
0
 10
438.018560
 20
376.291268
 42
0.000433
  0
VERTEX
  8
0
 10
432.518270
 20
378.556693
 42
-0.007278
  0
VERTEX
  8
0
 10
424.975922
 20
381.784654
 42
-0.030231
  0
VERTEX
  8
0
 10
420.585330
 20
384.067043
 42
-0.172765
  0
VERTEX
  8
0
 10
419.588906
 20
385.277266
 42
-0.519803
  0
VERTEX
  8
0
 10
420.096266
 20
386.000000
 42
-0.090693
  0
VERTEX
  8
0
 10
421.016224
 20
385.831748
 42
-0.001209
  0
VERTEX
  8
0
 10
426.443268
 20
383.762923
 42
-0.003411
  0
VERTEX
  8
0
 10
432.721039
 20
381.303128
 42
-0.002229
  0
SEQEND
  0
POLYLINE
  8
0
 66
1
 70
1
  0
VERTEX
  8
0
 10
424.778361
 20
365.608073
 42
-0.002465
  0
VERTEX
  8
0
 10
424.915585
 20
356.731499
 42
-0.036886
  0
VERTEX
  8
0
 10
424.719981
 20
353.641172
 42
-0.126846
  0
VERTEX
  8
0
 10
424.076594
 20
352.072820
 42
-0.142936
  0
VERTEX
  8
0
 10
422.778361
 20
351.095680
 42
-0.025611
  0
VERTEX
  8
0
 10
421.851107
 20
350.798609
 42
-0.030326
  0
VERTEX
  8
0
 10
420.948956
 20
350.617423
 42
-0.031577
  0
VERTEX
  8
0
 10
420.185175
 20
350.560467
 42
-0.136704
  0
VERTEX
  8
0
 10
419.750000
 20
350.676430
 42
-0.263622
  0
VERTEX
  8
0
 10
419.085661
 20
351.828337
 42
-0.001281
  0
VERTEX
  8
0
 10
419.014669
 20
365.866063
 42
-0.001543
  0
VERTEX
  8
0
 10
419.022875
 20
379.777599
 42
-0.197957
  0
VERTEX
  8
0
 10
419.673463
 20
381.340130
 42
-0.203405
  0
VERTEX
  8
0
 10
420.076843
 20
381.503149
 42
-0.058362
  0
VERTEX
  8
0
 10
420.759079
 20
381.411272
 42
-0.048497
  0
VERTEX
  8
0
 10
421.579066
 20
381.114391
 42
-0.035327
  0
VERTEX
  8
0
 10
422.423463
 20
380.636602
 42
-0.130028
  0
VERTEX
  8
0
 10
423.582204
 20
379.333033
 42
-0.078312
  0
VERTEX
  8
0
 10
424.220554
 20
377.352078
 42
-0.030452
  0
VERTEX
  8
0
 10
424.556739
 20
373.806904
 42
-0.003318
  0
SEQEND
  0
POLYLINE
  8
0
 66
1
 70
1
  0
VERTEX
  8
0
 10
456.916667
 20
366.397192
 42
-0.141905
  0
VERTEX
  8
0
 10
457.030868
 20
366.201112
 42
-0.102624
  0
VERTEX
  8
0
 10
457.041275
 20
365.947013
 42
-0.086831
  0
VERTEX
  8
0
 10
456.945303
 20
365.672939
 42
-0.068945
  0
VERTEX
  8
0
 10
456.755759
 20
365.422426
 42
-0.101330
  0
VERTEX
  8
0
 10
454.664334
 20
364.041922
 42
-0.001659
  0
VERTEX
  8
0
 10
441.570545
 20
358.840335
 42
-0.000853
  0
VERTEX
  8
0
 10
427.985411
 20
353.522440
 42
-0.235457
  0
VERTEX
  8
0
 10
426.786512
 20
353.631943
 42
-0.256342
  0
VERTEX
  8
0
 10
426.184564
 20
354.694711
 42
-0.001744
  0
VERTEX
  8
0
 10
426.075902
 20
365.584082
 42
-0.002746
  0
VERTEX
  8
0
 10
426.065316
 20
376.177000
 42
-0.134888
  0
VERTEX
  8
0
 10
426.627131
 20
378.186262
 42
-0.364779
  0
VERTEX
  8
0
 10
427.331326
 20
378.427805
 42
-0.000511
  0
VERTEX
  8
0
 10
441.429650
 20
372.957144
 42
-0.001285
  0
VERTEX
  8
0
 10
454.949586
 20
367.654961
 42
-0.096589
  0
SEQEND
  0
POLYLINE
  8
0
 66
1
 70
1
  0
VERTEX
  8
0
 10
148.000000
 20
372.000000
 42
-0.099038
  0
VERTEX
  8
0
 10
147.923658
 20
371.618362
 42
-0.097945
  0
VERTEX
  8
0
 10
147.706250
 20
371.293750
 42
-0.097945
  0
VERTEX
  8
0
 10
147.381638
 20
371.076342
 42
-0.099038
  0
VERTEX
  8
0
 10
147.000000
 20
371.000000
 42
-0.099038
  0
VERTEX
  8
0
 10
146.618362
 20
371.076342
 42
-0.097945
  0
VERTEX
  8
0
 10
146.293750
 20
371.293750
 42
-0.097945
  0
VERTEX
  8
0
 10
146.076342
 20
371.618362
 42
-0.099038
  0
VERTEX
  8
0
 10
146.000000
 20
372.000000
 42
-0.099038
  0
VERTEX
  8
0
 10
146.076342
 20
372.381638
 42
-0.097945
  0
VERTEX
  8
0
 10
146.293750
 20
372.706250
 42
-0.097945
  0
VERTEX
  8
0
 10
146.618362
 20
372.923658
 42
-0.099038
  0
VERTEX
  8
0
 10
147.000000
 20
373.000000
 42
-0.099038
  0
VERTEX
  8
0
 10
147.381638
 20
372.923658
 42
-0.097945
  0
VERTEX
  8
0
 10
147.706250
 20
372.706250
 42
-0.097945
  0
VERTEX
  8
0
 10
147.923658
 20
372.381638
 42
-0.099038
  0
SEQEND
  0
POLYLINE
  8
0
 66
1
 70
1
  0
VERTEX
  8
0
 10
151.000000
 20
372.000000
 42
-0.099038
  0
VERTEX
  8
0
 10
150.923658
 20
371.618362
 42
-0.097945
  0
VERTEX
  8
0
 10
150.706250
 20
371.293750
 42
-0.097945
  0
VERTEX
  8
0
 10
150.381638
 20
371.076342
 42
-0.099038
  0
VERTEX
  8
0
 10
150.000000
 20
371.000000
 42
-0.099038
  0
VERTEX
  8
0
 10
149.618362
 20
371.076342
 42
-0.097945
  0
VERTEX
  8
0
 10
149.293750
 20
371.293750
 42
-0.097945
  0
VERTEX
  8
0
 10
149.076342
 20
371.618362
 42
-0.099038
  0
VERTEX
  8
0
 10
149.000000
 20
372.000000
 42
-0.099038
  0
VERTEX
  8
0
 10
149.076342
 20
372.381638
 42
-0.097945
  0
VERTEX
  8
0
 10
149.293750
 20
372.706250
 42
-0.097945
  0
VERTEX
  8
0
 10
149.618362
 20
372.923658
 42
-0.099038
  0
VERTEX
  8
0
 10
150.000000
 20
373.000000
 42
-0.099038
  0
VERTEX
  8
0
 10
150.381638
 20
372.923658
 42
-0.097945
  0
VERTEX
  8
0
 10
150.706250
 20
372.706250
 42
-0.097945
  0
VERTEX
  8
0
 10
150.923658
 20
372.381638
 42
-0.099038
  0
SEQEND
  0
POLYLINE
  8
0
 66
1
 70
1
  0
VERTEX
  8
0
 10
165.811972
 20
365.404134
 42
0.000000
  0
VERTEX
  8
0
 10
165.500000
 20
362.900498
 42
0.000000
  0
VERTEX
  8
0
 10
148.504326
 20
362.748900
 42
-0.002267
  0
VERTEX
  8
0
 10
138.349254
 20
362.704358
 42
-0.023094
  0
VERTEX
  8
0
 10
134.141561
 20
362.899428
 42
-0.064436
  0
VERTEX
  8
0
 10
132.001498
 20
363.380686
 42
-0.263520
  0
VERTEX
  8
0
 10
131.169752
 20
364.357064
 42
-0.163698
  0
VERTEX
  8
0
 10
131.478777
 20
366.644833
 42
-0.228546
  0
VERTEX
  8
0
 10
133.080981
 20
367.895103
 42
-0.054119
  0
VERTEX
  8
0
 10
137.137719
 20
368.323173
 42
-0.003555
  0
VERTEX
  8
0
 10
148.933192
 20
368.203885
 42
0.000000
  0
VERTEX
  8
0
 10
166.123945
 20
367.907769
 42
0.000000
  0
SEQEND
  0
POLYLINE
  8
0
 66
1
 70
1
  0
VERTEX
  8
0
 10
171.750000
 20
366.750000
 42
-0.087886
  0
VERTEX
  8
0
 10
171.490816
 20
366.272249
 42
-0.069650
  0
VERTEX
  8
0
 10
171.064063
 20
365.867188
 42
-0.069410
  0
VERTEX
  8
0
 10
170.540831
 20
365.593688
 42
-0.085974
  0
VERTEX
  8
0
 10
170.000000
 20
365.500000
 42
-0.085974
  0
VERTEX
  8
0
 10
169.459169
 20
365.593688
 42
-0.069410
  0
VERTEX
  8
0
 10
168.935937
 20
365.867188
 42
-0.069650
  0
VERTEX
  8
0
 10
168.509184
 20
366.272249
 42
-0.087886
  0
VERTEX
  8
0
 10
168.250000
 20
366.750000
 42
-0.162171
  0
VERTEX
  8
0
 10
168.249896
 20
367.249077
 42
-0.158614
  0
VERTEX
  8
0
 10
168.548718
 20
367.653846
 42
-0.105759
  0
VERTEX
  8
0
 10
169.151204
 20
367.915359
 42
-0.049736
  0
VERTEX
  8
0
 10
170.000000
 20
368.000000
 42
-0.049736
  0
VERTEX
  8
0
 10
170.848796
 20
367.915359
 42
-0.105759
  0
VERTEX
  8
0
 10
171.451282
 20
367.653846
 42
-0.158614
  0
VERTEX
  8
0
 10
171.750104
 20
367.249077
 42
-0.162171
  0
SEQEND
  0
POLYLINE
  8
0
 66
1
 70
1
  0
VERTEX
  8
0
 10
460.438300
 20
362.750000
 42
-0.199550
  0
VERTEX
  8
0
 10
459.307402
 20
361.592313
 42
-0.000704
  0
VERTEX
  8
0
 10
441.165628
 20
353.884219
 42
-0.001279
  0
VERTEX
  8
0
 10
423.524156
 20
346.471151
 42
-0.097083
  0
VERTEX
  8
0
 10
420.525000
 20
345.857924
 42
-0.087201
  0
VERTEX
  8
0
 10
420.129282
 20
345.924156
 42
-0.070147
  0
VERTEX
  8
0
 10
419.745967
 20
346.123646
 42
-0.070177
  0
VERTEX
  8
0
 10
419.432901
 20
346.421229
 42
-0.087440
  0
VERTEX
  8
0
 10
419.242121
 20
346.773636
 42
-0.324238
  0
VERTEX
  8
0
 10
419.389561
 20
347.241411
 42
-0.023690
  0
VERTEX
  8
0
 10
420.576528
 20
348.037881
 42
-0.025926
  0
VERTEX
  8
0
 10
422.214333
 20
348.915242
 42
-0.016089
  0
VERTEX
  8
0
 10
424.217121
 20
349.780428
 42
0.002876
  0
VERTEX
  8
0
 10
427.147267
 20
350.955368
 42
0.000619
  0
VERTEX
  8
0
 10
432.207529
 20
353.025626
 42
0.000646
  0
VERTEX
  8
0
 10
438.061250
 20
355.437819
 42
0.000617
  0
VERTEX
  8
0
 10
444.000000
 20
357.902626
 42
-0.002525
  0
VERTEX
  8
0
 10
453.905800
 20
361.969672
 42
-0.024450
  0
VERTEX
  8
0
 10
458.194307
 20
363.465700
 42
-0.115542
  0
VERTEX
  8
0
 10
459.982458
 20
363.567183
 42
-0.476042
  0
SEQEND
  0
POLYLINE
  8
0
 66
1
 70
1
  0
VERTEX
  8
0
 10
424.280484
 20
341.295841
 42
-0.050975
  0
VERTEX
  8
0
 10
423.762816
 20
340.268485
 42
-0.171463
  0
VERTEX
  8
0
 10
423.178037
 20
339.812230
 42
-0.141189
  0
VERTEX
  8
0
 10
422.360219
 20
339.777524
 42
-0.030864
  0
VERTEX
  8
0
 10
421.000000
 20
340.198020
 42
0.000000
  0
VERTEX
  8
0
 10
418.500000
 20
341.143390
 42
0.000000
  0
VERTEX
  8
0
 10
420.910081
 20
343.111613
 42
-0.064872
  0
VERTEX
  8
0
 10
422.735509
 20
344.244037
 42
-0.234104
  0
VERTEX
  8
0
 10
424.064487
 20
344.198525
 42
-0.284620
  0
VERTEX
  8
0
 10
424.657428
 20
343.167872
 42
-0.083286
  0
SEQEND
  0
POLYLINE
  8
0
 66
1
 70
1
  0
VERTEX
  8
0
 10
416.905454
 20
340.145833
 42
-0.105435
  0
VERTEX
  8
0
 10
415.971294
 20
340.032286
 42
-0.216250
  0
VERTEX
  8
0
 10
415.342919
 20
340.387974
 42
-0.203585
  0
VERTEX
  8
0
 10
415.173645
 20
341.117170
 42
-0.095285
  0
VERTEX
  8
0
 10
415.524864
 20
342.040232
 42
-0.060422
  0
VERTEX
  8
0
 10
415.915023
 20
342.528400
 42
-0.226851
  0
VERTEX
  8
0
 10
416.276151
 20
342.651965
 42
-0.186249
  0
VERTEX
  8
0
 10
416.650668
 20
342.454721
 42
-0.040481
  0
VERTEX
  8
0
 10
417.092954
 20
341.856763
 42
-0.059411
  0
VERTEX
  8
0
 10
417.358425
 20
341.288820
 42
-0.107340
  0
VERTEX
  8
0
 10
417.411849
 20
340.780462
 42
-0.141913
  0
VERTEX
  8
0
 10
417.250559
 20
340.389303
 42
-0.142632
  0
SEQEND
  0
POLYLINE
  8
0
 66
1
 70
1
  0
VERTEX
  8
0
 10
414.000000
 20
341.000000
 42
-0.148195
  0
VERTEX
  8
0
 10
413.884432
 20
340.618646
 42
-0.098894
  0
VERTEX
  8
0
 10
413.559375
 20
340.293750
 42
-0.082425
  0
VERTEX
  8
0
 10
413.073457
 20
340.074694
 42
-0.064853
  0
VERTEX
  8
0
 10
412.500000
 20
340.000000
 42
-0.064853
  0
VERTEX
  8
0
 10
411.926543
 20
340.074694
 42
-0.082425
  0
VERTEX
  8
0
 10
411.440625
 20
340.293750
 42
-0.098894
  0
VERTEX
  8
0
 10
411.115568
 20
340.618646
 42
-0.148195
  0
VERTEX
  8
0
 10
411.000000
 20
341.000000
 42
-0.148195
  0
VERTEX
  8
0
 10
411.115568
 20
341.381354
 42
-0.098894
  0
VERTEX
  8
0
 10
411.440625
 20
341.706250
 42
-0.082425
  0
VERTEX
  8
0
 10
411.926543
 20
341.925306
 42
-0.064853
  0
VERTEX
  8
0
 10
412.500000
 20
342.000000
 42
-0.064853
  0
VERTEX
  8
0
 10
413.073457
 20
341.925306
 42
-0.082425
  0
VERTEX
  8
0
 10
413.559375
 20
341.706250
 42
-0.098894
  0
VERTEX
  8
0
 10
413.884432
 20
341.381354
 42
-0.148195
  0
SEQEND
  0
POLYLINE
  8
0
 66
1
 70
1
  0
VERTEX
  8
0
 10
124.149374
 20
332.250000
 42
0.001116
  0
VERTEX
  8
0
 10
124.214371
 20
330.148249
 42
0.001348
  0
VERTEX
  8
0
 10
124.285129
 20
328.175000
 42
0.001144
  0
VERTEX
  8
0
 10
124.352984
 20
326.513868
 42
0.009179
  0
VERTEX
  8
0
 10
124.400000
 20
325.750000
 42
-0.306483
  0
VERTEX
  8
0
 10
124.075899
 20
325.177268
 42
-0.067142
  0
VERTEX
  8
0
 10
122.946462
 20
324.794231
 42
-0.037455
  0
VERTEX
  8
0
 10
121.012919
 20
324.564990
 42
-0.010784
  0
VERTEX
  8
0
 10
118.000000
 20
324.500000
 42
0.000000
  0
VERTEX
  8
0
 10
111.500000
 20
324.500000
 42
0.000000
  0
VERTEX
  8
0
 10
111.355195
 20
330.500000
 42
-0.005035
  0
VERTEX
  8
0
 10
111.322339
 20
332.836790
 42
-0.007404
  0
VERTEX
  8
0
 10
111.344555
 20
334.890369
 42
-0.003901
  0
VERTEX
  8
0
 10
111.402368
 20
336.619332
 42
-0.125336
  0
VERTEX
  8
0
 10
111.522315
 20
337.020407
 42
-0.235662
  0
VERTEX
  8
0
 10
111.846850
 20
337.227485
 42
-0.006758
  0
VERTEX
  8
0
 10
113.529275
 20
337.381949
 42
-0.012335
  0
VERTEX
  8
0
 10
115.562870
 20
337.490581
 42
-0.008013
  0
VERTEX
  8
0
 10
117.916495
 20
337.520407
 42
0.000000
  0
VERTEX
  8
0
 10
123.998748
 20
337.500000
 42
0.000000
  0
SEQEND
  0
POLYLINE
  8
0
 66
1
 70
1
  0
VERTEX
  8
0
 10
424.150000
 20
334.000000
 42
0.000006
  0
VERTEX
  8
0
 10
424.214750
 20
332.273912
 42
0.000005
  0
VERTEX
  8
0
 10
424.285313
 20
330.393989
 42
0.000005
  0
VERTEX
  8
0
 10
424.351200
 20
328.639521
 42
0.000012
  0
VERTEX
  8
0
 10
424.400000
 20
327.341238
 42
0.000000
  0
VERTEX
  8
0
 10
424.500000
 20
324.682476
 42
0.000000
  0
VERTEX
  8
0
 10
410.510986
 20
324.913586
 42
-0.001183
  0
VERTEX
  8
0
 10
405.142775
 20
325.014974
 42
-0.001959
  0
VERTEX
  8
0
 10
400.613457
 20
325.128992
 42
-0.000165
  0
VERTEX
  8
0
 10
396.561831
 20
325.248205
 42
-0.312777
  0
VERTEX
  8
0
 10
396.461418
 20
325.322348
 42
-0.096016
  0
VERTEX
  8
0
 10
396.441608
 20
325.465985
 42
-0.000370
  0
VERTEX
  8
0
 10
396.533340
 20
327.128300
 42
-0.001886
  0
VERTEX
  8
0
 10
396.645990
 20
329.014954
 42
-0.001183
  0
VERTEX
  8
0
 10
396.791289
 20
331.220801
 42
0.000000
  0
VERTEX
  8
0
 10
397.181714
 20
336.941603
 42
0.000000
  0
VERTEX
  8
0
 10
409.840857
 20
337.253469
 42
0.001465
  0
VERTEX
  8
0
 10
414.746758
 20
337.388717
 42
0.002238
  0
VERTEX
  8
0
 10
419.001689
 20
337.537566
 42
0.000777
  0
VERTEX
  8
0
 10
422.672847
 20
337.688164
 42
0.059946
  0
VERTEX
  8
0
 10
423.250000
 20
337.782668
 42
-0.387849
  0
VERTEX
  8
0
 10
423.550466
 20
337.634578
 42
-0.034842
  0
VERTEX
  8
0
 10
423.823750
 20
336.761159
 42
-0.031181
  0
VERTEX
  8
0
 10
424.038668
 20
335.518397
 42
-0.017856
  0
SEQEND
  0
POLYLINE
  8
0
 66
1
 70
1
  0
VERTEX
  8
0
 10
687.500000
 20
331.000000
 42
0.000000
  0
VERTEX
  8
0
 10
687.500000
 20
324.500000
 42
0.000000
  0
VERTEX
  8
0
 10
681.000000
 20
324.500000
 42
0.000000
  0
VERTEX
  8
0
 10
674.500000
 20
324.500000
 42
0.000000
  0
VERTEX
  8
0
 10
674.355195
 20
330.500000
 42
-0.006445
  0
VERTEX
  8
0
 10
674.328817
 20
332.846884
 42
-0.009166
  0
VERTEX
  8
0
 10
674.370497
 20
334.932346
 42
-0.005761
  0
VERTEX
  8
0
 10
674.457224
 20
336.671111
 42
-0.120975
  0
VERTEX
  8
0
 10
674.610631
 20
337.163304
 42
-0.232328
  0
VERTEX
  8
0
 10
675.010377
 20
337.420274
 42
-0.009915
  0
VERTEX
  8
0
 10
676.727642
 20
337.583792
 42
-0.015240
  0
VERTEX
  8
0
 10
678.833439
 20
337.677831
 42
-0.010074
  0
VERTEX
  8
0
 10
681.255436
 20
337.663304
 42
0.000000
  0
VERTEX
  8
0
 10
687.500000
 20
337.500000
 42
0.000000
  0
SEQEND
  0
POLYLINE
  8
0
 66
1
 70
1
  0
VERTEX
  8
0
 10
1105.000000
 20
331.000000
 42
0.000000
  0
VERTEX
  8
0
 10
1105.000000
 20
324.000000
 42
0.000000
  0
VERTEX
  8
0
 10
1098.000000
 20
324.000000
 42
0.000000
  0
VERTEX
  8
0
 10
1091.000000
 20
324.000000
 42
0.000000
  0
VERTEX
  8
0
 10
1091.000000
 20
331.000000
 42
0.000000
  0
VERTEX
  8
0
 10
1091.000000
 20
338.000000
 42
0.000000
  0
VERTEX
  8
0
 10
1098.000000
 20
338.000000
 42
0.000000
  0
VERTEX
  8
0
 10
1105.000000
 20
338.000000
 42
0.000000
  0
SEQEND
  0
POLYLINE
  8
0
 66
1
 70
1
  0
VERTEX
  8
0
 10
71.500000
 20
330.444897
 42
-0.032749
  0
VERTEX
  8
0
 10
71.399347
 20
328.909833
 42
-0.146197
  0
VERTEX
  8
0
 10
71.034410
 20
328.095457
 42
-0.168927
  0
VERTEX
  8
0
 10
70.316356
 20
327.680049
 42
-0.047481
  0
VERTEX
  8
0
 10
69.008346
 20
327.555556
 42
-0.053396
  0
VERTEX
  8
0
 10
67.927288
 20
327.671335
 42
-0.087095
  0
VERTEX
  8
0
 10
67.075485
 20
328.018622
 42
-0.102787
  0
VERTEX
  8
0
 10
66.487664
 20
328.583775
 42
-0.102848
  0
VERTEX
  8
0
 10
66.173772
 20
329.336191
 42
-0.061898
  0
VERTEX
  8
0
 10
66.047020
 20
331.236113
 42
-0.141919
  0
VERTEX
  8
0
 10
66.519642
 20
332.576555
 42
-0.165390
  0
VERTEX
  8
0
 10
67.572170
 20
333.331231
 42
-0.092205
  0
VERTEX
  8
0
 10
69.157112
 20
333.506843
 42
-0.058238
  0
VERTEX
  8
0
 10
70.336809
 20
333.280105
 42
-0.154060
  0
VERTEX
  8
0
 10
71.032347
 20
332.791963
 42
-0.128611
  0
VERTEX
  8
0
 10
71.394895
 20
331.928004
 42
-0.035390
  0
SEQEND
  0
POLYLINE
  8
0
 66
1
 70
1
  0
VERTEX
  8
0
 10
109.500000
 20
330.500000
 42
0.000000
  0
VERTEX
  8
0
 10
109.500000
 20
327.500000
 42
0.000000
  0
VERTEX
  8
0
 10
91.500000
 20
327.500000
 42
0.000000
  0
VERTEX
  8
0
 10
73.500000
 20
327.500000
 42
0.000000
  0
VERTEX
  8
0
 10
73.362331
 20
330.000000
 42
-0.018217
  0
VERTEX
  8
0
 10
73.343491
 20
331.013771
 42
-0.020141
  0
VERTEX
  8
0
 10
73.400451
 20
331.992628
 42
-0.019982
  0
VERTEX
  8
0
 10
73.515440
 20
332.818400
 42
-0.090076
  0
VERTEX
  8
0
 10
73.685425
 20
333.272777
 42
-0.254685
  0
VERTEX
  8
0
 10
74.205409
 20
333.580509
 42
-0.002012
  0
VERTEX
  8
0
 10
79.203430
 20
333.738422
 42
-0.006620
  0
VERTEX
  8
0
 10
85.013360
 20
333.821631
 42
-0.004128
  0
VERTEX
  8
0
 10
91.823094
 20
333.772777
 42
0.000000
  0
VERTEX
  8
0
 10
109.500000
 20
333.500000
 42
0.000000
  0
SEQEND
  0
POLYLINE
  8
0
 66
1
 70
1
  0
VERTEX
  8
0
 10
124.500000
 20
297.000000
 42
0.000000
  0
VERTEX
  8
0
 10
124.500000
 20
271.500000
 42
0.000000
  0
VERTEX
  8
0
 10
118.000000
 20
271.500000
 42
0.000000
  0
VERTEX
  8
0
 10
111.500000
 20
271.500000
 42
0.000000
  0
VERTEX
  8
0
 10
111.275682
 20
296.387046
 42
-0.001829
  0
VERTEX
  8
0
 10
111.224298
 20
305.983250
 42
-0.002912
  0
VERTEX
  8
0
 10
111.258185
 20
314.191548
 42
-0.000638
  0
VERTEX
  8
0
 10
111.339012
 20
321.389845
 42
-0.136099
  0
VERTEX
  8
0
 10
111.531118
 20
322.050351
 42
-0.222395
  0
VERTEX
  8
0
 10
111.989011
 20
322.350056
 42
-0.012747
  0
VERTEX
  8
0
 10
113.704285
 20
322.550612
 42
-0.017478
  0
VERTEX
  8
0
 10
115.827909
 20
322.669554
 42
-0.011786
  0
VERTEX
  8
0
 10
118.255436
 20
322.663304
 42
0.000000
  0
VERTEX
  8
0
 10
124.500000
 20
322.500000
 42
0.000000
  0
SEQEND
  0
POLYLINE
  8
0
 66
1
 70
1
  0
VERTEX
  8
0
 10
424.500000
 20
299.500000
 42
-0.001617
  0
VERTEX
  8
0
 10
424.455784
 20
285.823537
 42
-0.016597
  0
VERTEX
  8
0
 10
424.231607
 20
280.173660
 42
-0.039902
  0
VERTEX
  8
0
 10
423.782560
 20
277.254101
 42
-0.345553
  0
VERTEX
  8
0
 10
422.820579
 20
276.487246
 42
0.075597
  0
VERTEX
  8
0
 10
421.411329
 20
276.261988
 42
0.119562
  0
VERTEX
  8
0
 10
420.371703
 20
275.628297
 42
0.119562
  0
VERTEX
  8
0
 10
419.738012
 20
274.588671
 42
0.075597
  0
VERTEX
  8
0
 10
419.512754
 20
273.179421
 42
-0.140876
  0
VERTEX
  8
0
 10
419.275856
 20
272.378267
 42
-0.152929
  0
VERTEX
  8
0
 10
418.655360
 20
271.855761
 42
-0.080194
  0
VERTEX
  8
0
 10
417.494060
 20
271.576091
 42
-0.019072
  0
VERTEX
  8
0
 10
415.500000
 20
271.500000
 42
0.000000
  0
VERTEX
  8
0
 10
411.500000
 20
271.500000
 42
0.000000
  0
VERTEX
  8
0
 10
411.161554
 20
282.500000
 42
-0.007567
  0
VERTEX
  8
0
 10
411.079963
 20
287.721887
 42
-0.003608
  0
VERTEX
  8
0
 10
411.125149
 20
294.439252
 42
-0.003575
  0
VERTEX
  8
0
 10
411.273228
 20
301.458577
 42
-0.005076
  0
VERTEX
  8
0
 10
411.512887
 20
307.697454
 42
0.000000
  0
VERTEX
  8
0
 10
412.202666
 20
321.894907
 42
0.000000
  0
VERTEX
  8
0
 10
416.351333
 20
322.198278
 42
-0.033754
  0
VERTEX
  8
0
 10
421.948514
 20
322.229139
 42
-0.299545
  0
VERTEX
  8
0
 10
423.826349
 20
320.819160
 42
-0.084676
  0
VERTEX
  8
0
 10
424.439522
 20
317.365657
 42
-0.001693
  0
SEQEND
  0
POLYLINE
  8
0
 66
1
 70
1
  0
VERTEX
  8
0
 10
131.444444
 20
273.946943
 42
-0.050192
  0
VERTEX
  8
0
 10
131.324922
 20
272.759295
 42
-0.150054
  0
VERTEX
  8
0
 10
130.938898
 20
272.050129
 42
-0.147101
  0
VERTEX
  8
0
 10
130.215781
 20
271.671533
 42
-0.047589
  0
VERTEX
  8
0
 10
129.000000
 20
271.555556
 42
-0.044749
  0
VERTEX
  8
0
 10
127.796114
 20
271.663518
 42
-0.146570
  0
VERTEX
  8
0
 10
127.091351
 20
272.021465
 42
-0.160007
  0
VERTEX
  8
0
 10
126.735127
 20
272.685381
 42
-0.056332
  0
VERTEX
  8
0
 10
126.666667
 20
273.777778
 42
-0.009536
  0
VERTEX
  8
0
 10
126.803696
 20
275.759713
 42
-0.167890
  0
VERTEX
  8
0
 10
127.062707
 20
276.338503
 42
-0.209706
  0
VERTEX
  8
0
 10
127.602745
 20
276.569327
 42
-0.016011
  0
VERTEX
  8
0
 10
129.222222
 20
276.502046
 42
-0.062693
  0
VERTEX
  8
0
 10
130.265979
 20
276.291811
 42
-0.133530
  0
VERTEX
  8
0
 10
130.945014
 20
275.837676
 42
-0.126394
  0
VERTEX
  8
0
 10
131.323039
 20
275.083002
 42
-0.053281
  0
SEQEND
  0
POLYLINE
  8
0
 66
1
 70
1
  0
VERTEX
  8
0
 10
186.313512
 20
276.252099
 42
-0.002958
  0
VERTEX
  8
0
 10
178.901883
 20
276.158115
 42
-0.001686
  0
VERTEX
  8
0
 10
169.942835
 20
276.127720
 42
-0.001683
  0
VERTEX
  8
0
 10
160.924232
 20
276.157893
 42
-0.002787
  0
VERTEX
  8
0
 10
153.313512
 20
276.251409
 42
-0.016113
  0
VERTEX
  8
0
 10
151.129442
 20
276.360886
 42
-0.950780
  0
VERTEX
  8
0
 10
151.132719
 20
276.463728
 42
-0.003892
  0
VERTEX
  8
0
 10
157.670536
 20
276.534413
 42
-0.000752
  0
VERTEX
  8
0
 10
169.500000
 20
276.552441
 42
-0.000763
  0
VERTEX
  8
0
 10
181.338685
 20
276.534624
 42
-0.003708
  0
VERTEX
  8
0
 10
188.051469
 20
276.464500
 42
-0.939799
  0
VERTEX
  8
0
 10
188.056045
 20
276.361003
 42
-0.021914
  0
SEQEND
  0
POLYLINE
  8
0
 66
1
 70
1
  0
VERTEX
  8
0
 10
332.500000
 20
276.000000
 42
-0.581973
  0
VERTEX
  8
0
 10
332.233078
 20
275.512034
 42
-0.000554
  0
VERTEX
  8
0
 10
316.549403
 20
275.276369
 42
-0.002866
  0
VERTEX
  8
0
 10
296.591103
 20
275.113015
 42
-0.000995
  0
VERTEX
  8
0
 10
267.809017
 20
275.099680
 42
-0.001156
  0
VERTEX
  8
0
 10
242.934885
 20
275.195146
 42
-0.002046
  0
VERTEX
  8
0
 10
222.418899
 20
275.405267
 42
-0.000550
  0
VERTEX
  8
0
 10
205.048262
 20
275.673382
 42
-0.848772
  0
VERTEX
  8
0
 10
205.000000
 20
276.000000
 42
-0.077289
  0
VERTEX
  8
0
 10
210.526942
 20
276.867357
 42
-0.000348
  0
VERTEX
  8
0
 10
269.887818
 20
276.908631
 42
-0.000126
  0
VERTEX
  8
0
 10
330.898779
 20
276.893268
 42
-0.259799
  0
SEQEND
  0
POLYLINE
  8
0
 66
1
 70
1
  0
VERTEX
  8
0
 10
383.313512
 20
276.252099
 42
-0.002958
  0
VERTEX
  8
0
 10
375.901883
 20
276.158115
 42
-0.001686
  0
VERTEX
  8
0
 10
366.942835
 20
276.127720
 42
-0.001683
  0
VERTEX
  8
0
 10
357.924232
 20
276.157893
 42
-0.002787
  0
VERTEX
  8
0
 10
350.313512
 20
276.251409
 42
-0.016113
  0
VERTEX
  8
0
 10
348.129442
 20
276.360886
 42
-0.950780
  0
VERTEX
  8
0
 10
348.132719
 20
276.463728
 42
-0.003892
  0
VERTEX
  8
0
 10
354.670536
 20
276.534413
 42
-0.000752
  0
VERTEX
  8
0
 10
366.500000
 20
276.552441
 42
-0.000763
  0
VERTEX
  8
0
 10
378.338685
 20
276.534624
 42
-0.003708
  0
VERTEX
  8
0
 10
385.051469
 20
276.464500
 42
-0.939799
  0
VERTEX
  8
0
 10
385.056045
 20
276.361003
 42
-0.021914
  0
SEQEND
  0
POLYLINE
  8
0
 66
1
 70
1
  0
VERTEX
  8
0
 10
409.505166
 20
273.820118
 42
-0.060305
  0
VERTEX
  8
0
 10
409.294108
 20
272.745893
 42
-0.134975
  0
VERTEX
  8
0
 10
408.840047
 20
272.057060
 42
-0.128474
  0
VERTEX
  8
0
 10
408.080578
 20
271.676875
 42
-0.052191
  0
VERTEX
  8
0
 10
406.921476
 20
271.555556
 42
-0.160032
  0
VERTEX
  8
0
 10
405.235356
 20
272.109408
 42
-0.214035
  0
VERTEX
  8
0
 10
404.452891
 20
273.494125
 42
-0.200407
  0
VERTEX
  8
0
 10
404.946888
 20
275.074609
 42
-0.147118
  0
VERTEX
  8
0
 10
406.500000
 20
276.092475
 42
-0.033807
  0
VERTEX
  8
0
 10
408.215086
 20
276.476744
 42
-0.202775
  0
VERTEX
  8
0
 10
409.082883
 20
276.257653
 42
-0.214469
  0
VERTEX
  8
0
 10
409.501186
 20
275.493469
 42
-0.037977
  0
SEQEND
  0
POLYLINE
  8
0
 66
1
 70
1
  0
VERTEX
  8
0
 10
181.309787
 20
274.253020
 42
-0.003747
  0
VERTEX
  8
0
 10
175.262684
 20
274.156126
 42
-0.002123
  0
VERTEX
  8
0
 10
167.937574
 20
274.124761
 42
-0.002119
  0
VERTEX
  8
0
 10
160.553617
 20
274.155787
 42
-0.003488
  0
VERTEX
  8
0
 10
154.309787
 20
274.252045
 42
-0.019665
  0
VERTEX
  8
0
 10
152.483769
 20
274.364881
 42
-0.939584
  0
VERTEX
  8
0
 10
152.487875
 20
274.470749
 42
-0.004925
  0
VERTEX
  8
0
 10
157.822068
 20
274.543648
 42
-0.000945
  0
VERTEX
  8
0
 10
167.500000
 20
274.562283
 42
-0.000962
  0
VERTEX
  8
0
 10
177.187049
 20
274.543994
 42
-0.004645
  0
VERTEX
  8
0
 10
182.694125
 20
274.471839
 42
-0.923120
  0
VERTEX
  8
0
 10
182.700268
 20
274.365159
 42
-0.028487
  0
SEQEND
  0
POLYLINE
  8
0
 66
1
 70
1
  0
VERTEX
  8
0
 10
382.309787
 20
274.253020
 42
-0.003747
  0
VERTEX
  8
0
 10
376.262684
 20
274.156126
 42
-0.002123
  0
VERTEX
  8
0
 10
368.937574
 20
274.124761
 42
-0.002119
  0
VERTEX
  8
0
 10
361.553617
 20
274.155787
 42
-0.003488
  0
VERTEX
  8
0
 10
355.309787
 20
274.252045
 42
-0.019665
  0
VERTEX
  8
0
 10
353.483769
 20
274.364881
 42
-0.939584
  0
VERTEX
  8
0
 10
353.487875
 20
274.470749
 42
-0.004925
  0
VERTEX
  8
0
 10
358.822068
 20
274.543648
 42
-0.000945
  0
VERTEX
  8
0
 10
368.500000
 20
274.562283
 42
-0.000962
  0
VERTEX
  8
0
 10
378.187049
 20
274.543994
 42
-0.004645
  0
VERTEX
  8
0
 10
383.694125
 20
274.471839
 42
-0.923120
  0
VERTEX
  8
0
 10
383.700268
 20
274.365159
 42
-0.028487
  0
SEQEND
  0
POLYLINE
  8
0
 66
1
 70
1
  0
VERTEX
  8
0
 10
425.000000
 20
272.952028
 42
-0.105365
  0
VERTEX
  8
0
 10
424.921543
 20
272.583848
 42
-0.051390
  0
VERTEX
  8
0
 10
424.680655
 20
272.165654
 42
-0.047755
  0
VERTEX
  8
0
 10
424.328731
 20
271.764991
 42
-0.050307
  0
VERTEX
  8
0
 10
423.912868
 20
271.446149
 42
-0.192303
  0
VERTEX
  8
0
 10
422.870277
 20
271.263308
 42
-0.142112
  0
VERTEX
  8
0
 10
421.825712
 20
271.818716
 42
-0.144105
  0
VERTEX
  8
0
 10
421.249738
 20
272.839939
 42
-0.197735
  0
VERTEX
  8
0
 10
421.419157
 20
273.869194
 42
-0.218223
  0
VERTEX
  8
0
 10
422.214383
 20
274.398782
 42
-0.102493
  0
VERTEX
  8
0
 10
423.475747
 20
274.340125
 42
-0.104330
  0
VERTEX
  8
0
 10
424.594009
 20
273.787965
 42
-0.229991
  0
SEQEND
  0
POLYLINE
  8
0
 66
1
 70
1
  0
VERTEX
  8
0
 10
673.500000
 20
274.000000
 42
-0.249699
  0
VERTEX
  8
0
 10
672.708834
 20
273.538744
 42
-0.001800
  0
VERTEX
  8
0
 10
664.794441
 20
273.262890
 42
-0.005498
  0
VERTEX
  8
0
 10
654.861546
 20
273.061783
 42
-0.002312
  0
VERTEX
  8
0
 10
641.500000
 20
273.000000
 42
0.002402
  0
VERTEX
  8
0
 10
628.486092
 20
272.937482
 42
0.005167
  0
VERTEX
  8
0
 10
618.460280
 20
272.737515
 42
0.001490
  0
VERTEX
  8
0
 10
610.264767
 20
272.464861
 42
0.250285
  0
VERTEX
  8
0
 10
609.519416
 20
272.031416
 42
-0.259589
  0
VERTEX
  8
0
 10
607.780736
 20
271.060568
 42
-0.000182
  0
VERTEX
  8
0
 10
552.711972
 20
271.009593
 42
-0.000548
  0
VERTEX
  8
0
 10
499.616370
 20
271.037937
 42
-0.069985
  0
VERTEX
  8
0
 10
493.094984
 20
271.966068
 42
0.059849
  0
VERTEX
  8
0
 10
490.675826
 20
272.360341
 42
0.002501
  0
VERTEX
  8
0
 10
481.930578
 20
272.684083
 42
0.004293
  0
VERTEX
  8
0
 10
471.541817
 20
272.927384
 42
0.003034
  0
VERTEX
  8
0
 10
459.870006
 20
273.029658
 42
-0.002639
  0
VERTEX
  8
0
 10
447.833424
 20
273.125623
 42
-0.005115
  0
VERTEX
  8
0
 10
438.215490
 20
273.351502
 42
-0.001370
  0
VERTEX
  8
0
 10
430.168758
 20
273.644942
 42
-0.249500
  0
VERTEX
  8
0
 10
429.466004
 20
274.055006
 42
-0.584636
  0
VERTEX
  8
0
 10
429.709223
 20
274.495474
 42
-0.000111
  0
VERTEX
  8
0
 10
461.571262
 20
274.749264
 42
-0.001366
  0
VERTEX
  8
0
 10
499.858894
 20
274.941144
 42
-0.000570
  0
VERTEX
  8
0
 10
551.500000
 20
275.000000
 42
-0.000528
  0
VERTEX
  8
0
 10
605.656535
 20
274.942804
 42
-0.001521
  0
VERTEX
  8
0
 10
643.213044
 20
274.749221
 42
-0.000157
  0
VERTEX
  8
0
 10
673.227543
 20
274.493790
 42
-0.584423
  0
SEQEND
  0
POLYLINE
  8
0
 66
1
 70
1
  0
VERTEX
  8
0
 10
679.804095
 20
271.869196
 42
-0.111170
  0
VERTEX
  8
0
 10
679.619753
 20
270.130117
 42
-0.135516
  0
VERTEX
  8
0
 10
678.703484
 20
268.780491
 42
-0.156938
  0
VERTEX
  8
0
 10
677.337199
 20
268.213051
 42
-0.160322
  0
VERTEX
  8
0
 10
675.909758
 20
268.555773
 42
-0.201218
  0
VERTEX
  8
0
 10
675.268638
 20
269.453645
 42
-0.046808
  0
VERTEX
  8
0
 10
675.024344
 20
271.330869
 42
-0.047340
  0
VERTEX
  8
0
 10
675.137608
 20
273.256612
 42
-0.159338
  0
VERTEX
  8
0
 10
675.701236
 20
274.367903
 42
-0.176773
  0
VERTEX
  8
0
 10
676.876814
 20
274.914847
 42
-0.159472
  0
VERTEX
  8
0
 10
678.187725
 20
274.606879
 42
-0.127587
  0
VERTEX
  8
0
 10
679.275953
 20
273.484546
 42
-0.100421
  0
SEQEND
  0
POLYLINE
  8
0
 66
1
 70
1
  0
VERTEX
  8
0
 10
725.834665
 20
270.865335
 42
-0.041110
  0
VERTEX
  8
0
 10
725.633432
 20
269.976835
 42
-0.063897
  0
VERTEX
  8
0
 10
725.304558
 20
269.264494
 42
-0.087939
  0
VERTEX
  8
0
 10
724.907238
 20
268.825467
 42
-0.226953
  0
VERTEX
  8
0
 10
724.500000
 20
268.737197
 42
-0.258467
  0
VERTEX
  8
0
 10
723.810492
 20
269.365208
 42
-0.047208
  0
VERTEX
  8
0
 10
723.399270
 20
271.107108
 42
-0.048223
  0
VERTEX
  8
0
 10
723.320746
 20
273.015960
 42
-0.121500
  0
VERTEX
  8
0
 10
723.725199
 20
274.337132
 42
-0.326247
  0
VERTEX
  8
0
 10
724.455724
 20
274.647019
 42
-0.201481
  0
VERTEX
  8
0
 10
725.246005
 20
274.074234
 42
-0.093989
  0
VERTEX
  8
0
 10
725.808551
 20
272.573158
 42
-0.078080
  0
SEQEND
  0
POLYLINE
  8
0
 66
1
 70
1
  0
VERTEX
  8
0
 10
774.000000
 20
271.500000
 42
-0.027026
  0
VERTEX
  8
0
 10
773.927458
 20
270.158889
 42
-0.042582
  0
VERTEX
  8
0
 10
773.706250
 20
269.028125
 42
-0.052312
  0
VERTEX
  8
0
 10
773.385692
 20
268.232098
 42
-0.277684
  0
VERTEX
  8
0
 10
773.000000
 20
268.000000
 42
-0.277684
  0
VERTEX
  8
0
 10
772.614308
 20
268.232098
 42
-0.052312
  0
VERTEX
  8
0
 10
772.293750
 20
269.028125
 42
-0.042582
  0
VERTEX
  8
0
 10
772.072542
 20
270.158889
 42
-0.027026
  0
VERTEX
  8
0
 10
772.000000
 20
271.500000
 42
-0.027026
  0
VERTEX
  8
0
 10
772.072542
 20
272.841111
 42
-0.042582
  0
VERTEX
  8
0
 10
772.293750
 20
273.971875
 42
-0.052312
  0
VERTEX
  8
0
 10
772.614308
 20
274.767902
 42
-0.277684
  0
VERTEX
  8
0
 10
773.000000
 20
275.000000
 42
-0.277684
  0
VERTEX
  8
0
 10
773.385692
 20
274.767902
 42
-0.052312
  0
VERTEX
  8
0
 10
773.706250
 20
273.971875
 42
-0.042582
  0
VERTEX
  8
0
 10
773.927458
 20
272.841111
 42
-0.027026
  0
SEQEND
  0
POLYLINE
  8
0
 66
1
 70
1
  0
VERTEX
  8
0
 10
823.000000
 20
271.500000
 42
-0.025511
  0
VERTEX
  8
0
 10
822.918107
 20
269.895967
 42
-0.075863
  0
VERTEX
  8
0
 10
822.642857
 20
268.833333
 42
-0.129352
  0
VERTEX
  8
0
 10
822.169448
 20
268.226074
 42
-0.164293
  0
VERTEX
  8
0
 10
821.500000
 20
268.000000
 42
-0.164293
  0
VERTEX
  8
0
 10
820.830552
 20
268.226074
 42
-0.129352
  0
VERTEX
  8
0
 10
820.357143
 20
268.833333
 42
-0.075863
  0
VERTEX
  8
0
 10
820.081893
 20
269.895967
 42
-0.025511
  0
VERTEX
  8
0
 10
820.000000
 20
271.500000
 42
-0.025511
  0
VERTEX
  8
0
 10
820.081893
 20
273.104033
 42
-0.075863
  0
VERTEX
  8
0
 10
820.357143
 20
274.166667
 42
-0.129352
  0
VERTEX
  8
0
 10
820.830552
 20
274.773926
 42
-0.164293
  0
VERTEX
  8
0
 10
821.500000
 20
275.000000
 42
-0.164293
  0
VERTEX
  8
0
 10
822.169448
 20
274.773926
 42
-0.129352
  0
VERTEX
  8
0
 10
822.642857
 20
274.166667
 42
-0.075863
  0
VERTEX
  8
0
 10
822.918107
 20
273.104033
 42
-0.025511
  0
SEQEND
  0
POLYLINE
  8
0
 66
1
 70
1
  0
VERTEX
  8
0
 10
925.000000
 20
271.500000
 42
-0.026511
  0
VERTEX
  8
0
 10
924.918020
 20
269.954950
 42
-0.068729
  0
VERTEX
  8
0
 10
924.650000
 20
268.875000
 42
-0.113323
  0
VERTEX
  8
0
 10
924.206114
 20
268.234714
 42
-0.186861
  0
VERTEX
  8
0
 10
923.600000
 20
268.000000
 42
-0.186861
  0
VERTEX
  8
0
 10
922.993886
 20
268.234714
 42
-0.113323
  0
VERTEX
  8
0
 10
922.550000
 20
268.875000
 42
-0.068729
  0
VERTEX
  8
0
 10
922.281980
 20
269.954950
 42
-0.026511
  0
VERTEX
  8
0
 10
922.200000
 20
271.500000
 42
-0.026511
  0
VERTEX
  8
0
 10
922.281980
 20
273.045050
 42
-0.068729
  0
VERTEX
  8
0
 10
922.550000
 20
274.125000
 42
-0.113323
  0
VERTEX
  8
0
 10
922.993886
 20
274.765286
 42
-0.186861
  0
VERTEX
  8
0
 10
923.600000
 20
275.000000
 42
-0.186861
  0
VERTEX
  8
0
 10
924.206114
 20
274.765286
 42
-0.113323
  0
VERTEX
  8
0
 10
924.650000
 20
274.125000
 42
-0.068729
  0
VERTEX
  8
0
 10
924.918020
 20
273.045050
 42
-0.026511
  0
SEQEND
  0
POLYLINE
  8
0
 66
1
 70
1
  0
VERTEX
  8
0
 10
974.000000
 20
271.500000
 42
-0.025511
  0
VERTEX
  8
0
 10
973.918107
 20
269.895967
 42
-0.075863
  0
VERTEX
  8
0
 10
973.642857
 20
268.833333
 42
-0.129352
  0
VERTEX
  8
0
 10
973.169448
 20
268.226074
 42
-0.164293
  0
VERTEX
  8
0
 10
972.500000
 20
268.000000
 42
-0.164293
  0
VERTEX
  8
0
 10
971.830552
 20
268.226074
 42
-0.129352
  0
VERTEX
  8
0
 10
971.357143
 20
268.833333
 42
-0.075863
  0
VERTEX
  8
0
 10
971.081893
 20
269.895967
 42
-0.025511
  0
VERTEX
  8
0
 10
971.000000
 20
271.500000
 42
-0.025511
  0
VERTEX
  8
0
 10
971.081893
 20
273.104033
 42
-0.075863
  0
VERTEX
  8
0
 10
971.357143
 20
274.166667
 42
-0.129352
  0
VERTEX
  8
0
 10
971.830552
 20
274.773926
 42
-0.164293
  0
VERTEX
  8
0
 10
972.500000
 20
275.000000
 42
-0.164293
  0
VERTEX
  8
0
 10
973.169448
 20
274.773926
 42
-0.129352
  0
VERTEX
  8
0
 10
973.642857
 20
274.166667
 42
-0.075863
  0
VERTEX
  8
0
 10
973.918107
 20
273.104033
 42
-0.025511
  0
SEQEND
  0
POLYLINE
  8
0
 66
1
 70
1
  0
VERTEX
  8
0
 10
1023.000000
 20
271.500000
 42
-0.025511
  0
VERTEX
  8
0
 10
1022.918107
 20
269.895967
 42
-0.075863
  0
VERTEX
  8
0
 10
1022.642857
 20
268.833333
 42
-0.129352
  0
VERTEX
  8
0
 10
1022.169448
 20
268.226074
 42
-0.164293
  0
VERTEX
  8
0
 10
1021.500000
 20
268.000000
 42
-0.164293
  0
VERTEX
  8
0
 10
1020.830552
 20
268.226074
 42
-0.129352
  0
VERTEX
  8
0
 10
1020.357143
 20
268.833333
 42
-0.075863
  0
VERTEX
  8
0
 10
1020.081893
 20
269.895967
 42
-0.025511
  0
VERTEX
  8
0
 10
1020.000000
 20
271.500000
 42
-0.025511
  0
VERTEX
  8
0
 10
1020.081893
 20
273.104033
 42
-0.075863
  0
VERTEX
  8
0
 10
1020.357143
 20
274.166667
 42
-0.129352
  0
VERTEX
  8
0
 10
1020.830552
 20
274.773926
 42
-0.164293
  0
VERTEX
  8
0
 10
1021.500000
 20
275.000000
 42
-0.164293
  0
VERTEX
  8
0
 10
1022.169448
 20
274.773926
 42
-0.129352
  0
VERTEX
  8
0
 10
1022.642857
 20
274.166667
 42
-0.075863
  0
VERTEX
  8
0
 10
1022.918107
 20
273.104033
 42
-0.025511
  0
SEQEND
  0
POLYLINE
  8
0
 66
1
 70
1
  0
VERTEX
  8
0
 10
197.000000
 20
272.000000
 42
-0.402902
  0
VERTEX
  8
0
 10
196.546436
 20
271.528500
 42
-0.001759
  0
VERTEX
  8
0
 10
188.875000
 20
271.257937
 42
-0.005735
  0
VERTEX
  8
0
 10
179.098395
 20
271.059791
 42
-0.002198
  0
VERTEX
  8
0
 10
165.500000
 20
271.000000
 42
-0.002198
  0
VERTEX
  8
0
 10
151.901605
 20
271.059791
 42
-0.005735
  0
VERTEX
  8
0
 10
142.125000
 20
271.257937
 42
-0.001759
  0
VERTEX
  8
0
 10
134.453564
 20
271.528500
 42
-0.402902
  0
VERTEX
  8
0
 10
134.000000
 20
272.000000
 42
-0.402902
  0
VERTEX
  8
0
 10
134.453564
 20
272.471500
 42
-0.001759
  0
VERTEX
  8
0
 10
142.125000
 20
272.742063
 42
-0.005735
  0
VERTEX
  8
0
 10
151.901605
 20
272.940209
 42
-0.002198
  0
VERTEX
  8
0
 10
165.500000
 20
273.000000
 42
-0.002198
  0
VERTEX
  8
0
 10
179.098395
 20
272.940209
 42
-0.005735
  0
VERTEX
  8
0
 10
188.875000
 20
272.742063
 42
-0.001759
  0
VERTEX
  8
0
 10
196.546436
 20
272.471500
 42
-0.402902
  0
SEQEND
  0
POLYLINE
  8
0
 66
1
 70
1
  0
VERTEX
  8
0
 10
402.000000
 20
272.000000
 42
-0.402902
  0
VERTEX
  8
0
 10
401.546436
 20
271.528500
 42
-0.001759
  0
VERTEX
  8
0
 10
393.875000
 20
271.257937
 42
-0.005735
  0
VERTEX
  8
0
 10
384.098395
 20
271.059791
 42
-0.002198
  0
VERTEX
  8
0
 10
370.500000
 20
271.000000
 42
-0.002198
  0
VERTEX
  8
0
 10
356.901605
 20
271.059791
 42
-0.005735
  0
VERTEX
  8
0
 10
347.125000
 20
271.257937
 42
-0.001759
  0
VERTEX
  8
0
 10
339.453564
 20
271.528500
 42
-0.402902
  0
VERTEX
  8
0
 10
339.000000
 20
272.000000
 42
-0.402902
  0
VERTEX
  8
0
 10
339.453564
 20
272.471500
 42
-0.001759
  0
VERTEX
  8
0
 10
347.125000
 20
272.742063
 42
-0.005735
  0
VERTEX
  8
0
 10
356.901605
 20
272.940209
 42
-0.002198
  0
VERTEX
  8
0
 10
370.500000
 20
273.000000
 42
-0.002198
  0
VERTEX
  8
0
 10
384.098395
 20
272.940209
 42
-0.005735
  0
VERTEX
  8
0
 10
393.875000
 20
272.742063
 42
-0.001759
  0
VERTEX
  8
0
 10
401.546436
 20
272.471500
 42
-0.402902
  0
SEQEND
  0
POLYLINE
  8
0
 66
1
 70
1
  0
VERTEX
  8
0
 10
248.750000
 20
271.252143
 42
-0.003264
  0
VERTEX
  8
0
 10
242.035328
 20
271.156862
 42
-0.001915
  0
VERTEX
  8
0
 10
234.000000
 20
271.126079
 42
-0.001915
  0
VERTEX
  8
0
 10
225.964672
 20
271.156862
 42
-0.003264
  0
VERTEX
  8
0
 10
219.250000
 20
271.252143
 42
-0.021204
  0
VERTEX
  8
0
 10
217.493989
 20
271.363127
 42
-0.938793
  0
VERTEX
  8
0
 10
217.498437
 20
271.467979
 42
-0.004318
  0
VERTEX
  8
0
 10
223.421420
 20
271.539534
 42
-0.000861
  0
VERTEX
  8
0
 10
234.000000
 20
271.557751
 42
-0.000861
  0
VERTEX
  8
0
 10
244.578580
 20
271.539534
 42
-0.004318
  0
VERTEX
  8
0
 10
250.501562
 20
271.467979
 42
-0.938793
  0
VERTEX
  8
0
 10
250.506011
 20
271.363127
 42
-0.021204
  0
SEQEND
  0
POLYLINE
  8
0
 66
1
 70
1
  0
VERTEX
  8
0
 10
317.811809
 20
271.252497
 42
-0.003308
  0
VERTEX
  8
0
 10
311.082493
 20
271.157179
 42
-0.001880
  0
VERTEX
  8
0
 10
302.940430
 20
271.126340
 42
-0.001877
  0
VERTEX
  8
0
 10
294.739135
 20
271.156907
 42
-0.003100
  0
VERTEX
  8
0
 10
287.811809
 20
271.251683
 42
-0.017717
  0
VERTEX
  8
0
 10
285.806696
 20
271.362701
 42
-0.945738
  0
VERTEX
  8
0
 10
285.810344
 20
271.466933
 42
-0.004351
  0
VERTEX
  8
0
 10
291.746305
 20
271.538633
 42
-0.000838
  0
VERTEX
  8
0
 10
302.500000
 20
271.556938
 42
-0.000851
  0
VERTEX
  8
0
 10
313.262868
 20
271.538902
 42
-0.004125
  0
VERTEX
  8
0
 10
319.372844
 20
271.467844
 42
-0.932422
  0
VERTEX
  8
0
 10
319.378099
 20
271.362886
 42
-0.024796
  0
SEQEND
  0
POLYLINE
  8
0
 66
1
 70
1
  0
VERTEX
  8
0
 10
471.250000
 20
271.252999
 42
-0.004044
  0
VERTEX
  8
0
 10
465.673393
 20
271.154929
 42
-0.002374
  0
VERTEX
  8
0
 10
459.000000
 20
271.123245
 42
-0.002374
  0
VERTEX
  8
0
 10
452.326607
 20
271.154929
 42
-0.004044
  0
VERTEX
  8
0
 10
446.750000
 20
271.252999
 42
-0.026205
  0
VERTEX
  8
0
 10
445.289653
 20
271.367242
 42
-0.924825
  0
VERTEX
  8
0
 10
445.295312
 20
271.475155
 42
-0.005351
  0
VERTEX
  8
0
 10
450.214476
 20
271.548804
 42
-0.001067
  0
VERTEX
  8
0
 10
459.000000
 20
271.567556
 42
-0.001067
  0
VERTEX
  8
0
 10
467.785524
 20
271.548804
 42
-0.005351
  0
VERTEX
  8
0
 10
472.704688
 20
271.475155
 42
-0.924825
  0
VERTEX
  8
0
 10
472.710347
 20
271.367242
 42
-0.026205
  0
SEQEND
  0
POLYLINE
  8
0
 66
1
 70
1
  0
VERTEX
  8
0
 10
617.000000
 20
271.000000
 42
0.726330
  0
VERTEX
  8
0
 10
617.120121
 20
270.547173
 42
0.004736
  0
VERTEX
  8
0
 10
623.140046
 20
270.272058
 42
0.006698
  0
VERTEX
  8
0
 10
631.669844
 20
270.077533
 42
0.002218
  0
VERTEX
  8
0
 10
644.190983
 20
270.015313
 42
-0.002560
  0
VERTEX
  8
0
 10
656.353177
 20
269.946542
 42
-0.005963
  0
VERTEX
  8
0
 10
665.461740
 20
269.739728
 42
-0.002087
  0
VERTEX
  8
0
 10
672.718472
 20
269.458014
 42
-0.248495
  0
VERTEX
  8
0
 10
673.500000
 20
269.000000
 42
-0.571831
  0
VERTEX
  8
0
 10
673.249187
 20
268.524431
 42
-0.002824
  0
VERTEX
  8
0
 10
666.627989
 20
268.253298
 42
-0.006536
  0
VERTEX
  8
0
 10
657.827922
 20
268.057840
 42
-0.002284
  0
VERTEX
  8
0
 10
645.166006
 20
268.000000
 42
-0.001641
  0
VERTEX
  8
0
 10
629.591911
 20
268.051127
 42
-0.010237
  0
VERTEX
  8
0
 10
621.619315
 20
268.266755
 42
-0.011583
  0
VERTEX
  8
0
 10
616.714684
 20
268.613986
 42
-0.284997
  0
VERTEX
  8
0
 10
615.675890
 20
269.402234
 42
-0.084857
  0
VERTEX
  8
0
 10
615.465282
 20
270.456906
 42
-0.156485
  0
VERTEX
  8
0
 10
615.706821
 20
271.288536
 42
-0.159924
  0
VERTEX
  8
0
 10
616.381520
 20
271.812735
 42
-0.089611
  0
VERTEX
  8
0
 10
617.416667
 20
271.984687
 42
-0.160847
  0
VERTEX
  8
0
 10
617.687626
 20
271.890938
 42
-0.342256
  0
VERTEX
  8
0
 10
617.741146
 20
271.689119
 42
-0.118892
  0
VERTEX
  8
0
 10
617.509057
 20
271.375421
 42
-0.030864
  0
SEQEND
  0
POLYLINE
  8
0
 66
1
 70
1
  0
VERTEX
  8
0
 10
654.807349
 20
271.253728
 42
-0.004313
  0
VERTEX
  8
0
 10
649.442328
 20
271.154944
 42
-0.002434
  0
VERTEX
  8
0
 10
642.934130
 20
271.122944
 42
-0.002429
  0
VERTEX
  8
0
 10
636.367548
 20
271.154515
 42
-0.003981
  0
VERTEX
  8
0
 10
630.807349
 20
271.252539
 42
-0.022072
  0
VERTEX
  8
0
 10
629.160600
 20
271.367549
 42
-0.931919
  0
VERTEX
  8
0
 10
629.165284
 20
271.475369
 42
-0.005665
  0
VERTEX
  8
0
 10
633.897826
 20
271.549708
 42
-0.001082
  0
VERTEX
  8
0
 10
642.500000
 20
271.568746
 42
-0.001104
  0
VERTEX
  8
0
 10
651.111224
 20
271.550159
 42
-0.005306
  0
VERTEX
  8
0
 10
656.015284
 20
271.476700
 42
-0.911073
  0
VERTEX
  8
0
 10
656.022625
 20
271.367959
 42
-0.033354
  0
SEQEND
  0
POLYLINE
  8
0
 66
1
 70
1
  0
VERTEX
  8
0
 10
114.000000
 20
269.000000
 42
-0.099038
  0
VERTEX
  8
0
 10
113.923658
 20
268.618362
 42
-0.097945
  0
VERTEX
  8
0
 10
113.706250
 20
268.293750
 42
-0.097945
  0
VERTEX
  8
0
 10
113.381638
 20
268.076342
 42
-0.099038
  0
VERTEX
  8
0
 10
113.000000
 20
268.000000
 42
-0.099038
  0
VERTEX
  8
0
 10
112.618362
 20
268.076342
 42
-0.097945
  0
VERTEX
  8
0
 10
112.293750
 20
268.293750
 42
-0.097945
  0
VERTEX
  8
0
 10
112.076342
 20
268.618362
 42
-0.099038
  0
VERTEX
  8
0
 10
112.000000
 20
269.000000
 42
-0.099038
  0
VERTEX
  8
0
 10
112.076342
 20
269.381638
 42
-0.097945
  0
VERTEX
  8
0
 10
112.293750
 20
269.706250
 42
-0.097945
  0
VERTEX
  8
0
 10
112.618362
 20
269.923658
 42
-0.099038
  0
VERTEX
  8
0
 10
113.000000
 20
270.000000
 42
-0.099038
  0
VERTEX
  8
0
 10
113.381638
 20
269.923658
 42
-0.097945
  0
VERTEX
  8
0
 10
113.706250
 20
269.706250
 42
-0.097945
  0
VERTEX
  8
0
 10
113.923658
 20
269.381638
 42
-0.099038
  0
SEQEND
  0
POLYLINE
  8
0
 66
1
 70
1
  0
VERTEX
  8
0
 10
121.000000
 20
269.000000
 42
-0.254951
  0
VERTEX
  8
0
 10
120.790443
 20
268.615738
 42
-0.062710
  0
VERTEX
  8
0
 10
120.118750
 20
268.293750
 42
-0.048861
  0
VERTEX
  8
0
 10
119.149251
 20
268.072766
 42
-0.031626
  0
VERTEX
  8
0
 10
118.000000
 20
268.000000
 42
-0.031626
  0
VERTEX
  8
0
 10
116.850749
 20
268.072766
 42
-0.048861
  0
VERTEX
  8
0
 10
115.881250
 20
268.293750
 42
-0.062710
  0
VERTEX
  8
0
 10
115.209557
 20
268.615738
 42
-0.254951
  0
VERTEX
  8
0
 10
115.000000
 20
269.000000
 42
-0.254951
  0
VERTEX
  8
0
 10
115.209557
 20
269.384262
 42
-0.062710
  0
VERTEX
  8
0
 10
115.881250
 20
269.706250
 42
-0.048861
  0
VERTEX
  8
0
 10
116.850749
 20
269.927234
 42
-0.031626
  0
VERTEX
  8
0
 10
118.000000
 20
270.000000
 42
-0.031626
  0
VERTEX
  8
0
 10
119.149251
 20
269.927234
 42
-0.048861
  0
VERTEX
  8
0
 10
120.118750
 20
269.706250
 42
-0.062710
  0
VERTEX
  8
0
 10
120.790443
 20
269.384262
 42
-0.254951
  0
SEQEND
  0
POLYLINE
  8
0
 66
1
 70
1
  0
VERTEX
  8
0
 10
124.000000
 20
269.000000
 42
-0.099038
  0
VERTEX
  8
0
 10
123.923658
 20
268.618362
 42
-0.097945
  0
VERTEX
  8
0
 10
123.706250
 20
268.293750
 42
-0.097945
  0
VERTEX
  8
0
 10
123.381638
 20
268.076342
 42
-0.099038
  0
VERTEX
  8
0
 10
123.000000
 20
268.000000
 42
-0.099038
  0
VERTEX
  8
0
 10
122.618362
 20
268.076342
 42
-0.097945
  0
VERTEX
  8
0
 10
122.293750
 20
268.293750
 42
-0.097945
  0
VERTEX
  8
0
 10
122.076342
 20
268.618362
 42
-0.099038
  0
VERTEX
  8
0
 10
122.000000
 20
269.000000
 42
-0.099038
  0
VERTEX
  8
0
 10
122.076342
 20
269.381638
 42
-0.097945
  0
VERTEX
  8
0
 10
122.293750
 20
269.706250
 42
-0.097945
  0
VERTEX
  8
0
 10
122.618362
 20
269.923658
 42
-0.099038
  0
VERTEX
  8
0
 10
123.000000
 20
270.000000
 42
-0.099038
  0
VERTEX
  8
0
 10
123.381638
 20
269.923658
 42
-0.097945
  0
VERTEX
  8
0
 10
123.706250
 20
269.706250
 42
-0.097945
  0
VERTEX
  8
0
 10
123.923658
 20
269.381638
 42
-0.099038
  0
SEQEND
  0
POLYLINE
  8
0
 66
1
 70
1
  0
VERTEX
  8
0
 10
131.000000
 20
268.785714
 42
-0.229337
  0
VERTEX
  8
0
 10
130.854291
 20
268.484748
 42
-0.073811
  0
VERTEX
  8
0
 10
130.412500
 20
268.230804
 42
-0.056229
  0
VERTEX
  8
0
 10
129.765916
 20
268.057418
 42
-0.037431
  0
VERTEX
  8
0
 10
129.000000
 20
268.000000
 42
-0.037431
  0
VERTEX
  8
0
 10
128.234084
 20
268.057418
 42
-0.056229
  0
VERTEX
  8
0
 10
127.587500
 20
268.230804
 42
-0.073811
  0
VERTEX
  8
0
 10
127.145709
 20
268.484748
 42
-0.229337
  0
VERTEX
  8
0
 10
127.000000
 20
268.785714
 42
-0.229337
  0
VERTEX
  8
0
 10
127.145709
 20
269.086681
 42
-0.073811
  0
VERTEX
  8
0
 10
127.587500
 20
269.340625
 42
-0.056229
  0
VERTEX
  8
0
 10
128.234084
 20
269.514011
 42
-0.037431
  0
VERTEX
  8
0
 10
129.000000
 20
269.571429
 42
-0.037431
  0
VERTEX
  8
0
 10
129.765916
 20
269.514011
 42
-0.056229
  0
VERTEX
  8
0
 10
130.412500
 20
269.340625
 42
-0.073811
  0
VERTEX
  8
0
 10
130.854291
 20
269.086681
 42
-0.229337
  0
SEQEND
  0
POLYLINE
  8
0
 66
1
 70
1
  0
VERTEX
  8
0
 10
136.000000
 20
269.000000
 42
-0.099038
  0
VERTEX
  8
0
 10
135.923658
 20
268.618362
 42
-0.097945
  0
VERTEX
  8
0
 10
135.706250
 20
268.293750
 42
-0.097945
  0
VERTEX
  8
0
 10
135.381638
 20
268.076342
 42
-0.099038
  0
VERTEX
  8
0
 10
135.000000
 20
268.000000
 42
-0.099038
  0
VERTEX
  8
0
 10
134.618362
 20
268.076342
 42
-0.097945
  0
VERTEX
  8
0
 10
134.293750
 20
268.293750
 42
-0.097945
  0
VERTEX
  8
0
 10
134.076342
 20
268.618362
 42
-0.099038
  0
VERTEX
  8
0
 10
134.000000
 20
269.000000
 42
-0.099038
  0
VERTEX
  8
0
 10
134.076342
 20
269.381638
 42
-0.097945
  0
VERTEX
  8
0
 10
134.293750
 20
269.706250
 42
-0.097945
  0
VERTEX
  8
0
 10
134.618362
 20
269.923658
 42
-0.099038
  0
VERTEX
  8
0
 10
135.000000
 20
270.000000
 42
-0.099038
  0
VERTEX
  8
0
 10
135.381638
 20
269.923658
 42
-0.097945
  0
VERTEX
  8
0
 10
135.706250
 20
269.706250
 42
-0.097945
  0
VERTEX
  8
0
 10
135.923658
 20
269.381638
 42
-0.099038
  0
SEQEND
  0
POLYLINE
  8
0
 66
1
 70
1
  0
VERTEX
  8
0
 10
154.000000
 20
269.000000
 42
-0.362465
  0
VERTEX
  8
0
 10
153.651608
 20
268.582553
 42
-0.015687
  0
VERTEX
  8
0
 10
151.625000
 20
268.279412
 42
-0.019442
  0
VERTEX
  8
0
 10
148.918912
 20
268.067280
 42
-0.009838
  0
VERTEX
  8
0
 10
145.500000
 20
268.000000
 42
-0.009838
  0
VERTEX
  8
0
 10
142.081088
 20
268.067280
 42
-0.019442
  0
VERTEX
  8
0
 10
139.375000
 20
268.279412
 42
-0.015687
  0
VERTEX
  8
0
 10
137.348392
 20
268.582553
 42
-0.362465
  0
VERTEX
  8
0
 10
137.000000
 20
269.000000
 42
-0.362465
  0
VERTEX
  8
0
 10
137.348392
 20
269.417447
 42
-0.015687
  0
VERTEX
  8
0
 10
139.375000
 20
269.720588
 42
-0.019442
  0
VERTEX
  8
0
 10
142.081088
 20
269.932720
 42
-0.009838
  0
VERTEX
  8
0
 10
145.500000
 20
270.000000
 42
-0.009838
  0
VERTEX
  8
0
 10
148.918912
 20
269.932720
 42
-0.019442
  0
VERTEX
  8
0
 10
151.625000
 20
269.720588
 42
-0.015687
  0
VERTEX
  8
0
 10
153.651608
 20
269.417447
 42
-0.362465
  0
SEQEND
  0
POLYLINE
  8
0
 66
1
 70
1
  0
VERTEX
  8
0
 10
159.000000
 20
269.000000
 42
-0.099038
  0
VERTEX
  8
0
 10
158.923658
 20
268.618362
 42
-0.097945
  0
VERTEX
  8
0
 10
158.706250
 20
268.293750
 42
-0.097945
  0
VERTEX
  8
0
 10
158.381638
 20
268.076342
 42
-0.099038
  0
VERTEX
  8
0
 10
158.000000
 20
268.000000
 42
-0.099038
  0
VERTEX
  8
0
 10
157.618362
 20
268.076342
 42
-0.097945
  0
VERTEX
  8
0
 10
157.293750
 20
268.293750
 42
-0.097945
  0
VERTEX
  8
0
 10
157.076342
 20
268.618362
 42
-0.099038
  0
VERTEX
  8
0
 10
157.000000
 20
269.000000
 42
-0.099038
  0
VERTEX
  8
0
 10
157.076342
 20
269.381638
 42
-0.097945
  0
VERTEX
  8
0
 10
157.293750
 20
269.706250
 42
-0.097945
  0
VERTEX
  8
0
 10
157.618362
 20
269.923658
 42
-0.099038
  0
VERTEX
  8
0
 10
158.000000
 20
270.000000
 42
-0.099038
  0
VERTEX
  8
0
 10
158.381638
 20
269.923658
 42
-0.097945
  0
VERTEX
  8
0
 10
158.706250
 20
269.706250
 42
-0.097945
  0
VERTEX
  8
0
 10
158.923658
 20
269.381638
 42
-0.099038
  0
SEQEND
  0
POLYLINE
  8
0
 66
1
 70
1
  0
VERTEX
  8
0
 10
409.000000
 20
268.961138
 42
-0.411840
  0
VERTEX
  8
0
 10
408.549231
 20
268.506696
 42
-0.000098
  0
VERTEX
  8
0
 10
376.366496
 20
268.251930
 42
-0.001375
  0
VERTEX
  8
0
 10
337.518852
 20
268.058856
 42
-0.000555
  0
VERTEX
  8
0
 10
284.500000
 20
268.000000
 42
-0.000537
  0
VERTEX
  8
0
 10
230.389715
 20
268.058160
 42
-0.001440
  0
VERTEX
  8
0
 10
191.855806
 20
268.251977
 42
-0.000114
  0
VERTEX
  8
0
 10
160.473454
 20
268.507356
 42
-0.411766
  0
VERTEX
  8
0
 10
160.000000
 20
268.984787
 42
-0.411821
  0
VERTEX
  8
0
 10
160.473545
 20
269.462220
 42
-0.000114
  0
VERTEX
  8
0
 10
191.849802
 20
269.711595
 42
-0.001440
  0
VERTEX
  8
0
 10
230.381213
 20
269.898061
 42
-0.000537
  0
VERTEX
  8
0
 10
284.500000
 20
269.945925
 42
-0.000555
  0
VERTEX
  8
0
 10
337.510290
 20
269.876983
 42
-0.001375
  0
VERTEX
  8
0
 10
376.360345
 20
269.676498
 42
-0.000098
  0
VERTEX
  8
0
 10
408.549322
 20
269.415572
 42
-0.411784
  0
SEQEND
  0
POLYLINE
  8
0
 66
1
 70
1
  0
VERTEX
  8
0
 10
419.000000
 20
269.166667
 42
-0.302104
  0
VERTEX
  8
0
 10
418.785191
 20
268.843592
 42
-0.040900
  0
VERTEX
  8
0
 10
417.971875
 20
268.578125
 42
-0.035995
  0
VERTEX
  8
0
 10
416.841393
 20
268.393619
 42
-0.022460
  0
VERTEX
  8
0
 10
415.500000
 20
268.333333
 42
-0.022460
  0
VERTEX
  8
0
 10
414.158607
 20
268.393619
 42
-0.035995
  0
VERTEX
  8
0
 10
413.028125
 20
268.578125
 42
-0.040900
  0
VERTEX
  8
0
 10
412.214809
 20
268.843592
 42
-0.302104
  0
VERTEX
  8
0
 10
412.000000
 20
269.166667
 42
-0.302104
  0
VERTEX
  8
0
 10
412.214809
 20
269.489741
 42
-0.040900
  0
VERTEX
  8
0
 10
413.028125
 20
269.755208
 42
-0.035995
  0
VERTEX
  8
0
 10
414.158607
 20
269.939715
 42
-0.022460
  0
VERTEX
  8
0
 10
415.500000
 20
270.000000
 42
-0.022460
  0
VERTEX
  8
0
 10
416.841393
 20
269.939715
 42
-0.035995
  0
VERTEX
  8
0
 10
417.971875
 20
269.755208
 42
-0.040900
  0
VERTEX
  8
0
 10
418.785191
 20
269.489741
 42
-0.302104
  0
SEQEND
  0
POLYLINE
  8
0
 66
1
 70
1
  0
VERTEX
  8
0
 10
424.000000
 20
269.559017
 42
-0.151918
  0
VERTEX
  8
0
 10
423.934461
 20
269.348290
 42
-0.038439
  0
VERTEX
  8
0
 10
423.706250
 20
269.066025
 42
-0.035638
  0
VERTEX
  8
0
 10
423.382774
 20
268.768994
 42
-0.029505
  0
VERTEX
  8
0
 10
423.000000
 20
268.500000
 42
-0.082592
  0
VERTEX
  8
0
 10
422.617900
 20
268.343488
 42
-0.161196
  0
VERTEX
  8
0
 10
422.293750
 20
268.374600
 42
-0.182303
  0
VERTEX
  8
0
 10
422.078288
 20
268.586039
 42
-0.108972
  0
VERTEX
  8
0
 10
422.000000
 20
268.940983
 42
-0.093332
  0
VERTEX
  8
0
 10
422.076123
 20
269.345238
 42
-0.096420
  0
VERTEX
  8
0
 10
422.293750
 20
269.688914
 42
-0.099167
  0
VERTEX
  8
0
 10
422.618444
 20
269.918938
 42
-0.105053
  0
VERTEX
  8
0
 10
423.000000
 20
270.000000
 42
-0.042167
  0
VERTEX
  8
0
 10
423.382849
 20
269.967655
 42
-0.061769
  0
VERTEX
  8
0
 10
423.706250
 20
269.870461
 42
-0.081139
  0
VERTEX
  8
0
 10
423.925540
 20
269.727648
 42
-0.210953
  0
SEQEND
  0
POLYLINE
  8
0
 66
1
 70
1
  0
VERTEX
  8
0
 10
486.000000
 20
269.000000
 42
-0.401548
  0
VERTEX
  8
0
 10
485.551038
 20
268.531101
 42
-0.002109
  0
VERTEX
  8
0
 10
478.610246
 20
268.258754
 42
-0.006307
  0
VERTEX
  8
0
 10
469.736903
 20
268.060078
 42
-0.002443
  0
VERTEX
  8
0
 10
457.440983
 20
268.000000
 42
-0.002316
  0
VERTEX
  8
0
 10
444.953181
 20
268.057852
 42
-0.006627
  0
VERTEX
  8
0
 10
436.273787
 20
268.253344
 42
-0.002902
  0
VERTEX
  8
0
 10
429.750408
 20
268.524735
 42
-0.571562
  0
VERTEX
  8
0
 10
429.500000
 20
269.000000
 42
-0.248287
  0
VERTEX
  8
0
 10
430.279365
 20
269.457158
 42
-0.002190
  0
VERTEX
  8
0
 10
437.344332
 20
269.735523
 42
-0.006117
  0
VERTEX
  8
0
 10
446.219950
 20
269.937637
 42
-0.002634
  0
VERTEX
  8
0
 10
458.059017
 20
270.000000
 42
-0.002501
  0
VERTEX
  8
0
 10
470.081238
 20
269.939854
 42
-0.006442
  0
VERTEX
  8
0
 10
478.764754
 20
269.741053
 42
-0.002195
  0
VERTEX
  8
0
 10
485.552122
 20
269.468291
 42
-0.401223
  0
SEQEND
  0
POLYLINE
  8
0
 66
1
 70
1
  0
VERTEX
  8
0
 10
531.250000
 20
269.252999
 42
-0.004044
  0
VERTEX
  8
0
 10
525.673393
 20
269.154929
 42
-0.002374
  0
VERTEX
  8
0
 10
519.000000
 20
269.123245
 42
-0.002374
  0
VERTEX
  8
0
 10
512.326607
 20
269.154929
 42
-0.004044
  0
VERTEX
  8
0
 10
506.750000
 20
269.252999
 42
-0.026205
  0
VERTEX
  8
0
 10
505.289653
 20
269.367242
 42
-0.924825
  0
VERTEX
  8
0
 10
505.295312
 20
269.475155
 42
-0.005351
  0
VERTEX
  8
0
 10
510.214476
 20
269.548804
 42
-0.001067
  0
VERTEX
  8
0
 10
519.000000
 20
269.567556
 42
-0.001067
  0
VERTEX
  8
0
 10
527.785524
 20
269.548804
 42
-0.005351
  0
VERTEX
  8
0
 10
532.704687
 20
269.475155
 42
-0.924825
  0
VERTEX
  8
0
 10
532.710347
 20
269.367242
 42
-0.026205
  0
SEQEND
  0
POLYLINE
  8
0
 66
1
 70
1
  0
VERTEX
  8
0
 10
594.807349
 20
269.253728
 42
-0.004313
  0
VERTEX
  8
0
 10
589.442328
 20
269.154944
 42
-0.002434
  0
VERTEX
  8
0
 10
582.934130
 20
269.122944
 42
-0.002429
  0
VERTEX
  8
0
 10
576.367548
 20
269.154515
 42
-0.003981
  0
VERTEX
  8
0
 10
570.807349
 20
269.252539
 42
-0.022072
  0
VERTEX
  8
0
 10
569.160600
 20
269.367549
 42
-0.931919
  0
VERTEX
  8
0
 10
569.165284
 20
269.475369
 42
-0.005665
  0
VERTEX
  8
0
 10
573.897826
 20
269.549708
 42
-0.001082
  0
VERTEX
  8
0
 10
582.500000
 20
269.568746
 42
-0.001104
  0
VERTEX
  8
0
 10
591.111224
 20
269.550159
 42
-0.005306
  0
VERTEX
  8
0
 10
596.015284
 20
269.476700
 42
-0.911073
  0
VERTEX
  8
0
 10
596.022625
 20
269.367959
 42
-0.033354
  0
SEQEND
  0
POLYLINE
  8
0
 66
1
 70
1
  0
VERTEX
  8
0
 10
127.500000
 20
256.500000
 42
0.000000
  0
VERTEX
  8
0
 10
127.500000
 20
246.500000
 42
0.000000
  0
VERTEX
  8
0
 10
119.500000
 20
246.500000
 42
0.000000
  0
VERTEX
  8
0
 10
111.500000
 20
246.500000
 42
0.000000
  0
VERTEX
  8
0
 10
111.322231
 20
255.962365
 42
-0.004337
  0
VERTEX
  8
0
 10
111.285060
 20
259.638521
 42
-0.006500
  0
VERTEX
  8
0
 10
111.322170
 20
262.848203
 42
-0.003015
  0
VERTEX
  8
0
 10
111.405428
 20
265.569088
 42
-0.129963
  0
VERTEX
  8
0
 10
111.571656
 20
266.115942
 42
-0.234690
  0
VERTEX
  8
0
 10
112.006540
 20
266.386287
 42
-0.007375
  0
VERTEX
  8
0
 10
114.150092
 20
266.558997
 42
-0.012932
  0
VERTEX
  8
0
 10
116.748130
 20
266.662416
 42
-0.008434
  0
VERTEX
  8
0
 10
119.749424
 20
266.653577
 42
0.000000
  0
VERTEX
  8
0
 10
127.500000
 20
266.500000
 42
0.000000
  0
SEQEND
  0
POLYLINE
  8
0
 66
1
 70
1
  0
VERTEX
  8
0
 10
409.500000
 20
256.500000
 42
0.000000
  0
VERTEX
  8
0
 10
409.500000
 20
246.500000
 42
0.000000
  0
VERTEX
  8
0
 10
269.500000
 20
246.500000
 42
0.000000
  0
VERTEX
  8
0
 10
129.500000
 20
246.500000
 42
0.000000
  0
VERTEX
  8
0
 10
129.322231
 20
255.962365
 42
-0.004959
  0
VERTEX
  8
0
 10
129.289575
 20
259.645534
 42
-0.007322
  0
VERTEX
  8
0
 10
129.340307
 20
262.877549
 42
-0.003777
  0
VERTEX
  8
0
 10
129.443557
 20
265.601071
 42
-0.127720
  0
VERTEX
  8
0
 10
129.633399
 20
266.215844
 42
-0.258871
  0
VERTEX
  8
0
 10
130.213209
 20
266.540624
 42
-0.000037
  0
VERTEX
  8
0
 10
171.012304
 20
266.700109
 42
-0.000881
  0
VERTEX
  8
0
 10
216.214035
 20
266.793799
 42
-0.000531
  0
VERTEX
  8
0
 10
269.811167
 20
266.753479
 42
0.000000
  0
VERTEX
  8
0
 10
409.500000
 20
266.500000
 42
0.000000
  0
SEQEND
  0
POLYLINE
  8
0
 66
1
 70
1
  0
VERTEX
  8
0
 10
419.500000
 20
256.485058
 42
0.000000
  0
VERTEX
  8
0
 10
419.500000
 20
246.500000
 42
0.000000
  0
VERTEX
  8
0
 10
415.500000
 20
246.500000
 42
0.000000
  0
VERTEX
  8
0
 10
411.500000
 20
246.500000
 42
0.000000
  0
VERTEX
  8
0
 10
411.322231
 20
255.962365
 42
-0.004200
  0
VERTEX
  8
0
 10
411.284069
 20
259.636983
 42
-0.006315
  0
VERTEX
  8
0
 10
411.318185
 20
262.841755
 42
-0.002854
  0
VERTEX
  8
0
 10
411.397059
 20
265.562394
 42
-0.130454
  0
VERTEX
  8
0
 10
411.558090
 20
266.093991
 42
-0.204383
  0
VERTEX
  8
0
 10
411.918509
 20
266.348051
 42
-0.021586
  0
VERTEX
  8
0
 10
412.955930
 20
266.523602
 42
-0.023903
  0
VERTEX
  8
0
 10
414.263861
 20
266.624078
 42
-0.016949
  0
VERTEX
  8
0
 10
415.735858
 20
266.616684
 42
0.000000
  0
VERTEX
  8
0
 10
419.500000
 20
266.470116
 42
0.000000
  0
SEQEND
  0
POLYLINE
  8
0
 66
1
 70
1
  0
VERTEX
  8
0
 10
921.000000
 20
256.500000
 42
0.000000
  0
VERTEX
  8
0
 10
921.000000
 20
246.000000
 42
0.000000
  0
VERTEX
  8
0
 10
915.500000
 20
246.000000
 42
0.000000
  0
VERTEX
  8
0
 10
910.000000
 20
246.000000
 42
0.000000
  0
VERTEX
  8
0
 10
910.000000
 20
256.500000
 42
0.000000
  0
VERTEX
  8
0
 10
910.000000
 20
267.000000
 42
0.000000
  0
VERTEX
  8
0
 10
915.500000
 20
267.000000
 42
0.000000
  0
VERTEX
  8
0
 10
921.000000
 20
267.000000
 42
0.000000
  0
SEQEND
  0
POLYLINE
  8
0
 66
1
 70
1
  0
VERTEX
  8
0
 10
1045.000000
 20
256.500000
 42
0.000000
  0
VERTEX
  8
0
 10
1045.000000
 20
246.000000
 42
0.000000
  0
VERTEX
  8
0
 10
1034.500000
 20
246.000000
 42
0.000000
  0
VERTEX
  8
0
 10
1024.000000
 20
246.000000
 42
0.000000
  0
VERTEX
  8
0
 10
1024.000000
 20
256.500000
 42
0.000000
  0
VERTEX
  8
0
 10
1024.000000
 20
267.000000
 42
0.000000
  0
VERTEX
  8
0
 10
1034.500000
 20
267.000000
 42
0.000000
  0
VERTEX
  8
0
 10
1045.000000
 20
267.000000
 42
0.000000
  0
SEQEND
  0
POLYLINE
  8
0
 66
1
 70
1
  0
VERTEX
  8
0
 10
132.000000
 20
220.540211
 42
0.000000
  0
VERTEX
  8
0
 10
132.000000
 20
196.000000
 42
0.000000
  0
VERTEX
  8
0
 10
121.500000
 20
196.000000
 42
0.000000
  0
VERTEX
  8
0
 10
111.000000
 20
196.000000
 42
0.000000
  0
VERTEX
  8
0
 10
111.000000
 20
219.833333
 42
-0.002162
  0
VERTEX
  8
0
 10
111.039676
 20
229.009911
 42
-0.003482
  0
VERTEX
  8
0
 10
111.161721
 20
236.827346
 42
-0.000688
  0
VERTEX
  8
0
 10
111.326229
 20
243.694494
 42
-0.192338
  0
VERTEX
  8
0
 10
111.550541
 20
244.217207
 42
-0.177991
  0
VERTEX
  8
0
 10
112.037854
 20
244.442534
 42
-0.003398
  0
VERTEX
  8
0
 10
114.862014
 20
244.651951
 42
-0.007792
  0
VERTEX
  8
0
 10
118.197545
 20
244.824339
 42
-0.005085
  0
VERTEX
  8
0
 10
122.050541
 20
244.924085
 42
0.000000
  0
VERTEX
  8
0
 10
132.000000
 20
245.080422
 42
0.000000
  0
SEQEND
  0
POLYLINE
  8
0
 66
1
 70
1
  0
VERTEX
  8
0
 10
154.792352
 20
220.250000
 42
0.000000
  0
VERTEX
  8
0
 10
155.084704
 20
196.000000
 42
0.000000
  0
VERTEX
  8
0
 10
144.042352
 20
196.000000
 42
0.000000
  0
VERTEX
  8
0
 10
133.000000
 20
196.000000
 42
0.000000
  0
VERTEX
  8
0
 10
133.000000
 20
220.533832
 42
0.000000
  0
VERTEX
  8
0
 10
133.000000
 20
245.067663
 42
0.000000
  0
VERTEX
  8
0
 10
143.750000
 20
244.783832
 42
0.000000
  0
VERTEX
  8
0
 10
154.500000
 20
244.500000
 42
0.000000
  0
SEQEND
  0
POLYLINE
  8
0
 66
1
 70
1
  0
VERTEX
  8
0
 10
121.767909
 20
1225.275269
 42
0.018638
  0
VERTEX
  8
0
 10
123.218327
 20
1225.150328
 42
0.012590
  0
VERTEX
  8
0
 10
124.878422
 20
1225.111345
 42
0.012695
  0
VERTEX
  8
0
 10
126.487453
 20
1225.154945
 42
0.024559
  0
VERTEX
  8
0
 10
127.767909
 20
1225.285474
 42
0.212532
  0
VERTEX
  8
0
 10
128.000181
 20
1225.434198
 42
0.556092
  0
VERTEX
  8
0
 10
127.934948
 20
1225.575472
 42
0.025342
  0
VERTEX
  8
0
 10
126.655786
 20
1225.668409
 42
0.005888
  0
VERTEX
  8
0
 10
124.500000
 20
1225.690131
 42
0.005499
  0
VERTEX
  8
0
 10
122.352754
 20
1225.662864
 42
0.031761
  0
VERTEX
  8
0
 10
121.222448
 20
1225.564056
 42
0.756877
  0
VERTEX
  8
0
 10
121.205163
 20
1225.425738
 42
0.069146
  0
SEQEND
  0
POLYLINE
  8
0
 66
1
 70
1
  0
VERTEX
  8
0
 10
144.750000
 20
1225.262758
 42
0.010990
  0
VERTEX
  8
0
 10
147.140095
 20
1225.148271
 42
0.006471
  0
VERTEX
  8
0
 10
150.000000
 20
1225.111256
 42
0.006471
  0
VERTEX
  8
0
 10
152.859905
 20
1225.148271
 42
0.010990
  0
VERTEX
  8
0
 10
155.250000
 20
1225.262758
 42
0.067956
  0
VERTEX
  8
0
 10
155.890618
 20
1225.396322
 42
0.813012
  0
VERTEX
  8
0
 10
155.873437
 20
1225.522148
 42
0.014551
  0
VERTEX
  8
0
 10
153.764623
 20
1225.608117
 42
0.002911
  0
VERTEX
  8
0
 10
150.000000
 20
1225.630035
 42
0.002911
  0
VERTEX
  8
0
 10
146.235377
 20
1225.608117
 42
0.014551
  0
VERTEX
  8
0
 10
144.126563
 20
1225.522148
 42
0.813012
  0
VERTEX
  8
0
 10
144.109382
 20
1225.396322
 42
0.067956
  0
SEQEND
  0
POLYLINE
  8
0
 66
1
 70
1
  0
VERTEX
  8
0
 10
163.750000
 20
1225.276604
 42
0.019375
  0
VERTEX
  8
0
 10
165.229765
 20
1225.150935
 42
0.011494
  0
VERTEX
  8
0
 10
167.000000
 20
1225.110234
 42
0.011494
  0
VERTEX
  8
0
 10
168.770235
 20
1225.150935
 42
0.019375
  0
VERTEX
  8
0
 10
170.250000
 20
1225.276604
 42
0.108536
  0
VERTEX
  8
0
 10
170.666199
 20
1225.423685
 42
0.707215
  0
VERTEX
  8
0
 10
170.635937
 20
1225.561450
 42
0.025693
  0
VERTEX
  8
0
 10
169.329566
 20
1225.655793
 42
0.005179
  0
VERTEX
  8
0
 10
167.000000
 20
1225.679926
 42
0.005179
  0
VERTEX
  8
0
 10
164.670434
 20
1225.655793
 42
0.025693
  0
VERTEX
  8
0
 10
163.364063
 20
1225.561450
 42
0.707215
  0
VERTEX
  8
0
 10
163.333801
 20
1225.423685
 42
0.108536
  0
SEQEND
  0
POLYLINE
  8
0
 66
1
 70
1
  0
VERTEX
  8
0
 10
179.250000
 20
1225.261012
 42
0.009864
  0
VERTEX
  8
0
 10
181.867693
 20
1225.148534
 42
0.005804
  0
VERTEX
  8
0
 10
185.000000
 20
1225.112174
 42
0.005804
  0
VERTEX
  8
0
 10
188.132307
 20
1225.148534
 42
0.009864
  0
VERTEX
  8
0
 10
190.750000
 20
1225.261012
 42
0.061613
  0
VERTEX
  8
0
 10
191.448108
 20
1225.392190
 42
0.829596
  0
VERTEX
  8
0
 10
191.432812
 20
1225.515840
 42
0.013058
  0
VERTEX
  8
0
 10
189.123307
 20
1225.600303
 42
0.002611
  0
VERTEX
  8
0
 10
185.000000
 20
1225.621831
 42
0.002611
  0
VERTEX
  8
0
 10
180.876693
 20
1225.600303
 42
0.013058
  0
VERTEX
  8
0
 10
178.567188
 20
1225.515840
 42
0.829596
  0
VERTEX
  8
0
 10
178.551892
 20
1225.392190
 42
0.061613
  0
SEQEND
  0
POLYLINE
  8
0
 66
1
 70
1
  0
VERTEX
  8
0
 10
199.263750
 20
1225.282419
 42
0.022548
  0
VERTEX
  8
0
 10
200.485188
 20
1225.153707
 42
0.015659
  0
VERTEX
  8
0
 10
201.872547
 20
1225.114038
 42
0.015827
  0
VERTEX
  8
0
 10
203.209518
 20
1225.160023
 42
0.031163
  0
VERTEX
  8
0
 10
204.263750
 20
1225.296069
 42
0.248898
  0
VERTEX
  8
0
 10
204.455688
 20
1225.450815
 42
0.490820
  0
VERTEX
  8
0
 10
204.374351
 20
1225.596853
 42
0.030832
  0
VERTEX
  8
0
 10
203.297080
 20
1225.692368
 42
0.007380
  0
VERTEX
  8
0
 10
201.500000
 20
1225.713986
 42
0.006817
  0
VERTEX
  8
0
 10
199.711719
 20
1225.684722
 42
0.040183
  0
VERTEX
  8
0
 10
198.780601
 20
1225.581582
 42
0.720633
  0
VERTEX
  8
0
 10
198.761725
 20
1225.438612
 42
0.075924
  0
SEQEND
  0
POLYLINE
  8
0
 66
1
 70
1
  0
VERTEX
  8
0
 10
212.250000
 20
1225.261012
 42
0.009864
  0
VERTEX
  8
0
 10
214.867693
 20
1225.148534
 42
0.005804
  0
VERTEX
  8
0
 10
218.000000
 20
1225.112174
 42
0.005804
  0
VERTEX
  8
0
 10
221.132307
 20
1225.148534
 42
0.009864
  0
VERTEX
  8
0
 10
223.750000
 20
1225.261012
 42
0.061613
  0
VERTEX
  8
0
 10
224.448108
 20
1225.392190
 42
0.829596
  0
VERTEX
  8
0
 10
224.432812
 20
1225.515840
 42
0.013058
  0
VERTEX
  8
0
 10
222.123307
 20
1225.600303
 42
0.002611
  0
VERTEX
  8
0
 10
218.000000
 20
1225.621831
 42
0.002611
  0
VERTEX
  8
0
 10
213.876693
 20
1225.600303
 42
0.013058
  0
VERTEX
  8
0
 10
211.567188
 20
1225.515840
 42
0.829596
  0
VERTEX
  8
0
 10
211.551892
 20
1225.392190
 42
0.061613
  0
SEQEND
  0
POLYLINE
  8
0
 66
1
 70
1
  0
VERTEX
  8
0
 10
232.250000
 20
1225.283746
 42
0.023547
  0
VERTEX
  8
0
 10
233.502218
 20
1225.153981
 42
0.014044
  0
VERTEX
  8
0
 10
235.000000
 20
1225.111902
 42
0.014044
  0
VERTEX
  8
0
 10
236.497782
 20
1225.153981
 42
0.023547
  0
VERTEX
  8
0
 10
237.750000
 20
1225.283746
 42
0.124239
  0
VERTEX
  8
0
 10
238.112409
 20
1225.435926
 42
0.664672
  0
VERTEX
  8
0
 10
238.076562
 20
1225.577962
 42
0.031260
  0
VERTEX
  8
0
 10
236.970620
 20
1225.675363
 42
0.006336
  0
VERTEX
  8
0
 10
235.000000
 20
1225.700336
 42
0.006336
  0
VERTEX
  8
0
 10
233.029380
 20
1225.675363
 42
0.031260
  0
VERTEX
  8
0
 10
231.923438
 20
1225.577962
 42
0.664672
  0
VERTEX
  8
0
 10
231.887591
 20
1225.435926
 42
0.124239
  0
SEQEND
  0
POLYLINE
  8
0
 66
1
 70
1
  0
VERTEX
  8
0
 10
246.250000
 20
1225.261012
 42
0.009864
  0
VERTEX
  8
0
 10
248.867693
 20
1225.148534
 42
0.005804
  0
VERTEX
  8
0
 10
252.000000
 20
1225.112174
 42
0.005804
  0
VERTEX
  8
0
 10
255.132307
 20
1225.148534
 42
0.009864
  0
VERTEX
  8
0
 10
257.750000
 20
1225.261012
 42
0.061613
  0
VERTEX
  8
0
 10
258.448108
 20
1225.392190
 42
0.829596
  0
VERTEX
  8
0
 10
258.432813
 20
1225.515840
 42
0.013058
  0
VERTEX
  8
0
 10
256.123307
 20
1225.600303
 42
0.002611
  0
VERTEX
  8
0
 10
252.000000
 20
1225.621831
 42
0.002611
  0
VERTEX
  8
0
 10
247.876693
 20
1225.600303
 42
0.013058
  0
VERTEX
  8
0
 10
245.567188
 20
1225.515840
 42
0.829596
  0
VERTEX
  8
0
 10
245.551892
 20
1225.392190
 42
0.061613
  0
SEQEND
  0
POLYLINE
  8
0
 66
1
 70
1
  0
VERTEX
  8
0
 10
269.750000
 20
1225.259603
 42
0.008933
  0
VERTEX
  8
0
 10
272.595295
 20
1225.148924
 42
0.005253
  0
VERTEX
  8
0
 10
276.000000
 20
1225.113150
 42
0.005253
  0
VERTEX
  8
0
 10
279.404705
 20
1225.148924
 42
0.008933
  0
VERTEX
  8
0
 10
282.250000
 20
1225.259603
 42
0.056230
  0
VERTEX
  8
0
 10
283.005917
 20
1225.388651
 42
0.843750
  0
VERTEX
  8
0
 10
282.992188
 20
1225.510348
 42
0.011824
  0
VERTEX
  8
0
 10
280.481976
 20
1225.593461
 42
0.002363
  0
VERTEX
  8
0
 10
276.000000
 20
1225.614641
 42
0.002363
  0
VERTEX
  8
0
 10
271.518024
 20
1225.593461
 42
0.011824
  0
VERTEX
  8
0
 10
269.007812
 20
1225.510348
 42
0.843750
  0
VERTEX
  8
0
 10
268.994083
 20
1225.388651
 42
0.056230
  0
SEQEND
  0
POLYLINE
  8
0
 66
1
 70
1
  0
VERTEX
  8
0
 10
299.750000
 20
1225.253493
 42
0.004465
  0
VERTEX
  8
0
 10
304.871383
 20
1225.154040
 42
0.002621
  0
VERTEX
  8
0
 10
311.000000
 20
1225.121907
 42
0.002621
  0
VERTEX
  8
0
 10
317.128617
 20
1225.154040
 42
0.004465
  0
VERTEX
  8
0
 10
322.250000
 20
1225.253493
 42
0.028886
  0
VERTEX
  8
0
 10
323.592265
 20
1225.369353
 42
0.917402
  0
VERTEX
  8
0
 10
323.585938
 20
1225.478783
 42
0.005908
  0
VERTEX
  8
0
 10
319.068294
 20
1225.553470
 42
0.001179
  0
VERTEX
  8
0
 10
311.000000
 20
1225.572488
 42
0.001179
  0
VERTEX
  8
0
 10
302.931706
 20
1225.553470
 42
0.005908
  0
VERTEX
  8
0
 10
298.414062
 20
1225.478783
 42
0.917402
  0
VERTEX
  8
0
 10
298.407735
 20
1225.369353
 42
0.028886
  0
SEQEND
  0
POLYLINE
  8
0
 66
1
 70
1
  0
VERTEX
  8
0
 10
340.291588
 20
1225.257502
 42
0.007960
  0
VERTEX
  8
0
 10
343.342947
 20
1225.148573
 42
0.005002
  0
VERTEX
  8
0
 10
346.911868
 20
1225.113740
 42
0.005021
  0
VERTEX
  8
0
 10
350.425385
 20
1225.149880
 42
0.009156
  0
VERTEX
  8
0
 10
353.291588
 20
1225.260682
 42
0.078783
  0
VERTEX
  8
0
 10
353.877154
 20
1225.388060
 42
0.808064
  0
VERTEX
  8
0
 10
353.857529
 20
1225.509731
 42
0.010669
  0
VERTEX
  8
0
 10
351.166435
 20
1225.591202
 42
0.002293
  0
VERTEX
  8
0
 10
346.500000
 20
1225.611460
 42
0.002213
  0
VERTEX
  8
0
 10
341.842228
 20
1225.589703
 42
0.011964
  0
VERTEX
  8
0
 10
339.313779
 20
1225.506173
 42
0.875674
  0
VERTEX
  8
0
 10
339.304715
 20
1225.386221
 42
0.039068
  0
SEQEND
  0
POLYLINE
  8
0
 66
1
 70
1
  0
VERTEX
  8
0
 10
375.812975
 20
1225.251492
 42
0.002884
  0
VERTEX
  8
0
 10
383.195907
 20
1225.157578
 42
0.001743
  0
VERTEX
  8
0
 10
391.942077
 20
1225.127280
 42
0.001746
  0
VERTEX
  8
0
 10
400.628793
 20
1225.157815
 42
0.003066
  0
VERTEX
  8
0
 10
407.812975
 20
1225.252220
 42
0.022801
  0
VERTEX
  8
0
 10
409.496720
 20
1225.361594
 42
0.937517
  0
VERTEX
  8
0
 10
409.491936
 20
1225.465552
 42
0.003837
  0
VERTEX
  8
0
 10
402.980080
 20
1225.535972
 42
0.000790
  0
VERTEX
  8
0
 10
391.500000
 20
1225.553858
 42
0.000778
  0
VERTEX
  8
0
 10
380.029126
 20
1225.535744
 42
0.004034
  0
VERTEX
  8
0
 10
373.691936
 20
1225.464738
 42
0.949204
  0
VERTEX
  8
0
 10
373.688544
 20
1225.361457
 42
0.016615
  0
SEQEND
  0
POLYLINE
  8
0
 66
1
 70
1
  0
VERTEX
  8
0
 10
437.250000
 20
1225.253232
 42
0.004245
  0
VERTEX
  8
0
 10
442.598995
 20
1225.154493
 42
0.002492
  0
VERTEX
  8
0
 10
449.000000
 20
1225.122592
 42
0.002492
  0
VERTEX
  8
0
 10
455.401005
 20
1225.154493
 42
0.004245
  0
VERTEX
  8
0
 10
460.750000
 20
1225.253232
 42
0.027484
  0
VERTEX
  8
0
 10
462.151289
 20
1225.368256
 42
0.921279
  0
VERTEX
  8
0
 10
462.145312
 20
1225.476903
 42
0.005617
  0
VERTEX
  8
0
 10
457.426910
 20
1225.551054
 42
0.001120
  0
VERTEX
  8
0
 10
449.000000
 20
1225.569935
 42
0.001120
  0
VERTEX
  8
0
 10
440.573090
 20
1225.551054
 42
0.005617
  0
VERTEX
  8
0
 10
435.854688
 20
1225.476903
 42
0.921279
  0
VERTEX
  8
0
 10
435.848711
 20
1225.368256
 42
0.027484
  0
SEQEND
  0
POLYLINE
  8
0
 66
1
 70
1
  0
VERTEX
  8
0
 10
475.761659
 20
1225.292739
 42
0.028254
  0
VERTEX
  8
0
 10
476.754739
 20
1225.159391
 42
0.020511
  0
VERTEX
  8
0
 10
477.869594
 20
1225.119272
 42
0.020826
  0
VERTEX
  8
0
 10
478.934218
 20
1225.169017
 42
0.041951
  0
VERTEX
  8
0
 10
479.761659
 20
1225.312920
 42
0.285845
  0
VERTEX
  8
0
 10
479.916221
 20
1225.476221
 42
0.417468
  0
VERTEX
  8
0
 10
479.814362
 20
1225.628390
 42
0.038992
  0
VERTEX
  8
0
 10
478.938425
 20
1225.726931
 42
0.009782
  0
VERTEX
  8
0
 10
477.500000
 20
1225.747817
 42
0.008901
  0
VERTEX
  8
0
 10
476.071102
 20
1225.715166
 42
0.053901
  0
VERTEX
  8
0
 10
475.339362
 20
1225.605813
 42
0.671610
  0
VERTEX
  8
0
 10
475.319562
 20
1225.456590
 42
0.082665
  0
SEQEND
  0
POLYLINE
  8
0
 66
1
 70
1
  0
VERTEX
  8
0
 10
490.797482
 20
1225.255245
 42
0.006295
  0
VERTEX
  8
0
 10
494.533582
 20
1225.150299
 42
0.003909
  0
VERTEX
  8
0
 10
498.920193
 20
1225.116635
 42
0.003921
  0
VERTEX
  8
0
 10
503.250287
 20
1225.151213
 42
0.007070
  0
VERTEX
  8
0
 10
506.797482
 20
1225.257546
 42
0.058571
  0
VERTEX
  8
0
 10
507.551330
 20
1225.380065
 42
0.852078
  0
VERTEX
  8
0
 10
507.537385
 20
1225.496971
 42
0.008418
  0
VERTEX
  8
0
 10
504.242314
 20
1225.575527
 42
0.001786
  0
VERTEX
  8
0
 10
498.500000
 20
1225.595210
 42
0.001734
  0
VERTEX
  8
0
 10
492.766482
 20
1225.574501
 42
0.009257
  0
VERTEX
  8
0
 10
489.637385
 20
1225.494396
 42
0.898123
  0
VERTEX
  8
0
 10
489.630083
 20
1225.378893
 42
0.032437
  0
SEQEND
  0
POLYLINE
  8
0
 66
1
 70
1
  0
VERTEX
  8
0
 10
523.250000
 20
1225.256692
 42
0.006921
  0
VERTEX
  8
0
 10
526.778111
 20
1225.150439
 42
0.004066
  0
VERTEX
  8
0
 10
531.000000
 20
1225.116103
 42
0.004066
  0
VERTEX
  8
0
 10
535.221889
 20
1225.150439
 42
0.006921
  0
VERTEX
  8
0
 10
538.750000
 20
1225.256692
 42
0.044194
  0
VERTEX
  8
0
 10
539.680663
 20
1225.380523
 42
0.875756
  0
VERTEX
  8
0
 10
539.670313
 20
1225.497396
 42
0.009159
  0
VERTEX
  8
0
 10
536.557921
 20
1225.577187
 42
0.001828
  0
VERTEX
  8
0
 10
531.000000
 20
1225.597512
 42
0.001828
  0
VERTEX
  8
0
 10
525.442079
 20
1225.577187
 42
0.009159
  0
VERTEX
  8
0
 10
522.329687
 20
1225.497396
 42
0.875756
  0
VERTEX
  8
0
 10
522.319337
 20
1225.380523
 42
0.044194
  0
SEQEND
  0
POLYLINE
  8
0
 66
1
 70
1
  0
VERTEX
  8
0
 10
550.750000
 20
1225.276604
 42
0.019375
  0
VERTEX
  8
0
 10
552.229765
 20
1225.150935
 42
0.011494
  0
VERTEX
  8
0
 10
554.000000
 20
1225.110234
 42
0.011494
  0
VERTEX
  8
0
 10
555.770235
 20
1225.150935
 42
0.019375
  0
VERTEX
  8
0
 10
557.250000
 20
1225.276604
 42
0.108536
  0
VERTEX
  8
0
 10
557.666199
 20
1225.423685
 42
0.707215
  0
VERTEX
  8
0
 10
557.635938
 20
1225.561450
 42
0.025693
  0
VERTEX
  8
0
 10
556.329566
 20
1225.655793
 42
0.005179
  0
VERTEX
  8
0
 10
554.000000
 20
1225.679926
 42
0.005179
  0
VERTEX
  8
0
 10
551.670434
 20
1225.655793
 42
0.025693
  0
VERTEX
  8
0
 10
550.364062
 20
1225.561450
 42
0.707215
  0
VERTEX
  8
0
 10
550.333801
 20
1225.423685
 42
0.108536
  0
SEQEND
  0
POLYLINE
  8
0
 66
1
 70
1
  0
VERTEX
  8
0
 10
569.295706
 20
1225.255869
 42
0.006772
  0
VERTEX
  8
0
 10
572.803620
 20
1225.149712
 42
0.004220
  0
VERTEX
  8
0
 10
576.917685
 20
1225.115689
 42
0.004233
  0
VERTEX
  8
0
 10
580.975569
 20
1225.150736
 42
0.007659
  0
VERTEX
  8
0
 10
584.295706
 20
1225.258416
 42
0.064206
  0
VERTEX
  8
0
 10
584.992986
 20
1225.382403
 42
0.839550
  0
VERTEX
  8
0
 10
584.977489
 20
1225.500752
 42
0.009062
  0
VERTEX
  8
0
 10
581.883691
 20
1225.580195
 42
0.001930
  0
VERTEX
  8
0
 10
576.500000
 20
1225.600059
 42
0.001870
  0
VERTEX
  8
0
 10
571.125063
 20
1225.579038
 42
0.010022
  0
VERTEX
  8
0
 10
568.196239
 20
1225.497902
 42
0.891547
  0
VERTEX
  8
0
 10
568.188420
 20
1225.381050
 42
0.034402
  0
SEQEND
  0
POLYLINE
  8
0
 66
1
 70
1
  0
VERTEX
  8
0
 10
595.727696
 20
1225.278268
 42
0.020120
  0
VERTEX
  8
0
 10
597.234338
 20
1225.152063
 42
0.010546
  0
VERTEX
  8
0
 10
599.115370
 20
1225.110215
 42
0.010474
  0
VERTEX
  8
0
 10
601.048239
 20
1225.148479
 42
0.015806
  0
VERTEX
  8
0
 10
602.727696
 20
1225.270202
 42
0.062969
  0
VERTEX
  8
0
 10
603.351289
 20
1225.416037
 42
0.785070
  0
VERTEX
  8
0
 10
603.335636
 20
1225.550546
 42
0.026082
  0
VERTEX
  8
0
 10
602.006031
 20
1225.645979
 42
0.004587
  0
VERTEX
  8
0
 10
599.500000
 20
1225.671860
 42
0.004873
  0
VERTEX
  8
0
 10
596.985512
 20
1225.650253
 42
0.021409
  0
VERTEX
  8
0
 10
595.504386
 20
1225.559569
 42
0.613017
  0
VERTEX
  8
0
 10
595.451620
 20
1225.422293
 42
0.180442
  0
SEQEND
  0
POLYLINE
  8
0
 66
1
 70
1
  0
VERTEX
  8
0
 10
613.250000
 20
1225.261012
 42
0.009864
  0
VERTEX
  8
0
 10
615.867693
 20
1225.148534
 42
0.005804
  0
VERTEX
  8
0
 10
619.000000
 20
1225.112174
 42
0.005804
  0
VERTEX
  8
0
 10
622.132307
 20
1225.148534
 42
0.009864
  0
VERTEX
  8
0
 10
624.750000
 20
1225.261012
 42
0.061613
  0
VERTEX
  8
0
 10
625.448108
 20
1225.392190
 42
0.829596
  0
VERTEX
  8
0
 10
625.432813
 20
1225.515840
 42
0.013058
  0
VERTEX
  8
0
 10
623.123307
 20
1225.600303
 42
0.002611
  0
VERTEX
  8
0
 10
619.000000
 20
1225.621831
 42
0.002611
  0
VERTEX
  8
0
 10
614.876693
 20
1225.600303
 42
0.013058
  0
VERTEX
  8
0
 10
612.567187
 20
1225.515840
 42
0.829596
  0
VERTEX
  8
0
 10
612.551892
 20
1225.392190
 42
0.061613
  0
SEQEND
  0
POLYLINE
  8
0
 66
1
 70
1
  0
VERTEX
  8
0
 10
633.250000
 20
1225.310674
 42
0.039571
  0
VERTEX
  8
0
 10
634.047266
 20
1225.168469
 42
0.024357
  0
VERTEX
  8
0
 10
635.000000
 20
1225.122029
 42
0.024357
  0
VERTEX
  8
0
 10
635.952734
 20
1225.168469
 42
0.039571
  0
VERTEX
  8
0
 10
636.750000
 20
1225.310674
 42
0.161593
  0
VERTEX
  8
0
 10
637.009140
 20
1225.478988
 42
0.542911
  0
VERTEX
  8
0
 10
636.957812
 20
1225.633659
 42
0.052887
  0
VERTEX
  8
0
 10
636.251983
 20
1225.740287
 42
0.011065
  0
VERTEX
  8
0
 10
635.000000
 20
1225.767997
 42
0.011065
  0
VERTEX
  8
0
 10
633.748017
 20
1225.740287
 42
0.052887
  0
VERTEX
  8
0
 10
633.042188
 20
1225.633659
 42
0.542911
  0
VERTEX
  8
0
 10
632.990860
 20
1225.478988
 42
0.161593
  0
SEQEND
  0
POLYLINE
  8
0
 66
1
 70
1
  0
VERTEX
  8
0
 10
643.750000
 20
1225.267795
 42
0.014123
  0
VERTEX
  8
0
 10
645.684912
 20
1225.148488
 42
0.008335
  0
VERTEX
  8
0
 10
648.000000
 20
1225.109894
 42
0.008335
  0
VERTEX
  8
0
 10
650.315088
 20
1225.148488
 42
0.014123
  0
VERTEX
  8
0
 10
652.250000
 20
1225.267795
 42
0.084525
  0
VERTEX
  8
0
 10
652.776995
 20
1225.407127
 42
0.769970
  0
VERTEX
  8
0
 10
652.754687
 20
1225.538141
 42
0.018707
  0
VERTEX
  8
0
 10
651.047184
 20
1225.627723
 42
0.003751
  0
VERTEX
  8
0
 10
648.000000
 20
1225.650586
 42
0.003751
  0
VERTEX
  8
0
 10
644.952816
 20
1225.627723
 42
0.018707
  0
VERTEX
  8
0
 10
643.245313
 20
1225.538141
 42
0.769970
  0
VERTEX
  8
0
 10
643.223005
 20
1225.407127
 42
0.084525
  0
SEQEND
  0
POLYLINE
  8
0
 66
1
 70
1
  0
VERTEX
  8
0
 10
659.250000
 20
1225.310674
 42
0.039571
  0
VERTEX
  8
0
 10
660.047266
 20
1225.168469
 42
0.024357
  0
VERTEX
  8
0
 10
661.000000
 20
1225.122029
 42
0.024357
  0
VERTEX
  8
0
 10
661.952734
 20
1225.168469
 42
0.039571
  0
VERTEX
  8
0
 10
662.750000
 20
1225.310674
 42
0.161593
  0
VERTEX
  8
0
 10
663.009140
 20
1225.478988
 42
0.542911
  0
VERTEX
  8
0
 10
662.957812
 20
1225.633659
 42
0.052887
  0
VERTEX
  8
0
 10
662.251983
 20
1225.740287
 42
0.011065
  0
VERTEX
  8
0
 10
661.000000
 20
1225.767997
 42
0.011065
  0
VERTEX
  8
0
 10
659.748017
 20
1225.740287
 42
0.052887
  0
VERTEX
  8
0
 10
659.042188
 20
1225.633659
 42
0.542911
  0
VERTEX
  8
0
 10
658.990860
 20
1225.478988
 42
0.161593
  0
SEQEND
  0
POLYLINE
  8
0
 66
1
 70
1
  0
VERTEX
  8
0
 10
669.750000
 20
1225.267795
 42
0.014123
  0
VERTEX
  8
0
 10
671.684912
 20
1225.148488
 42
0.008335
  0
VERTEX
  8
0
 10
674.000000
 20
1225.109894
 42
0.008335
  0
VERTEX
  8
0
 10
676.315088
 20
1225.148488
 42
0.014123
  0
VERTEX
  8
0
 10
678.250000
 20
1225.267795
 42
0.084525
  0
VERTEX
  8
0
 10
678.776995
 20
1225.407127
 42
0.769970
  0
VERTEX
  8
0
 10
678.754687
 20
1225.538141
 42
0.018707
  0
VERTEX
  8
0
 10
677.047184
 20
1225.627723
 42
0.003751
  0
VERTEX
  8
0
 10
674.000000
 20
1225.650586
 42
0.003751
  0
VERTEX
  8
0
 10
670.952816
 20
1225.627723
 42
0.018707
  0
VERTEX
  8
0
 10
669.245313
 20
1225.538141
 42
0.769970
  0
VERTEX
  8
0
 10
669.223005
 20
1225.407127
 42
0.084525
  0
SEQEND
  0
POLYLINE
  8
0
 66
1
 70
1
  0
VERTEX
  8
0
 10
696.250000
 20
1225.264961
 42
0.012378
  0
VERTEX
  8
0
 10
698.412501
 20
1225.148215
 42
0.007295
  0
VERTEX
  8
0
 10
701.000000
 20
1225.110462
 42
0.007295
  0
VERTEX
  8
0
 10
703.587499
 20
1225.148215
 42
0.012378
  0
VERTEX
  8
0
 10
705.750000
 20
1225.264961
 42
0.075495
  0
VERTEX
  8
0
 10
706.333540
 20
1225.401218
 42
0.793398
  0
VERTEX
  8
0
 10
706.314062
 20
1225.529482
 42
0.016391
  0
VERTEX
  8
0
 10
704.405918
 20
1225.617144
 42
0.003282
  0
VERTEX
  8
0
 10
701.000000
 20
1225.639504
 42
0.003282
  0
VERTEX
  8
0
 10
697.594082
 20
1225.617144
 42
0.016391
  0
VERTEX
  8
0
 10
695.685938
 20
1225.529482
 42
0.793398
  0
VERTEX
  8
0
 10
695.666460
 20
1225.401218
 42
0.075495
  0
SEQEND
  0
POLYLINE
  8
0
 66
1
 70
1
  0
VERTEX
  8
0
 10
724.280173
 20
1225.263728
 42
0.012009
  0
VERTEX
  8
0
 10
726.417397
 20
1225.147278
 42
0.007758
  0
VERTEX
  8
0
 10
728.895745
 20
1225.110349
 42
0.007799
  0
VERTEX
  8
0
 10
731.320819
 20
1225.149670
 42
0.014578
  0
VERTEX
  8
0
 10
733.280173
 20
1225.269269
 42
0.131812
  0
VERTEX
  8
0
 10
733.652585
 20
1225.406153
 42
0.702197
  0
VERTEX
  8
0
 10
733.616676
 20
1225.536946
 42
0.016184
  0
VERTEX
  8
0
 10
731.731847
 20
1225.623869
 42
0.003584
  0
VERTEX
  8
0
 10
728.500000
 20
1225.645045
 42
0.003413
  0
VERTEX
  8
0
 10
725.276628
 20
1225.621056
 42
0.018965
  0
VERTEX
  8
0
 10
723.547926
 20
1225.530747
 42
0.826233
  0
VERTEX
  8
0
 10
723.535090
 20
1225.402311
 42
0.052772
  0
SEQEND
  0
POLYLINE
  8
0
 66
1
 70
1
  0
VERTEX
  8
0
 10
747.250000
 20
1225.283746
 42
0.023547
  0
VERTEX
  8
0
 10
748.502218
 20
1225.153981
 42
0.014044
  0
VERTEX
  8
0
 10
750.000000
 20
1225.111902
 42
0.014044
  0
VERTEX
  8
0
 10
751.497782
 20
1225.153981
 42
0.023547
  0
VERTEX
  8
0
 10
752.750000
 20
1225.283746
 42
0.124239
  0
VERTEX
  8
0
 10
753.112409
 20
1225.435926
 42
0.664672
  0
VERTEX
  8
0
 10
753.076563
 20
1225.577962
 42
0.031260
  0
VERTEX
  8
0
 10
751.970620
 20
1225.675363
 42
0.006336
  0
VERTEX
  8
0
 10
750.000000
 20
1225.700336
 42
0.006336
  0
VERTEX
  8
0
 10
748.029380
 20
1225.675363
 42
0.031260
  0
VERTEX
  8
0
 10
746.923437
 20
1225.577962
 42
0.664672
  0
VERTEX
  8
0
 10
746.887591
 20
1225.435926
 42
0.124239
  0
SEQEND
  0
POLYLINE
  8
0
 66
1
 70
1
  0
VERTEX
  8
0
 10
764.767909
 20
1225.275269
 42
0.018638
  0
VERTEX
  8
0
 10
766.218327
 20
1225.150328
 42
0.012590
  0
VERTEX
  8
0
 10
767.878422
 20
1225.111345
 42
0.012695
  0
VERTEX
  8
0
 10
769.487453
 20
1225.154945
 42
0.024559
  0
VERTEX
  8
0
 10
770.767909
 20
1225.285474
 42
0.212532
  0
VERTEX
  8
0
 10
771.000181
 20
1225.434198
 42
0.556092
  0
VERTEX
  8
0
 10
770.934948
 20
1225.575472
 42
0.025342
  0
VERTEX
  8
0
 10
769.655786
 20
1225.668409
 42
0.005888
  0
VERTEX
  8
0
 10
767.500000
 20
1225.690131
 42
0.005499
  0
VERTEX
  8
0
 10
765.352754
 20
1225.662864
 42
0.031761
  0
VERTEX
  8
0
 10
764.222448
 20
1225.564056
 42
0.756877
  0
VERTEX
  8
0
 10
764.205163
 20
1225.425738
 42
0.069146
  0
SEQEND
  0
POLYLINE
  8
0
 66
1
 70
1
  0
VERTEX
  8
0
 10
783.767909
 20
1225.275269
 42
0.018638
  0
VERTEX
  8
0
 10
785.218327
 20
1225.150328
 42
0.012590
  0
VERTEX
  8
0
 10
786.878422
 20
1225.111345
 42
0.012695
  0
VERTEX
  8
0
 10
788.487453
 20
1225.154945
 42
0.024559
  0
VERTEX
  8
0
 10
789.767909
 20
1225.285474
 42
0.212532
  0
VERTEX
  8
0
 10
790.000181
 20
1225.434198
 42
0.556092
  0
VERTEX
  8
0
 10
789.934948
 20
1225.575472
 42
0.025342
  0
VERTEX
  8
0
 10
788.655786
 20
1225.668409
 42
0.005888
  0
VERTEX
  8
0
 10
786.500000
 20
1225.690131
 42
0.005499
  0
VERTEX
  8
0
 10
784.352754
 20
1225.662864
 42
0.031761
  0
VERTEX
  8
0
 10
783.222448
 20
1225.564056
 42
0.756877
  0
VERTEX
  8
0
 10
783.205163
 20
1225.425738
 42
0.069146
  0
SEQEND
  0
POLYLINE
  8
0
 66
1
 70
1
  0
VERTEX
  8
0
 10
801.767909
 20
1225.275269
 42
0.018638
  0
VERTEX
  8
0
 10
803.218327
 20
1225.150328
 42
0.012590
  0
VERTEX
  8
0
 10
804.878422
 20
1225.111345
 42
0.012695
  0
VERTEX
  8
0
 10
806.487453
 20
1225.154945
 42
0.024559
  0
VERTEX
  8
0
 10
807.767909
 20
1225.285474
 42
0.212532
  0
VERTEX
  8
0
 10
808.000181
 20
1225.434198
 42
0.556092
  0
VERTEX
  8
0
 10
807.934948
 20
1225.575472
 42
0.025342
  0
VERTEX
  8
0
 10
806.655786
 20
1225.668409
 42
0.005888
  0
VERTEX
  8
0
 10
804.500000
 20
1225.690131
 42
0.005499
  0
VERTEX
  8
0
 10
802.352754
 20
1225.662864
 42
0.031761
  0
VERTEX
  8
0
 10
801.222448
 20
1225.564056
 42
0.756877
  0
VERTEX
  8
0
 10
801.205163
 20
1225.425738
 42
0.069146
  0
SEQEND
  0
POLYLINE
  8
0
 66
1
 70
1
  0
VERTEX
  8
0
 10
820.767909
 20
1225.275269
 42
0.018638
  0
VERTEX
  8
0
 10
822.218327
 20
1225.150328
 42
0.012590
  0
VERTEX
  8
0
 10
823.878422
 20
1225.111345
 42
0.012695
  0
VERTEX
  8
0
 10
825.487453
 20
1225.154945
 42
0.024559
  0
VERTEX
  8
0
 10
826.767909
 20
1225.285474
 42
0.212532
  0
VERTEX
  8
0
 10
827.000181
 20
1225.434198
 42
0.556092
  0
VERTEX
  8
0
 10
826.934948
 20
1225.575472
 42
0.025342
  0
VERTEX
  8
0
 10
825.655786
 20
1225.668409
 42
0.005888
  0
VERTEX
  8
0
 10
823.500000
 20
1225.690131
 42
0.005499
  0
VERTEX
  8
0
 10
821.352754
 20
1225.662864
 42
0.031761
  0
VERTEX
  8
0
 10
820.222448
 20
1225.564056
 42
0.756877
  0
VERTEX
  8
0
 10
820.205163
 20
1225.425738
 42
0.069146
  0
SEQEND
  0
POLYLINE
  8
0
 66
1
 70
1
  0
VERTEX
  8
0
 10
837.750000
 20
1225.276604
 42
0.019375
  0
VERTEX
  8
0
 10
839.229765
 20
1225.150935
 42
0.011494
  0
VERTEX
  8
0
 10
841.000000
 20
1225.110234
 42
0.011494
  0
VERTEX
  8
0
 10
842.770235
 20
1225.150935
 42
0.019375
  0
VERTEX
  8
0
 10
844.250000
 20
1225.276604
 42
0.108536
  0
VERTEX
  8
0
 10
844.666199
 20
1225.423685
 42
0.707215
  0
VERTEX
  8
0
 10
844.635938
 20
1225.561450
 42
0.025693
  0
VERTEX
  8
0
 10
843.329566
 20
1225.655793
 42
0.005179
  0
VERTEX
  8
0
 10
841.000000
 20
1225.679926
 42
0.005179
  0
VERTEX
  8
0
 10
838.670434
 20
1225.655793
 42
0.025693
  0
VERTEX
  8
0
 10
837.364062
 20
1225.561450
 42
0.707215
  0
VERTEX
  8
0
 10
837.333801
 20
1225.423685
 42
0.108536
  0
SEQEND
  0
POLYLINE
  8
0
 66
1
 70
1
  0
VERTEX
  8
0
 10
858.250000
 20
1225.310674
 42
0.039571
  0
VERTEX
  8
0
 10
859.047266
 20
1225.168469
 42
0.024357
  0
VERTEX
  8
0
 10
860.000000
 20
1225.122029
 42
0.024357
  0
VERTEX
  8
0
 10
860.952734
 20
1225.168469
 42
0.039571
  0
VERTEX
  8
0
 10
861.750000
 20
1225.310674
 42
0.161593
  0
VERTEX
  8
0
 10
862.009140
 20
1225.478988
 42
0.542911
  0
VERTEX
  8
0
 10
861.957812
 20
1225.633659
 42
0.052887
  0
VERTEX
  8
0
 10
861.251983
 20
1225.740287
 42
0.011065
  0
VERTEX
  8
0
 10
860.000000
 20
1225.767997
 42
0.011065
  0
VERTEX
  8
0
 10
858.748017
 20
1225.740287
 42
0.052887
  0
VERTEX
  8
0
 10
858.042188
 20
1225.633659
 42
0.542911
  0
VERTEX
  8
0
 10
857.990860
 20
1225.478988
 42
0.161593
  0
SEQEND
  0
POLYLINE
  8
0
 66
1
 70
1
  0
VERTEX
  8
0
 10
872.263750
 20
1225.282419
 42
0.022548
  0
VERTEX
  8
0
 10
873.485188
 20
1225.153707
 42
0.015659
  0
VERTEX
  8
0
 10
874.872547
 20
1225.114038
 42
0.015827
  0
VERTEX
  8
0
 10
876.209518
 20
1225.160023
 42
0.031163
  0
VERTEX
  8
0
 10
877.263750
 20
1225.296069
 42
0.248898
  0
VERTEX
  8
0
 10
877.455688
 20
1225.450815
 42
0.490820
  0
VERTEX
  8
0
 10
877.374351
 20
1225.596853
 42
0.030832
  0
VERTEX
  8
0
 10
876.297080
 20
1225.692368
 42
0.007380
  0
VERTEX
  8
0
 10
874.500000
 20
1225.713986
 42
0.006817
  0
VERTEX
  8
0
 10
872.711719
 20
1225.684722
 42
0.040183
  0
VERTEX
  8
0
 10
871.780601
 20
1225.581582
 42
0.720633
  0
VERTEX
  8
0
 10
871.761725
 20
1225.438612
 42
0.075924
  0
SEQEND
  0
POLYLINE
  8
0
 66
1
 70
1
  0
VERTEX
  8
0
 10
887.263750
 20
1225.282419
 42
0.022548
  0
VERTEX
  8
0
 10
888.485188
 20
1225.153707
 42
0.015659
  0
VERTEX
  8
0
 10
889.872547
 20
1225.114038
 42
0.015827
  0
VERTEX
  8
0
 10
891.209518
 20
1225.160023
 42
0.031163
  0
VERTEX
  8
0
 10
892.263750
 20
1225.296069
 42
0.248898
  0
VERTEX
  8
0
 10
892.455688
 20
1225.450815
 42
0.490820
  0
VERTEX
  8
0
 10
892.374351
 20
1225.596853
 42
0.030832
  0
VERTEX
  8
0
 10
891.297080
 20
1225.692368
 42
0.007380
  0
VERTEX
  8
0
 10
889.500000
 20
1225.713986
 42
0.006817
  0
VERTEX
  8
0
 10
887.711719
 20
1225.684722
 42
0.040183
  0
VERTEX
  8
0
 10
886.780601
 20
1225.581582
 42
0.720633
  0
VERTEX
  8
0
 10
886.761725
 20
1225.438612
 42
0.075924
  0
SEQEND
  0
POLYLINE
  8
0
 66
1
 70
1
  0
VERTEX
  8
0
 10
901.250000
 20
1225.283746
 42
0.023547
  0
VERTEX
  8
0
 10
902.502218
 20
1225.153981
 42
0.014044
  0
VERTEX
  8
0
 10
904.000000
 20
1225.111902
 42
0.014044
  0
VERTEX
  8
0
 10
905.497782
 20
1225.153981
 42
0.023547
  0
VERTEX
  8
0
 10
906.750000
 20
1225.283746
 42
0.124239
  0
VERTEX
  8
0
 10
907.112409
 20
1225.435926
 42
0.664672
  0
VERTEX
  8
0
 10
907.076563
 20
1225.577962
 42
0.031260
  0
VERTEX
  8
0
 10
905.970620
 20
1225.675363
 42
0.006336
  0
VERTEX
  8
0
 10
904.000000
 20
1225.700336
 42
0.006336
  0
VERTEX
  8
0
 10
902.029380
 20
1225.675363
 42
0.031260
  0
VERTEX
  8
0
 10
900.923437
 20
1225.577962
 42
0.664672
  0
VERTEX
  8
0
 10
900.887591
 20
1225.435926
 42
0.124239
  0
SEQEND
  0
POLYLINE
  8
0
 66
1
 70
1
  0
VERTEX
  8
0
 10
916.250000
 20
1225.283746
 42
0.023547
  0
VERTEX
  8
0
 10
917.502218
 20
1225.153981
 42
0.014044
  0
VERTEX
  8
0
 10
919.000000
 20
1225.111902
 42
0.014044
  0
VERTEX
  8
0
 10
920.497782
 20
1225.153981
 42
0.023547
  0
VERTEX
  8
0
 10
921.750000
 20
1225.283746
 42
0.124239
  0
VERTEX
  8
0
 10
922.112409
 20
1225.435926
 42
0.664672
  0
VERTEX
  8
0
 10
922.076563
 20
1225.577962
 42
0.031260
  0
VERTEX
  8
0
 10
920.970620
 20
1225.675363
 42
0.006336
  0
VERTEX
  8
0
 10
919.000000
 20
1225.700336
 42
0.006336
  0
VERTEX
  8
0
 10
917.029380
 20
1225.675363
 42
0.031260
  0
VERTEX
  8
0
 10
915.923437
 20
1225.577962
 42
0.664672
  0
VERTEX
  8
0
 10
915.887591
 20
1225.435926
 42
0.124239
  0
SEQEND
  0
POLYLINE
  8
0
 66
1
 70
1
  0
VERTEX
  8
0
 10
931.750000
 20
1225.294267
 42
0.029693
  0
VERTEX
  8
0
 10
932.774707
 20
1225.159351
 42
0.017887
  0
VERTEX
  8
0
 10
934.000000
 20
1225.115502
 42
0.017887
  0
VERTEX
  8
0
 10
935.225293
 20
1225.159351
 42
0.029693
  0
VERTEX
  8
0
 10
936.250000
 20
1225.294267
 42
0.142433
  0
VERTEX
  8
0
 10
936.560023
 20
1225.453014
 42
0.611425
  0
VERTEX
  8
0
 10
936.517187
 20
1225.600334
 42
0.039503
  0
VERTEX
  8
0
 10
935.611490
 20
1225.701569
 42
0.008087
  0
VERTEX
  8
0
 10
934.000000
 20
1225.727636
 42
0.008087
  0
VERTEX
  8
0
 10
932.388510
 20
1225.701569
 42
0.039503
  0
VERTEX
  8
0
 10
931.482813
 20
1225.600334
 42
0.611425
  0
VERTEX
  8
0
 10
931.439977
 20
1225.453014
 42
0.142433
  0
SEQEND
  0
POLYLINE
  8
0
 66
1
 70
1
  0
VERTEX
  8
0
 10
946.263750
 20
1225.282419
 42
0.022548
  0
VERTEX
  8
0
 10
947.485188
 20
1225.153707
 42
0.015659
  0
VERTEX
  8
0
 10
948.872547
 20
1225.114038
 42
0.015827
  0
VERTEX
  8
0
 10
950.209518
 20
1225.160023
 42
0.031163
  0
VERTEX
  8
0
 10
951.263750
 20
1225.296069
 42
0.248898
  0
VERTEX
  8
0
 10
951.455688
 20
1225.450815
 42
0.490820
  0
VERTEX
  8
0
 10
951.374351
 20
1225.596853
 42
0.030832
  0
VERTEX
  8
0
 10
950.297080
 20
1225.692368
 42
0.007380
  0
VERTEX
  8
0
 10
948.500000
 20
1225.713986
 42
0.006817
  0
VERTEX
  8
0
 10
946.711719
 20
1225.684722
 42
0.040183
  0
VERTEX
  8
0
 10
945.780601
 20
1225.581582
 42
0.720633
  0
VERTEX
  8
0
 10
945.761725
 20
1225.438612
 42
0.075924
  0
SEQEND
  0
POLYLINE
  8
0
 66
1
 70
1
  0
VERTEX
  8
0
 10
121.286513
 20
1220.259922
 42
0.009604
  0
VERTEX
  8
0
 10
123.881008
 20
1220.147631
 42
0.006105
  0
VERTEX
  8
0
 10
126.904699
 20
1220.111840
 42
0.006131
  0
VERTEX
  8
0
 10
129.873938
 20
1220.149357
 42
0.011299
  0
VERTEX
  8
0
 10
132.286513
 20
1220.264024
 42
0.099936
  0
VERTEX
  8
0
 10
132.763171
 20
1220.395585
 42
0.764402
  0
VERTEX
  8
0
 10
132.737288
 20
1220.521315
 42
0.012902
  0
VERTEX
  8
0
 10
130.449157
 20
1220.605233
 42
0.002807
  0
VERTEX
  8
0
 10
126.500000
 20
1220.625933
 42
0.002694
  0
VERTEX
  8
0
 10
122.559407
 20
1220.603228
 42
0.014736
  0
VERTEX
  8
0
 10
120.431038
 20
1220.516725
 42
0.854790
  0
VERTEX
  8
0
 10
120.420350
 20
1220.392998
 42
0.045022
  0
SEQEND
  0
POLYLINE
  8
0
 66
1
 70
1
  0
VERTEX
  8
0
 10
139.761659
 20
1220.292739
 42
0.028254
  0
VERTEX
  8
0
 10
140.754739
 20
1220.159391
 42
0.020511
  0
VERTEX
  8
0
 10
141.869594
 20
1220.119272
 42
0.020826
  0
VERTEX
  8
0
 10
142.934218
 20
1220.169017
 42
0.041951
  0
VERTEX
  8
0
 10
143.761659
 20
1220.312920
 42
0.285845
  0
VERTEX
  8
0
 10
143.916221
 20
1220.476221
 42
0.417468
  0
VERTEX
  8
0
 10
143.814362
 20
1220.628390
 42
0.038992
  0
VERTEX
  8
0
 10
142.938425
 20
1220.726931
 42
0.009782
  0
VERTEX
  8
0
 10
141.500000
 20
1220.747817
 42
0.008901
  0
VERTEX
  8
0
 10
140.071102
 20
1220.715166
 42
0.053901
  0
VERTEX
  8
0
 10
139.339362
 20
1220.605813
 42
0.671610
  0
VERTEX
  8
0
 10
139.319562
 20
1220.456590
 42
0.082665
  0
SEQEND
  0
POLYLINE
  8
0
 66
1
 70
1
  0
VERTEX
  8
0
 10
151.750000
 20
1220.259603
 42
0.008933
  0
VERTEX
  8
0
 10
154.595295
 20
1220.148924
 42
0.005253
  0
VERTEX
  8
0
 10
158.000000
 20
1220.113150
 42
0.005253
  0
VERTEX
  8
0
 10
161.404705
 20
1220.148924
 42
0.008933
  0
VERTEX
  8
0
 10
164.250000
 20
1220.259603
 42
0.056230
  0
VERTEX
  8
0
 10
165.005917
 20
1220.388651
 42
0.843750
  0
VERTEX
  8
0
 10
164.992188
 20
1220.510348
 42
0.011824
  0
VERTEX
  8
0
 10
162.481976
 20
1220.593461
 42
0.002363
  0
VERTEX
  8
0
 10
158.000000
 20
1220.614641
 42
0.002363
  0
VERTEX
  8
0
 10
153.518024
 20
1220.593461
 42
0.011824
  0
VERTEX
  8
0
 10
151.007812
 20
1220.510348
 42
0.843750
  0
VERTEX
  8
0
 10
150.994083
 20
1220.388651
 42
0.056230
  0
SEQEND
  0
POLYLINE
  8
0
 66
1
 70
1
  0
VERTEX
  8
0
 10
172.750000
 20
1220.294267
 42
0.029693
  0
VERTEX
  8
0
 10
173.774707
 20
1220.159351
 42
0.017887
  0
VERTEX
  8
0
 10
175.000000
 20
1220.115502
 42
0.017887
  0
VERTEX
  8
0
 10
176.225293
 20
1220.159351
 42
0.029693
  0
VERTEX
  8
0
 10
177.250000
 20
1220.294267
 42
0.142433
  0
VERTEX
  8
0
 10
177.560023
 20
1220.453014
 42
0.611425
  0
VERTEX
  8
0
 10
177.517188
 20
1220.600334
 42
0.039503
  0
VERTEX
  8
0
 10
176.611490
 20
1220.701569
 42
0.008087
  0
VERTEX
  8
0
 10
175.000000
 20
1220.727636
 42
0.008087
  0
VERTEX
  8
0
 10
173.388510
 20
1220.701569
 42
0.039503
  0
VERTEX
  8
0
 10
172.482812
 20
1220.600334
 42
0.611425
  0
VERTEX
  8
0
 10
172.439977
 20
1220.453014
 42
0.142433
  0
SEQEND
  0
POLYLINE
  8
0
 66
1
 70
1
  0
VERTEX
  8
0
 10
185.750000
 20
1220.259603
 42
0.008933
  0
VERTEX
  8
0
 10
188.595295
 20
1220.148924
 42
0.005253
  0
VERTEX
  8
0
 10
192.000000
 20
1220.113150
 42
0.005253
  0
VERTEX
  8
0
 10
195.404705
 20
1220.148924
 42
0.008933
  0
VERTEX
  8
0
 10
198.250000
 20
1220.259603
 42
0.056230
  0
VERTEX
  8
0
 10
199.005917
 20
1220.388651
 42
0.843750
  0
VERTEX
  8
0
 10
198.992188
 20
1220.510348
 42
0.011824
  0
VERTEX
  8
0
 10
196.481976
 20
1220.593461
 42
0.002363
  0
VERTEX
  8
0
 10
192.000000
 20
1220.614641
 42
0.002363
  0
VERTEX
  8
0
 10
187.518024
 20
1220.593461
 42
0.011824
  0
VERTEX
  8
0
 10
185.007812
 20
1220.510348
 42
0.843750
  0
VERTEX
  8
0
 10
184.994083
 20
1220.388651
 42
0.056230
  0
SEQEND
  0
POLYLINE
  8
0
 66
1
 70
1
  0
VERTEX
  8
0
 10
206.761659
 20
1220.292739
 42
0.028254
  0
VERTEX
  8
0
 10
207.754739
 20
1220.159391
 42
0.020511
  0
VERTEX
  8
0
 10
208.869594
 20
1220.119272
 42
0.020826
  0
VERTEX
  8
0
 10
209.934218
 20
1220.169017
 42
0.041951
  0
VERTEX
  8
0
 10
210.761659
 20
1220.312920
 42
0.285845
  0
VERTEX
  8
0
 10
210.916221
 20
1220.476221
 42
0.417468
  0
VERTEX
  8
0
 10
210.814362
 20
1220.628390
 42
0.038992
  0
VERTEX
  8
0
 10
209.938425
 20
1220.726931
 42
0.009782
  0
VERTEX
  8
0
 10
208.500000
 20
1220.747817
 42
0.008901
  0
VERTEX
  8
0
 10
207.071102
 20
1220.715166
 42
0.053901
  0
VERTEX
  8
0
 10
206.339362
 20
1220.605813
 42
0.671610
  0
VERTEX
  8
0
 10
206.319562
 20
1220.456590
 42
0.082665
  0
SEQEND
  0
POLYLINE
  8
0
 66
1
 70
1
  0
VERTEX
  8
0
 10
219.291588
 20
1220.257502
 42
0.007960
  0
VERTEX
  8
0
 10
222.342947
 20
1220.148573
 42
0.005002
  0
VERTEX
  8
0
 10
225.911868
 20
1220.113740
 42
0.005021
  0
VERTEX
  8
0
 10
229.425385
 20
1220.149880
 42
0.009156
  0
VERTEX
  8
0
 10
232.291588
 20
1220.260682
 42
0.078783
  0
VERTEX
  8
0
 10
232.877154
 20
1220.388060
 42
0.808064
  0
VERTEX
  8
0
 10
232.857529
 20
1220.509731
 42
0.010669
  0
VERTEX
  8
0
 10
230.166435
 20
1220.591202
 42
0.002293
  0
VERTEX
  8
0
 10
225.500000
 20
1220.611460
 42
0.002213
  0
VERTEX
  8
0
 10
220.842228
 20
1220.589703
 42
0.011964
  0
VERTEX
  8
0
 10
218.313779
 20
1220.506173
 42
0.875674
  0
VERTEX
  8
0
 10
218.304715
 20
1220.386221
 42
0.039068
  0
SEQEND
  0
POLYLINE
  8
0
 66
1
 70
1
  0
VERTEX
  8
0
 10
240.761659
 20
1220.292739
 42
0.028254
  0
VERTEX
  8
0
 10
241.754739
 20
1220.159391
 42
0.020511
  0
VERTEX
  8
0
 10
242.869594
 20
1220.119272
 42
0.020826
  0
VERTEX
  8
0
 10
243.934218
 20
1220.169017
 42
0.041951
  0
VERTEX
  8
0
 10
244.761659
 20
1220.312920
 42
0.285845
  0
VERTEX
  8
0
 10
244.916221
 20
1220.476221
 42
0.417468
  0
VERTEX
  8
0
 10
244.814362
 20
1220.628390
 42
0.038992
  0
VERTEX
  8
0
 10
243.938425
 20
1220.726931
 42
0.009782
  0
VERTEX
  8
0
 10
242.500000
 20
1220.747817
 42
0.008901
  0
VERTEX
  8
0
 10
241.071102
 20
1220.715166
 42
0.053901
  0
VERTEX
  8
0
 10
240.339362
 20
1220.605813
 42
0.671610
  0
VERTEX
  8
0
 10
240.319562
 20
1220.456590
 42
0.082665
  0
SEQEND
  0
POLYLINE
  8
0
 66
1
 70
1
  0
VERTEX
  8
0
 10
256.250000
 20
1220.256692
 42
0.006921
  0
VERTEX
  8
0
 10
259.778111
 20
1220.150439
 42
0.004066
  0
VERTEX
  8
0
 10
264.000000
 20
1220.116103
 42
0.004066
  0
VERTEX
  8
0
 10
268.221889
 20
1220.150439
 42
0.006921
  0
VERTEX
  8
0
 10
271.750000
 20
1220.256692
 42
0.044194
  0
VERTEX
  8
0
 10
272.680663
 20
1220.380523
 42
0.875756
  0
VERTEX
  8
0
 10
272.670312
 20
1220.497396
 42
0.009159
  0
VERTEX
  8
0
 10
269.557921
 20
1220.577187
 42
0.001828
  0
VERTEX
  8
0
 10
264.000000
 20
1220.597512
 42
0.001828
  0
VERTEX
  8
0
 10
258.442079
 20
1220.577187
 42
0.009159
  0
VERTEX
  8
0
 10
255.329688
 20
1220.497396
 42
0.875756
  0
VERTEX
  8
0
 10
255.319337
 20
1220.380523
 42
0.044194
  0
SEQEND
  0
POLYLINE
  8
0
 66
1
 70
1
  0
VERTEX
  8
0
 10
287.750000
 20
1220.267795
 42
0.014123
  0
VERTEX
  8
0
 10
289.684912
 20
1220.148488
 42
0.008335
  0
VERTEX
  8
0
 10
292.000000
 20
1220.109894
 42
0.008335
  0
VERTEX
  8
0
 10
294.315088
 20
1220.148488
 42
0.014123
  0
VERTEX
  8
0
 10
296.250000
 20
1220.267795
 42
0.084525
  0
VERTEX
  8
0
 10
296.776995
 20
1220.407127
 42
0.769970
  0
VERTEX
  8
0
 10
296.754687
 20
1220.538141
 42
0.018707
  0
VERTEX
  8
0
 10
295.047184
 20
1220.627723
 42
0.003751
  0
VERTEX
  8
0
 10
292.000000
 20
1220.650586
 42
0.003751
  0
VERTEX
  8
0
 10
288.952816
 20
1220.627723
 42
0.018707
  0
VERTEX
  8
0
 10
287.245313
 20
1220.538141
 42
0.769970
  0
VERTEX
  8
0
 10
287.223005
 20
1220.407127
 42
0.084525
  0
SEQEND
  0
POLYLINE
  8
0
 66
1
 70
1
  0
VERTEX
  8
0
 10
313.750000
 20
1220.252604
 42
0.003693
  0
VERTEX
  8
0
 10
319.781833
 20
1220.155750
 42
0.002168
  0
VERTEX
  8
0
 10
327.000000
 20
1220.124459
 42
0.002168
  0
VERTEX
  8
0
 10
334.218167
 20
1220.155750
 42
0.003693
  0
VERTEX
  8
0
 10
340.250000
 20
1220.252604
 42
0.023959
  0
VERTEX
  8
0
 10
341.828547
 20
1220.365425
 42
0.931079
  0
VERTEX
  8
0
 10
341.823438
 20
1220.472003
 42
0.004886
  0
VERTEX
  8
0
 10
336.502749
 20
1220.544739
 42
0.000974
  0
VERTEX
  8
0
 10
327.000000
 20
1220.563258
 42
0.000974
  0
VERTEX
  8
0
 10
317.497251
 20
1220.544739
 42
0.004886
  0
VERTEX
  8
0
 10
312.176562
 20
1220.472003
 42
0.931079
  0
VERTEX
  8
0
 10
312.171453
 20
1220.365425
 42
0.023959
  0
SEQEND
  0
POLYLINE
  8
0
 66
1
 70
1
  0
VERTEX
  8
0
 10
358.280173
 20
1220.263728
 42
0.012009
  0
VERTEX
  8
0
 10
360.417397
 20
1220.147278
 42
0.007758
  0
VERTEX
  8
0
 10
362.895745
 20
1220.110349
 42
0.007799
  0
VERTEX
  8
0
 10
365.320819
 20
1220.149670
 42
0.014578
  0
VERTEX
  8
0
 10
367.280173
 20
1220.269269
 42
0.131812
  0
VERTEX
  8
0
 10
367.652585
 20
1220.406153
 42
0.702197
  0
VERTEX
  8
0
 10
367.616676
 20
1220.536946
 42
0.016184
  0
VERTEX
  8
0
 10
365.731847
 20
1220.623869
 42
0.003584
  0
VERTEX
  8
0
 10
362.500000
 20
1220.645045
 42
0.003413
  0
VERTEX
  8
0
 10
359.276628
 20
1220.621056
 42
0.018965
  0
VERTEX
  8
0
 10
357.547926
 20
1220.530747
 42
0.826233
  0
VERTEX
  8
0
 10
357.535090
 20
1220.402311
 42
0.052772
  0
SEQEND
  0
POLYLINE
  8
0
 66
1
 70
1
  0
VERTEX
  8
0
 10
382.250000
 20
1220.253787
 42
0.004709
  0
VERTEX
  8
0
 10
387.143771
 20
1220.153569
 42
0.002765
  0
VERTEX
  8
0
 10
393.000000
 20
1220.121189
 42
0.002765
  0
VERTEX
  8
0
 10
398.856229
 20
1220.153569
 42
0.004709
  0
VERTEX
  8
0
 10
403.750000
 20
1220.253787
 42
0.030429
  0
VERTEX
  8
0
 10
405.033279
 20
1220.370542
 42
0.913149
  0
VERTEX
  8
0
 10
405.026563
 20
1220.480811
 42
0.006231
  0
VERTEX
  8
0
 10
400.709677
 20
1220.556073
 42
0.001243
  0
VERTEX
  8
0
 10
393.000000
 20
1220.575237
 42
0.001243
  0
VERTEX
  8
0
 10
385.290323
 20
1220.556073
 42
0.006231
  0
VERTEX
  8
0
 10
380.973437
 20
1220.480811
 42
0.913149
  0
VERTEX
  8
0
 10
380.966721
 20
1220.370542
 42
0.030429
  0
SEQEND
  0
POLYLINE
  8
0
 66
1
 70
1
  0
VERTEX
  8
0
 10
416.750000
 20
1220.337719
 42
0.057986
  0
VERTEX
  8
0
 10
417.320008
 20
1220.181385
 42
0.037979
  0
VERTEX
  8
0
 10
418.000000
 20
1220.129660
 42
0.037979
  0
VERTEX
  8
0
 10
418.679992
 20
1220.181385
 42
0.057986
  0
VERTEX
  8
0
 10
419.250000
 20
1220.337719
 42
0.174857
  0
VERTEX
  8
0
 10
419.459382
 20
1220.525001
 42
0.447206
  0
VERTEX
  8
0
 10
419.398438
 20
1220.693942
 42
0.078554
  0
VERTEX
  8
0
 10
418.891440
 20
1220.810911
 42
0.017491
  0
VERTEX
  8
0
 10
418.000000
 20
1220.842105
 42
0.017491
  0
VERTEX
  8
0
 10
417.108560
 20
1220.810911
 42
0.078554
  0
VERTEX
  8
0
 10
416.601562
 20
1220.693942
 42
0.447206
  0
VERTEX
  8
0
 10
416.540618
 20
1220.525001
 42
0.174857
  0
SEQEND
  0
POLYLINE
  8
0
 66
1
 70
1
  0
VERTEX
  8
0
 10
437.685495
 20
1220.251884
 42
0.002762
  0
VERTEX
  8
0
 10
445.552043
 20
1220.158681
 42
0.001577
  0
VERTEX
  8
0
 10
455.055762
 20
1220.128546
 42
0.001574
  0
VERTEX
  8
0
 10
464.619224
 20
1220.158487
 42
0.002611
  0
VERTEX
  8
0
 10
472.685495
 20
1220.251262
 42
0.015191
  0
VERTEX
  8
0
 10
474.988807
 20
1220.359836
 42
0.953663
  0
VERTEX
  8
0
 10
474.985739
 20
1220.461862
 42
0.003635
  0
VERTEX
  8
0
 10
468.046645
 20
1220.531953
 42
0.000703
  0
VERTEX
  8
0
 10
455.500000
 20
1220.549820
 42
0.000713
  0
VERTEX
  8
0
 10
442.944106
 20
1220.532133
 42
0.003472
  0
VERTEX
  8
0
 10
435.829489
 20
1220.462558
 42
0.943916
  0
VERTEX
  8
0
 10
435.825282
 20
1220.359917
 42
0.020323
  0
SEQEND
  0
POLYLINE
  8
0
 66
1
 70
1
  0
VERTEX
  8
0
 10
502.304351
 20
1220.253235
 42
0.004628
  0
VERTEX
  8
0
 10
507.180739
 20
1220.153072
 42
0.002838
  0
VERTEX
  8
0
 10
512.929896
 20
1220.120846
 42
0.002845
  0
VERTEX
  8
0
 10
518.621237
 20
1220.153628
 42
0.005067
  0
VERTEX
  8
0
 10
523.304351
 20
1220.254720
 42
0.040020
  0
VERTEX
  8
0
 10
524.345305
 20
1220.371496
 42
0.894956
  0
VERTEX
  8
0
 10
524.336278
 20
1220.482745
 42
0.006174
  0
VERTEX
  8
0
 10
520.035393
 20
1220.557784
 42
0.001292
  0
VERTEX
  8
0
 10
512.500000
 20
1220.576721
 42
0.001263
  0
VERTEX
  8
0
 10
504.973577
 20
1220.557184
 42
0.006649
  0
VERTEX
  8
0
 10
500.842528
 20
1220.481085
 42
0.922130
  0
VERTEX
  8
0
 10
500.837095
 20
1220.370896
 42
0.025118
  0
SEQEND
  0
POLYLINE
  8
0
 66
1
 70
1
  0
VERTEX
  8
0
 10
537.767909
 20
1220.275269
 42
0.018638
  0
VERTEX
  8
0
 10
539.218327
 20
1220.150328
 42
0.012590
  0
VERTEX
  8
0
 10
540.878422
 20
1220.111345
 42
0.012695
  0
VERTEX
  8
0
 10
542.487453
 20
1220.154945
 42
0.024559
  0
VERTEX
  8
0
 10
543.767909
 20
1220.285474
 42
0.212532
  0
VERTEX
  8
0
 10
544.000181
 20
1220.434198
 42
0.556092
  0
VERTEX
  8
0
 10
543.934948
 20
1220.575472
 42
0.025342
  0
VERTEX
  8
0
 10
542.655786
 20
1220.668409
 42
0.005888
  0
VERTEX
  8
0
 10
540.500000
 20
1220.690131
 42
0.005499
  0
VERTEX
  8
0
 10
538.352754
 20
1220.662864
 42
0.031761
  0
VERTEX
  8
0
 10
537.222448
 20
1220.564056
 42
0.756877
  0
VERTEX
  8
0
 10
537.205163
 20
1220.425738
 42
0.069146
  0
SEQEND
  0
POLYLINE
  8
0
 66
1
 70
1
  0
VERTEX
  8
0
 10
555.295706
 20
1220.255869
 42
0.006772
  0
VERTEX
  8
0
 10
558.803620
 20
1220.149712
 42
0.004220
  0
VERTEX
  8
0
 10
562.917685
 20
1220.115689
 42
0.004233
  0
VERTEX
  8
0
 10
566.975569
 20
1220.150736
 42
0.007659
  0
VERTEX
  8
0
 10
570.295706
 20
1220.258416
 42
0.064206
  0
VERTEX
  8
0
 10
570.992986
 20
1220.382403
 42
0.839550
  0
VERTEX
  8
0
 10
570.977489
 20
1220.500752
 42
0.009062
  0
VERTEX
  8
0
 10
567.883691
 20
1220.580195
 42
0.001930
  0
VERTEX
  8
0
 10
562.500000
 20
1220.600059
 42
0.001870
  0
VERTEX
  8
0
 10
557.125063
 20
1220.579038
 42
0.010022
  0
VERTEX
  8
0
 10
554.196239
 20
1220.497902
 42
0.891547
  0
VERTEX
  8
0
 10
554.188420
 20
1220.381050
 42
0.034402
  0
SEQEND
  0
POLYLINE
  8
0
 66
1
 70
1
  0
VERTEX
  8
0
 10
581.250000
 20
1220.283746
 42
0.023547
  0
VERTEX
  8
0
 10
582.502218
 20
1220.153981
 42
0.014044
  0
VERTEX
  8
0
 10
584.000000
 20
1220.111902
 42
0.014044
  0
VERTEX
  8
0
 10
585.497782
 20
1220.153981
 42
0.023547
  0
VERTEX
  8
0
 10
586.750000
 20
1220.283746
 42
0.124239
  0
VERTEX
  8
0
 10
587.112409
 20
1220.435926
 42
0.664672
  0
VERTEX
  8
0
 10
587.076563
 20
1220.577962
 42
0.031260
  0
VERTEX
  8
0
 10
585.970620
 20
1220.675363
 42
0.006336
  0
VERTEX
  8
0
 10
584.000000
 20
1220.700336
 42
0.006336
  0
VERTEX
  8
0
 10
582.029380
 20
1220.675363
 42
0.031260
  0
VERTEX
  8
0
 10
580.923437
 20
1220.577962
 42
0.664672
  0
VERTEX
  8
0
 10
580.887591
 20
1220.435926
 42
0.124239
  0
SEQEND
  0
POLYLINE
  8
0
 66
1
 70
1
  0
VERTEX
  8
0
 10
598.797482
 20
1220.255245
 42
0.006295
  0
VERTEX
  8
0
 10
602.533582
 20
1220.150299
 42
0.003909
  0
VERTEX
  8
0
 10
606.920193
 20
1220.116635
 42
0.003921
  0
VERTEX
  8
0
 10
611.250287
 20
1220.151213
 42
0.007070
  0
VERTEX
  8
0
 10
614.797482
 20
1220.257546
 42
0.058571
  0
VERTEX
  8
0
 10
615.551330
 20
1220.380065
 42
0.852078
  0
VERTEX
  8
0
 10
615.537385
 20
1220.496971
 42
0.008418
  0
VERTEX
  8
0
 10
612.242314
 20
1220.575527
 42
0.001786
  0
VERTEX
  8
0
 10
606.500000
 20
1220.595210
 42
0.001734
  0
VERTEX
  8
0
 10
600.766482
 20
1220.574501
 42
0.009257
  0
VERTEX
  8
0
 10
597.637385
 20
1220.494396
 42
0.898123
  0
VERTEX
  8
0
 10
597.630083
 20
1220.378893
 42
0.032437
  0
SEQEND
  0
POLYLINE
  8
0
 66
1
 70
1
  0
VERTEX
  8
0
 10
624.750000
 20
1220.337719
 42
0.057986
  0
VERTEX
  8
0
 10
625.320008
 20
1220.181385
 42
0.037979
  0
VERTEX
  8
0
 10
626.000000
 20
1220.129660
 42
0.037979
  0
VERTEX
  8
0
 10
626.679992
 20
1220.181385
 42
0.057986
  0
VERTEX
  8
0
 10
627.250000
 20
1220.337719
 42
0.174857
  0
VERTEX
  8
0
 10
627.459382
 20
1220.525001
 42
0.447206
  0
VERTEX
  8
0
 10
627.398438
 20
1220.693942
 42
0.078554
  0
VERTEX
  8
0
 10
626.891440
 20
1220.810911
 42
0.017491
  0
VERTEX
  8
0
 10
626.000000
 20
1220.842105
 42
0.017491
  0
VERTEX
  8
0
 10
625.108560
 20
1220.810911
 42
0.078554
  0
VERTEX
  8
0
 10
624.601562
 20
1220.693942
 42
0.447206
  0
VERTEX
  8
0
 10
624.540618
 20
1220.525001
 42
0.174857
  0
SEQEND
  0
POLYLINE
  8
0
 66
1
 70
1
  0
VERTEX
  8
0
 10
634.250000
 20
1220.264961
 42
0.012378
  0
VERTEX
  8
0
 10
636.412501
 20
1220.148215
 42
0.007295
  0
VERTEX
  8
0
 10
639.000000
 20
1220.110462
 42
0.007295
  0
VERTEX
  8
0
 10
641.587499
 20
1220.148215
 42
0.012378
  0
VERTEX
  8
0
 10
643.750000
 20
1220.264961
 42
0.075495
  0
VERTEX
  8
0
 10
644.333540
 20
1220.401218
 42
0.793398
  0
VERTEX
  8
0
 10
644.314062
 20
1220.529482
 42
0.016391
  0
VERTEX
  8
0
 10
642.405918
 20
1220.617144
 42
0.003282
  0
VERTEX
  8
0
 10
639.000000
 20
1220.639504
 42
0.003282
  0
VERTEX
  8
0
 10
635.594082
 20
1220.617144
 42
0.016391
  0
VERTEX
  8
0
 10
633.685938
 20
1220.529482
 42
0.793398
  0
VERTEX
  8
0
 10
633.666460
 20
1220.401218
 42
0.075495
  0
SEQEND
  0
POLYLINE
  8
0
 66
1
 70
1
  0
VERTEX
  8
0
 10
650.750000
 20
1220.337719
 42
0.057986
  0
VERTEX
  8
0
 10
651.320008
 20
1220.181385
 42
0.037979
  0
VERTEX
  8
0
 10
652.000000
 20
1220.129660
 42
0.037979
  0
VERTEX
  8
0
 10
652.679992
 20
1220.181385
 42
0.057986
  0
VERTEX
  8
0
 10
653.250000
 20
1220.337719
 42
0.174857
  0
VERTEX
  8
0
 10
653.459382
 20
1220.525001
 42
0.447206
  0
VERTEX
  8
0
 10
653.398438
 20
1220.693942
 42
0.078554
  0
VERTEX
  8
0
 10
652.891440
 20
1220.810911
 42
0.017491
  0
VERTEX
  8
0
 10
652.000000
 20
1220.842105
 42
0.017491
  0
VERTEX
  8
0
 10
651.108560
 20
1220.810911
 42
0.078554
  0
VERTEX
  8
0
 10
650.601562
 20
1220.693942
 42
0.447206
  0
VERTEX
  8
0
 10
650.540618
 20
1220.525001
 42
0.174857
  0
SEQEND
  0
POLYLINE
  8
0
 66
1
 70
1
  0
VERTEX
  8
0
 10
660.250000
 20
1220.264961
 42
0.012378
  0
VERTEX
  8
0
 10
662.412501
 20
1220.148215
 42
0.007295
  0
VERTEX
  8
0
 10
665.000000
 20
1220.110462
 42
0.007295
  0
VERTEX
  8
0
 10
667.587499
 20
1220.148215
 42
0.012378
  0
VERTEX
  8
0
 10
669.750000
 20
1220.264961
 42
0.075495
  0
VERTEX
  8
0
 10
670.333540
 20
1220.401218
 42
0.793398
  0
VERTEX
  8
0
 10
670.314062
 20
1220.529482
 42
0.016391
  0
VERTEX
  8
0
 10
668.405918
 20
1220.617144
 42
0.003282
  0
VERTEX
  8
0
 10
665.000000
 20
1220.639504
 42
0.003282
  0
VERTEX
  8
0
 10
661.594082
 20
1220.617144
 42
0.016391
  0
VERTEX
  8
0
 10
659.685938
 20
1220.529482
 42
0.793398
  0
VERTEX
  8
0
 10
659.666460
 20
1220.401218
 42
0.075495
  0
SEQEND
  0
POLYLINE
  8
0
 66
1
 70
1
  0
VERTEX
  8
0
 10
682.291588
 20
1220.257502
 42
0.007960
  0
VERTEX
  8
0
 10
685.342947
 20
1220.148573
 42
0.005002
  0
VERTEX
  8
0
 10
688.911868
 20
1220.113740
 42
0.005021
  0
VERTEX
  8
0
 10
692.425385
 20
1220.149880
 42
0.009156
  0
VERTEX
  8
0
 10
695.291588
 20
1220.260682
 42
0.078783
  0
VERTEX
  8
0
 10
695.877154
 20
1220.388060
 42
0.808064
  0
VERTEX
  8
0
 10
695.857529
 20
1220.509731
 42
0.010669
  0
VERTEX
  8
0
 10
693.166435
 20
1220.591202
 42
0.002293
  0
VERTEX
  8
0
 10
688.500000
 20
1220.611460
 42
0.002213
  0
VERTEX
  8
0
 10
683.842228
 20
1220.589703
 42
0.011964
  0
VERTEX
  8
0
 10
681.313779
 20
1220.506173
 42
0.875674
  0
VERTEX
  8
0
 10
681.304715
 20
1220.386221
 42
0.039068
  0
SEQEND
  0
POLYLINE
  8
0
 66
1
 70
1
  0
VERTEX
  8
0
 10
714.250000
 20
1220.264961
 42
0.012378
  0
VERTEX
  8
0
 10
716.412501
 20
1220.148215
 42
0.007295
  0
VERTEX
  8
0
 10
719.000000
 20
1220.110462
 42
0.007295
  0
VERTEX
  8
0
 10
721.587499
 20
1220.148215
 42
0.012378
  0
VERTEX
  8
0
 10
723.750000
 20
1220.264961
 42
0.075495
  0
VERTEX
  8
0
 10
724.333540
 20
1220.401218
 42
0.793398
  0
VERTEX
  8
0
 10
724.314062
 20
1220.529482
 42
0.016391
  0
VERTEX
  8
0
 10
722.405918
 20
1220.617144
 42
0.003282
  0
VERTEX
  8
0
 10
719.000000
 20
1220.639504
 42
0.003282
  0
VERTEX
  8
0
 10
715.594082
 20
1220.617144
 42
0.016391
  0
VERTEX
  8
0
 10
713.685938
 20
1220.529482
 42
0.793398
  0
VERTEX
  8
0
 10
713.666460
 20
1220.401218
 42
0.075495
  0
SEQEND
  0
POLYLINE
  8
0
 66
1
 70
1
  0
VERTEX
  8
0
 10
738.727696
 20
1220.278268
 42
0.020120
  0
VERTEX
  8
0
 10
740.234338
 20
1220.152063
 42
0.010546
  0
VERTEX
  8
0
 10
742.115370
 20
1220.110215
 42
0.010474
  0
VERTEX
  8
0
 10
744.048239
 20
1220.148479
 42
0.015806
  0
VERTEX
  8
0
 10
745.727696
 20
1220.270202
 42
0.062969
  0
VERTEX
  8
0
 10
746.351289
 20
1220.416037
 42
0.785070
  0
VERTEX
  8
0
 10
746.335636
 20
1220.550546
 42
0.026082
  0
VERTEX
  8
0
 10
745.006031
 20
1220.645979
 42
0.004587
  0
VERTEX
  8
0
 10
742.500000
 20
1220.671860
 42
0.004873
  0
VERTEX
  8
0
 10
739.985512
 20
1220.650253
 42
0.021409
  0
VERTEX
  8
0
 10
738.504386
 20
1220.559569
 42
0.613017
  0
VERTEX
  8
0
 10
738.451620
 20
1220.422293
 42
0.180442
  0
SEQEND
  0
POLYLINE
  8
0
 66
1
 70
1
  0
VERTEX
  8
0
 10
757.750000
 20
1220.276604
 42
0.019375
  0
VERTEX
  8
0
 10
759.229765
 20
1220.150935
 42
0.011494
  0
VERTEX
  8
0
 10
761.000000
 20
1220.110234
 42
0.011494
  0
VERTEX
  8
0
 10
762.770235
 20
1220.150935
 42
0.019375
  0
VERTEX
  8
0
 10
764.250000
 20
1220.276604
 42
0.108536
  0
VERTEX
  8
0
 10
764.666199
 20
1220.423685
 42
0.707215
  0
VERTEX
  8
0
 10
764.635938
 20
1220.561450
 42
0.025693
  0
VERTEX
  8
0
 10
763.329566
 20
1220.655793
 42
0.005179
  0
VERTEX
  8
0
 10
761.000000
 20
1220.679926
 42
0.005179
  0
VERTEX
  8
0
 10
758.670434
 20
1220.655793
 42
0.025693
  0
VERTEX
  8
0
 10
757.364062
 20
1220.561450
 42
0.707215
  0
VERTEX
  8
0
 10
757.333801
 20
1220.423685
 42
0.108536
  0
SEQEND
  0
POLYLINE
  8
0
 66
1
 70
1
  0
VERTEX
  8
0
 10
775.750000
 20
1220.276604
 42
0.019375
  0
VERTEX
  8
0
 10
777.229765
 20
1220.150935
 42
0.011494
  0
VERTEX
  8
0
 10
779.000000
 20
1220.110234
 42
0.011494
  0
VERTEX
  8
0
 10
780.770235
 20
1220.150935
 42
0.019375
  0
VERTEX
  8
0
 10
782.250000
 20
1220.276604
 42
0.108536
  0
VERTEX
  8
0
 10
782.666199
 20
1220.423685
 42
0.707215
  0
VERTEX
  8
0
 10
782.635938
 20
1220.561450
 42
0.025693
  0
VERTEX
  8
0
 10
781.329566
 20
1220.655793
 42
0.005179
  0
VERTEX
  8
0
 10
779.000000
 20
1220.679926
 42
0.005179
  0
VERTEX
  8
0
 10
776.670434
 20
1220.655793
 42
0.025693
  0
VERTEX
  8
0
 10
775.364062
 20
1220.561450
 42
0.707215
  0
VERTEX
  8
0
 10
775.333801
 20
1220.423685
 42
0.108536
  0
SEQEND
  0
POLYLINE
  8
0
 66
1
 70
1
  0
VERTEX
  8
0
 10
793.750000
 20
1220.276604
 42
0.019375
  0
VERTEX
  8
0
 10
795.229765
 20
1220.150935
 42
0.011494
  0
VERTEX
  8
0
 10
797.000000
 20
1220.110234
 42
0.011494
  0
VERTEX
  8
0
 10
798.770235
 20
1220.150935
 42
0.019375
  0
VERTEX
  8
0
 10
800.250000
 20
1220.276604
 42
0.108536
  0
VERTEX
  8
0
 10
800.666199
 20
1220.423685
 42
0.707215
  0
VERTEX
  8
0
 10
800.635938
 20
1220.561450
 42
0.025693
  0
VERTEX
  8
0
 10
799.329566
 20
1220.655793
 42
0.005179
  0
VERTEX
  8
0
 10
797.000000
 20
1220.679926
 42
0.005179
  0
VERTEX
  8
0
 10
794.670434
 20
1220.655793
 42
0.025693
  0
VERTEX
  8
0
 10
793.364062
 20
1220.561450
 42
0.707215
  0
VERTEX
  8
0
 10
793.333801
 20
1220.423685
 42
0.108536
  0
SEQEND
  0
POLYLINE
  8
0
 66
1
 70
1
  0
VERTEX
  8
0
 10
812.767909
 20
1220.275269
 42
0.018638
  0
VERTEX
  8
0
 10
814.218327
 20
1220.150328
 42
0.012590
  0
VERTEX
  8
0
 10
815.878422
 20
1220.111345
 42
0.012695
  0
VERTEX
  8
0
 10
817.487453
 20
1220.154945
 42
0.024559
  0
VERTEX
  8
0
 10
818.767909
 20
1220.285474
 42
0.212532
  0
VERTEX
  8
0
 10
819.000181
 20
1220.434198
 42
0.556092
  0
VERTEX
  8
0
 10
818.934948
 20
1220.575472
 42
0.025342
  0
VERTEX
  8
0
 10
817.655786
 20
1220.668409
 42
0.005888
  0
VERTEX
  8
0
 10
815.500000
 20
1220.690131
 42
0.005499
  0
VERTEX
  8
0
 10
813.352754
 20
1220.662864
 42
0.031761
  0
VERTEX
  8
0
 10
812.222448
 20
1220.564056
 42
0.756877
  0
VERTEX
  8
0
 10
812.205163
 20
1220.425738
 42
0.069146
  0
SEQEND
  0
POLYLINE
  8
0
 66
1
 70
1
  0
VERTEX
  8
0
 10
829.750000
 20
1220.276604
 42
0.019375
  0
VERTEX
  8
0
 10
831.229765
 20
1220.150935
 42
0.011494
  0
VERTEX
  8
0
 10
833.000000
 20
1220.110234
 42
0.011494
  0
VERTEX
  8
0
 10
834.770235
 20
1220.150935
 42
0.019375
  0
VERTEX
  8
0
 10
836.250000
 20
1220.276604
 42
0.108536
  0
VERTEX
  8
0
 10
836.666199
 20
1220.423685
 42
0.707215
  0
VERTEX
  8
0
 10
836.635938
 20
1220.561450
 42
0.025693
  0
VERTEX
  8
0
 10
835.329566
 20
1220.655793
 42
0.005179
  0
VERTEX
  8
0
 10
833.000000
 20
1220.679926
 42
0.005179
  0
VERTEX
  8
0
 10
830.670434
 20
1220.655793
 42
0.025693
  0
VERTEX
  8
0
 10
829.364062
 20
1220.561450
 42
0.707215
  0
VERTEX
  8
0
 10
829.333801
 20
1220.423685
 42
0.108536
  0
SEQEND
  0
POLYLINE
  8
0
 66
1
 70
1
  0
VERTEX
  8
0
 10
847.727696
 20
1220.278268
 42
0.020120
  0
VERTEX
  8
0
 10
849.234338
 20
1220.152063
 42
0.010546
  0
VERTEX
  8
0
 10
851.115370
 20
1220.110215
 42
0.010474
  0
VERTEX
  8
0
 10
853.048239
 20
1220.148479
 42
0.015806
  0
VERTEX
  8
0
 10
854.727696
 20
1220.270202
 42
0.062969
  0
VERTEX
  8
0
 10
855.351289
 20
1220.416037
 42
0.785070
  0
VERTEX
  8
0
 10
855.335636
 20
1220.550546
 42
0.026082
  0
VERTEX
  8
0
 10
854.006031
 20
1220.645979
 42
0.004587
  0
VERTEX
  8
0
 10
851.500000
 20
1220.671860
 42
0.004873
  0
VERTEX
  8
0
 10
848.985512
 20
1220.650253
 42
0.021409
  0
VERTEX
  8
0
 10
847.504386
 20
1220.559569
 42
0.613017
  0
VERTEX
  8
0
 10
847.451620
 20
1220.422293
 42
0.180442
  0
SEQEND
  0
POLYLINE
  8
0
 66
1
 70
1
  0
VERTEX
  8
0
 10
865.263750
 20
1220.282419
 42
0.022548
  0
VERTEX
  8
0
 10
866.485188
 20
1220.153707
 42
0.015659
  0
VERTEX
  8
0
 10
867.872547
 20
1220.114038
 42
0.015827
  0
VERTEX
  8
0
 10
869.209518
 20
1220.160023
 42
0.031163
  0
VERTEX
  8
0
 10
870.263750
 20
1220.296069
 42
0.248898
  0
VERTEX
  8
0
 10
870.455688
 20
1220.450815
 42
0.490820
  0
VERTEX
  8
0
 10
870.374351
 20
1220.596853
 42
0.030832
  0
VERTEX
  8
0
 10
869.297080
 20
1220.692368
 42
0.007380
  0
VERTEX
  8
0
 10
867.500000
 20
1220.713986
 42
0.006817
  0
VERTEX
  8
0
 10
865.711719
 20
1220.684722
 42
0.040183
  0
VERTEX
  8
0
 10
864.780601
 20
1220.581582
 42
0.720633
  0
VERTEX
  8
0
 10
864.761725
 20
1220.438612
 42
0.075924
  0
SEQEND
  0
POLYLINE
  8
0
 66
1
 70
1
  0
VERTEX
  8
0
 10
880.250000
 20
1220.283746
 42
0.023547
  0
VERTEX
  8
0
 10
881.502218
 20
1220.153981
 42
0.014044
  0
VERTEX
  8
0
 10
883.000000
 20
1220.111902
 42
0.014044
  0
VERTEX
  8
0
 10
884.497782
 20
1220.153981
 42
0.023547
  0
VERTEX
  8
0
 10
885.750000
 20
1220.283746
 42
0.124239
  0
VERTEX
  8
0
 10
886.112409
 20
1220.435926
 42
0.664672
  0
VERTEX
  8
0
 10
886.076563
 20
1220.577962
 42
0.031260
  0
VERTEX
  8
0
 10
884.970620
 20
1220.675363
 42
0.006336
  0
VERTEX
  8
0
 10
883.000000
 20
1220.700336
 42
0.006336
  0
VERTEX
  8
0
 10
881.029380
 20
1220.675363
 42
0.031260
  0
VERTEX
  8
0
 10
879.923437
 20
1220.577962
 42
0.664672
  0
VERTEX
  8
0
 10
879.887591
 20
1220.435926
 42
0.124239
  0
SEQEND
  0
POLYLINE
  8
0
 66
1
 70
1
  0
VERTEX
  8
0
 10
895.263750
 20
1220.282419
 42
0.022548
  0
VERTEX
  8
0
 10
896.485188
 20
1220.153707
 42
0.015659
  0
VERTEX
  8
0
 10
897.872547
 20
1220.114038
 42
0.015827
  0
VERTEX
  8
0
 10
899.209518
 20
1220.160023
 42
0.031163
  0
VERTEX
  8
0
 10
900.263750
 20
1220.296069
 42
0.248898
  0
VERTEX
  8
0
 10
900.455688
 20
1220.450815
 42
0.490820
  0
VERTEX
  8
0
 10
900.374351
 20
1220.596853
 42
0.030832
  0
VERTEX
  8
0
 10
899.297080
 20
1220.692368
 42
0.007380
  0
VERTEX
  8
0
 10
897.500000
 20
1220.713986
 42
0.006817
  0
VERTEX
  8
0
 10
895.711719
 20
1220.684722
 42
0.040183
  0
VERTEX
  8
0
 10
894.780601
 20
1220.581582
 42
0.720633
  0
VERTEX
  8
0
 10
894.761725
 20
1220.438612
 42
0.075924
  0
SEQEND
  0
POLYLINE
  8
0
 66
1
 70
1
  0
VERTEX
  8
0
 10
909.250000
 20
1220.283746
 42
0.023547
  0
VERTEX
  8
0
 10
910.502218
 20
1220.153981
 42
0.014044
  0
VERTEX
  8
0
 10
912.000000
 20
1220.111902
 42
0.014044
  0
VERTEX
  8
0
 10
913.497782
 20
1220.153981
 42
0.023547
  0
VERTEX
  8
0
 10
914.750000
 20
1220.283746
 42
0.124239
  0
VERTEX
  8
0
 10
915.112409
 20
1220.435926
 42
0.664672
  0
VERTEX
  8
0
 10
915.076563
 20
1220.577962
 42
0.031260
  0
VERTEX
  8
0
 10
913.970620
 20
1220.675363
 42
0.006336
  0
VERTEX
  8
0
 10
912.000000
 20
1220.700336
 42
0.006336
  0
VERTEX
  8
0
 10
910.029380
 20
1220.675363
 42
0.031260
  0
VERTEX
  8
0
 10
908.923437
 20
1220.577962
 42
0.664672
  0
VERTEX
  8
0
 10
908.887591
 20
1220.435926
 42
0.124239
  0
SEQEND
  0
POLYLINE
  8
0
 66
1
 70
1
  0
VERTEX
  8
0
 10
924.250000
 20
1220.283746
 42
0.023547
  0
VERTEX
  8
0
 10
925.502218
 20
1220.153981
 42
0.014044
  0
VERTEX
  8
0
 10
927.000000
 20
1220.111902
 42
0.014044
  0
VERTEX
  8
0
 10
928.497782
 20
1220.153981
 42
0.023547
  0
VERTEX
  8
0
 10
929.750000
 20
1220.283746
 42
0.124239
  0
VERTEX
  8
0
 10
930.112409
 20
1220.435926
 42
0.664672
  0
VERTEX
  8
0
 10
930.076563
 20
1220.577962
 42
0.031260
  0
VERTEX
  8
0
 10
928.970620
 20
1220.675363
 42
0.006336
  0
VERTEX
  8
0
 10
927.000000
 20
1220.700336
 42
0.006336
  0
VERTEX
  8
0
 10
925.029380
 20
1220.675363
 42
0.031260
  0
VERTEX
  8
0
 10
923.923437
 20
1220.577962
 42
0.664672
  0
VERTEX
  8
0
 10
923.887591
 20
1220.435926
 42
0.124239
  0
SEQEND
  0
POLYLINE
  8
0
 66
1
 70
1
  0
VERTEX
  8
0
 10
939.250000
 20
1220.283746
 42
0.023547
  0
VERTEX
  8
0
 10
940.502218
 20
1220.153981
 42
0.014044
  0
VERTEX
  8
0
 10
942.000000
 20
1220.111902
 42
0.014044
  0
VERTEX
  8
0
 10
943.497782
 20
1220.153981
 42
0.023547
  0
VERTEX
  8
0
 10
944.750000
 20
1220.283746
 42
0.124239
  0
VERTEX
  8
0
 10
945.112409
 20
1220.435926
 42
0.664672
  0
VERTEX
  8
0
 10
945.076563
 20
1220.577962
 42
0.031260
  0
VERTEX
  8
0
 10
943.970620
 20
1220.675363
 42
0.006336
  0
VERTEX
  8
0
 10
942.000000
 20
1220.700336
 42
0.006336
  0
VERTEX
  8
0
 10
940.029380
 20
1220.675363
 42
0.031260
  0
VERTEX
  8
0
 10
938.923437
 20
1220.577962
 42
0.664672
  0
VERTEX
  8
0
 10
938.887591
 20
1220.435926
 42
0.124239
  0
SEQEND
  0
POLYLINE
  8
0
 66
1
 70
1
  0
VERTEX
  8
0
 10
954.263750
 20
1220.282419
 42
0.022548
  0
VERTEX
  8
0
 10
955.485188
 20
1220.153707
 42
0.015659
  0
VERTEX
  8
0
 10
956.872547
 20
1220.114038
 42
0.015827
  0
VERTEX
  8
0
 10
958.209518
 20
1220.160023
 42
0.031163
  0
VERTEX
  8
0
 10
959.263750
 20
1220.296069
 42
0.248898
  0
VERTEX
  8
0
 10
959.455688
 20
1220.450815
 42
0.490820
  0
VERTEX
  8
0
 10
959.374351
 20
1220.596853
 42
0.030832
  0
VERTEX
  8
0
 10
958.297080
 20
1220.692368
 42
0.007380
  0
VERTEX
  8
0
 10
956.500000
 20
1220.713986
 42
0.006817
  0
VERTEX
  8
0
 10
954.711719
 20
1220.684722
 42
0.040183
  0
VERTEX
  8
0
 10
953.780601
 20
1220.581582
 42
0.720633
  0
VERTEX
  8
0
 10
953.761725
 20
1220.438612
 42
0.075924
  0
SEQEND
  0
POLYLINE
  8
0
 66
1
 70
1
  0
VERTEX
  8
0
 10
1099.157895
 20
1214.000000
 42
0.017491
  0
VERTEX
  8
0
 10
1099.189089
 20
1213.108560
 42
0.078554
  0
VERTEX
  8
0
 10
1099.306058
 20
1212.601562
 42
0.447206
  0
VERTEX
  8
0
 10
1099.474999
 20
1212.540618
 42
0.174857
  0
VERTEX
  8
0
 10
1099.662281
 20
1212.750000
 42
0.057986
  0
VERTEX
  8
0
 10
1099.818615
 20
1213.320008
 42
0.037979
  0
VERTEX
  8
0
 10
1099.870340
 20
1214.000000
 42
0.037979
  0
VERTEX
  8
0
 10
1099.818615
 20
1214.679992
 42
0.057986
  0
VERTEX
  8
0
 10
1099.662281
 20
1215.250000
 42
0.174857
  0
VERTEX
  8
0
 10
1099.474999
 20
1215.459382
 42
0.447206
  0
VERTEX
  8
0
 10
1099.306058
 20
1215.398438
 42
0.078554
  0
VERTEX
  8
0
 10
1099.189089
 20
1214.891440
 42
0.017491
  0
SEQEND
  0
POLYLINE
  8
0
 66
1
 70
1
  0
VERTEX
  8
0
 10
119.783522
 20
1213.261596
 42
0.010684
  0
VERTEX
  8
0
 10
122.149439
 20
1213.147341
 42
0.006840
  0
VERTEX
  8
0
 10
124.900475
 20
1213.111005
 42
0.006873
  0
VERTEX
  8
0
 10
127.597616
 20
1213.149358
 42
0.012749
  0
VERTEX
  8
0
 10
129.783522
 20
1213.266330
 42
0.114190
  0
VERTEX
  8
0
 10
130.207311
 20
1213.400378
 42
0.736116
  0
VERTEX
  8
0
 10
130.177035
 20
1213.528493
 42
0.014373
  0
VERTEX
  8
0
 10
128.090507
 20
1213.613834
 42
0.003152
  0
VERTEX
  8
0
 10
124.500000
 20
1213.634769
 42
0.003015
  0
VERTEX
  8
0
 10
120.918009
 20
1213.611476
 42
0.016608
  0
VERTEX
  8
0
 10
118.989535
 20
1213.523197
 42
0.841704
  0
VERTEX
  8
0
 10
118.977848
 20
1213.397252
 42
0.048634
  0
SEQEND
  0
POLYLINE
  8
0
 66
1
 70
1
  0
VERTEX
  8
0
 10
136.761659
 20
1213.292739
 42
0.028254
  0
VERTEX
  8
0
 10
137.754739
 20
1213.159391
 42
0.020511
  0
VERTEX
  8
0
 10
138.869594
 20
1213.119272
 42
0.020826
  0
VERTEX
  8
0
 10
139.934218
 20
1213.169017
 42
0.041951
  0
VERTEX
  8
0
 10
140.761659
 20
1213.312920
 42
0.285845
  0
VERTEX
  8
0
 10
140.916221
 20
1213.476221
 42
0.417468
  0
VERTEX
  8
0
 10
140.814362
 20
1213.628390
 42
0.038992
  0
VERTEX
  8
0
 10
139.938425
 20
1213.726931
 42
0.009782
  0
VERTEX
  8
0
 10
138.500000
 20
1213.747817
 42
0.008901
  0
VERTEX
  8
0
 10
137.071102
 20
1213.715166
 42
0.053901
  0
VERTEX
  8
0
 10
136.339362
 20
1213.605813
 42
0.671610
  0
VERTEX
  8
0
 10
136.319562
 20
1213.456590
 42
0.082665
  0
SEQEND
  0
POLYLINE
  8
0
 66
1
 70
1
  0
VERTEX
  8
0
 10
148.250000
 20
1213.261012
 42
0.009864
  0
VERTEX
  8
0
 10
150.867693
 20
1213.148534
 42
0.005804
  0
VERTEX
  8
0
 10
154.000000
 20
1213.112174
 42
0.005804
  0
VERTEX
  8
0
 10
157.132307
 20
1213.148534
 42
0.009864
  0
VERTEX
  8
0
 10
159.750000
 20
1213.261012
 42
0.061613
  0
VERTEX
  8
0
 10
160.448108
 20
1213.392190
 42
0.829596
  0
VERTEX
  8
0
 10
160.432812
 20
1213.515840
 42
0.013058
  0
VERTEX
  8
0
 10
158.123307
 20
1213.600303
 42
0.002611
  0
VERTEX
  8
0
 10
154.000000
 20
1213.621831
 42
0.002611
  0
VERTEX
  8
0
 10
149.876693
 20
1213.600303
 42
0.013058
  0
VERTEX
  8
0
 10
147.567188
 20
1213.515840
 42
0.829596
  0
VERTEX
  8
0
 10
147.551892
 20
1213.392190
 42
0.061613
  0
SEQEND
  0
POLYLINE
  8
0
 66
1
 70
1
  0
VERTEX
  8
0
 10
168.250000
 20
1213.283746
 42
0.023547
  0
VERTEX
  8
0
 10
169.502218
 20
1213.153981
 42
0.014044
  0
VERTEX
  8
0
 10
171.000000
 20
1213.111902
 42
0.014044
  0
VERTEX
  8
0
 10
172.497782
 20
1213.153981
 42
0.023547
  0
VERTEX
  8
0
 10
173.750000
 20
1213.283746
 42
0.124239
  0
VERTEX
  8
0
 10
174.112409
 20
1213.435926
 42
0.664672
  0
VERTEX
  8
0
 10
174.076562
 20
1213.577962
 42
0.031260
  0
VERTEX
  8
0
 10
172.970620
 20
1213.675363
 42
0.006336
  0
VERTEX
  8
0
 10
171.000000
 20
1213.700336
 42
0.006336
  0
VERTEX
  8
0
 10
169.029380
 20
1213.675363
 42
0.031260
  0
VERTEX
  8
0
 10
167.923438
 20
1213.577962
 42
0.664672
  0
VERTEX
  8
0
 10
167.887591
 20
1213.435926
 42
0.124239
  0
SEQEND
  0
POLYLINE
  8
0
 66
1
 70
1
  0
VERTEX
  8
0
 10
182.250000
 20
1213.261012
 42
0.009864
  0
VERTEX
  8
0
 10
184.867693
 20
1213.148534
 42
0.005804
  0
VERTEX
  8
0
 10
188.000000
 20
1213.112174
 42
0.005804
  0
VERTEX
  8
0
 10
191.132307
 20
1213.148534
 42
0.009864
  0
VERTEX
  8
0
 10
193.750000
 20
1213.261012
 42
0.061613
  0
VERTEX
  8
0
 10
194.448108
 20
1213.392190
 42
0.829596
  0
VERTEX
  8
0
 10
194.432812
 20
1213.515840
 42
0.013058
  0
VERTEX
  8
0
 10
192.123307
 20
1213.600303
 42
0.002611
  0
VERTEX
  8
0
 10
188.000000
 20
1213.621831
 42
0.002611
  0
VERTEX
  8
0
 10
183.876693
 20
1213.600303
 42
0.013058
  0
VERTEX
  8
0
 10
181.567188
 20
1213.515840
 42
0.829596
  0
VERTEX
  8
0
 10
181.551892
 20
1213.392190
 42
0.061613
  0
SEQEND
  0
POLYLINE
  8
0
 66
1
 70
1
  0
VERTEX
  8
0
 10
202.263750
 20
1213.282419
 42
0.022548
  0
VERTEX
  8
0
 10
203.485188
 20
1213.153707
 42
0.015659
  0
VERTEX
  8
0
 10
204.872547
 20
1213.114038
 42
0.015827
  0
VERTEX
  8
0
 10
206.209518
 20
1213.160023
 42
0.031163
  0
VERTEX
  8
0
 10
207.263750
 20
1213.296069
 42
0.248898
  0
VERTEX
  8
0
 10
207.455688
 20
1213.450815
 42
0.490820
  0
VERTEX
  8
0
 10
207.374351
 20
1213.596853
 42
0.030832
  0
VERTEX
  8
0
 10
206.297080
 20
1213.692368
 42
0.007380
  0
VERTEX
  8
0
 10
204.500000
 20
1213.713986
 42
0.006817
  0
VERTEX
  8
0
 10
202.711719
 20
1213.684722
 42
0.040183
  0
VERTEX
  8
0
 10
201.780601
 20
1213.581582
 42
0.720633
  0
VERTEX
  8
0
 10
201.761725
 20
1213.438612
 42
0.075924
  0
SEQEND
  0
POLYLINE
  8
0
 66
1
 70
1
  0
VERTEX
  8
0
 10
215.750000
 20
1213.259603
 42
0.008933
  0
VERTEX
  8
0
 10
218.595295
 20
1213.148924
 42
0.005253
  0
VERTEX
  8
0
 10
222.000000
 20
1213.113150
 42
0.005253
  0
VERTEX
  8
0
 10
225.404705
 20
1213.148924
 42
0.008933
  0
VERTEX
  8
0
 10
228.250000
 20
1213.259603
 42
0.056230
  0
VERTEX
  8
0
 10
229.005917
 20
1213.388651
 42
0.843750
  0
VERTEX
  8
0
 10
228.992188
 20
1213.510348
 42
0.011824
  0
VERTEX
  8
0
 10
226.481976
 20
1213.593461
 42
0.002363
  0
VERTEX
  8
0
 10
222.000000
 20
1213.614641
 42
0.002363
  0
VERTEX
  8
0
 10
217.518024
 20
1213.593461
 42
0.011824
  0
VERTEX
  8
0
 10
215.007812
 20
1213.510348
 42
0.843750
  0
VERTEX
  8
0
 10
214.994083
 20
1213.388651
 42
0.056230
  0
SEQEND
  0
POLYLINE
  8
0
 66
1
 70
1
  0
VERTEX
  8
0
 10
236.750000
 20
1213.294267
 42
0.029693
  0
VERTEX
  8
0
 10
237.774707
 20
1213.159351
 42
0.017887
  0
VERTEX
  8
0
 10
239.000000
 20
1213.115502
 42
0.017887
  0
VERTEX
  8
0
 10
240.225293
 20
1213.159351
 42
0.029693
  0
VERTEX
  8
0
 10
241.250000
 20
1213.294267
 42
0.142433
  0
VERTEX
  8
0
 10
241.560023
 20
1213.453014
 42
0.611425
  0
VERTEX
  8
0
 10
241.517188
 20
1213.600334
 42
0.039503
  0
VERTEX
  8
0
 10
240.611490
 20
1213.701569
 42
0.008087
  0
VERTEX
  8
0
 10
239.000000
 20
1213.727636
 42
0.008087
  0
VERTEX
  8
0
 10
237.388510
 20
1213.701569
 42
0.039503
  0
VERTEX
  8
0
 10
236.482812
 20
1213.600334
 42
0.611425
  0
VERTEX
  8
0
 10
236.439977
 20
1213.453014
 42
0.142433
  0
SEQEND
  0
POLYLINE
  8
0
 66
1
 70
1
  0
VERTEX
  8
0
 10
250.750000
 20
1213.257493
 42
0.007490
  0
VERTEX
  8
0
 10
254.050504
 20
1213.149904
 42
0.004402
  0
VERTEX
  8
0
 10
258.000000
 20
1213.115135
 42
0.004402
  0
VERTEX
  8
0
 10
261.949496
 20
1213.149904
 42
0.007490
  0
VERTEX
  8
0
 10
265.250000
 20
1213.257493
 42
0.047650
  0
VERTEX
  8
0
 10
266.122240
 20
1213.382897
 42
0.866510
  0
VERTEX
  8
0
 10
266.110938
 20
1213.501229
 42
0.009912
  0
VERTEX
  8
0
 10
263.199280
 20
1213.582024
 42
0.001979
  0
VERTEX
  8
0
 10
258.000000
 20
1213.602606
 42
0.001979
  0
VERTEX
  8
0
 10
252.800720
 20
1213.582024
 42
0.009912
  0
VERTEX
  8
0
 10
249.889062
 20
1213.501229
 42
0.866510
  0
VERTEX
  8
0
 10
249.877760
 20
1213.382897
 42
0.047650
  0
SEQEND
  0
POLYLINE
  8
0
 66
1
 70
1
  0
VERTEX
  8
0
 10
278.286513
 20
1213.259922
 42
0.009604
  0
VERTEX
  8
0
 10
280.881008
 20
1213.147631
 42
0.006105
  0
VERTEX
  8
0
 10
283.904699
 20
1213.111840
 42
0.006131
  0
VERTEX
  8
0
 10
286.873938
 20
1213.149357
 42
0.011299
  0
VERTEX
  8
0
 10
289.286513
 20
1213.264024
 42
0.099936
  0
VERTEX
  8
0
 10
289.763171
 20
1213.395585
 42
0.764402
  0
VERTEX
  8
0
 10
289.737288
 20
1213.521315
 42
0.012902
  0
VERTEX
  8
0
 10
287.449157
 20
1213.605233
 42
0.002807
  0
VERTEX
  8
0
 10
283.500000
 20
1213.625933
 42
0.002694
  0
VERTEX
  8
0
 10
279.559407
 20
1213.603228
 42
0.014736
  0
VERTEX
  8
0
 10
277.431038
 20
1213.516725
 42
0.854790
  0
VERTEX
  8
0
 10
277.420350
 20
1213.392998
 42
0.045022
  0
SEQEND
  0
POLYLINE
  8
0
 66
1
 70
1
  0
VERTEX
  8
0
 10
307.308215
 20
1213.252356
 42
0.003803
  0
VERTEX
  8
0
 10
313.096309
 20
1213.154957
 42
0.002316
  0
VERTEX
  8
0
 10
319.935354
 20
1213.123578
 42
0.002321
  0
VERTEX
  8
0
 10
326.715851
 20
1213.155353
 42
0.004107
  0
VERTEX
  8
0
 10
332.308215
 20
1213.253467
 42
0.031570
  0
VERTEX
  8
0
 10
333.581812
 20
1213.366957
 42
0.915462
  0
VERTEX
  8
0
 10
333.574913
 20
1213.474966
 42
0.005066
  0
VERTEX
  8
0
 10
328.469833
 20
1213.547964
 42
0.001052
  0
VERTEX
  8
0
 10
319.500000
 20
1213.566446
 42
0.001032
  0
VERTEX
  8
0
 10
310.539241
 20
1213.547552
 42
0.005396
  0
VERTEX
  8
0
 10
305.606163
 20
1213.473724
 42
0.934674
  0
VERTEX
  8
0
 10
305.601688
 20
1213.366596
 42
0.021209
  0
SEQEND
  0
POLYLINE
  8
0
 66
1
 70
1
  0
VERTEX
  8
0
 10
367.318279
 20
1213.250784
 42
0.001979
  0
VERTEX
  8
0
 10
377.661917
 20
1213.160862
 42
0.001186
  0
VERTEX
  8
0
 10
389.949569
 20
1213.131819
 42
0.001188
  0
VERTEX
  8
0
 10
402.176761
 20
1213.160968
 42
0.002068
  0
VERTEX
  8
0
 10
412.318279
 20
1213.251182
 42
0.014837
  0
VERTEX
  8
0
 10
414.768337
 20
1213.355870
 42
0.958366
  0
VERTEX
  8
0
 10
414.765370
 20
1213.455229
 42
0.002628
  0
VERTEX
  8
0
 10
405.641932
 20
1213.522688
 42
0.000536
  0
VERTEX
  8
0
 10
389.500000
 20
1213.539865
 42
0.000531
  0
VERTEX
  8
0
 10
373.367424
 20
1213.522605
 42
0.002725
  0
VERTEX
  8
0
 10
364.421620
 20
1213.454783
 42
0.964215
  0
VERTEX
  8
0
 10
364.419305
 20
1213.355895
 42
0.011796
  0
SEQEND
  0
POLYLINE
  8
0
 66
1
 70
1
  0
VERTEX
  8
0
 10
451.312408
 20
1213.251583
 42
0.002988
  0
VERTEX
  8
0
 10
458.467543
 20
1213.157249
 42
0.001808
  0
VERTEX
  8
0
 10
466.941276
 20
1213.126820
 42
0.001811
  0
VERTEX
  8
0
 10
475.355664
 20
1213.157503
 42
0.003183
  0
VERTEX
  8
0
 10
482.312408
 20
1213.252352
 42
0.023759
  0
VERTEX
  8
0
 10
483.937405
 20
1213.362220
 42
0.935065
  0
VERTEX
  8
0
 10
483.932395
 20
1213.466665
 42
0.003976
  0
VERTEX
  8
0
 10
477.621474
 20
1213.537396
 42
0.000820
  0
VERTEX
  8
0
 10
466.500000
 20
1213.555355
 42
0.000807
  0
VERTEX
  8
0
 10
455.387716
 20
1213.537148
 42
0.004187
  0
VERTEX
  8
0
 10
449.251145
 20
1213.465805
 42
0.947527
  0
VERTEX
  8
0
 10
449.247629
 20
1213.362061
 42
0.017149
  0
SEQEND
  0
POLYLINE
  8
0
 66
1
 70
1
  0
VERTEX
  8
0
 10
507.299100
 20
1213.254716
 42
0.005878
  0
VERTEX
  8
0
 10
511.263337
 20
1213.150882
 42
0.003639
  0
VERTEX
  8
0
 10
515.922479
 20
1213.117549
 42
0.003649
  0
VERTEX
  8
0
 10
520.524799
 20
1213.151703
 42
0.006561
  0
VERTEX
  8
0
 10
524.299100
 20
1213.256806
 42
0.053751
  0
VERTEX
  8
0
 10
525.109874
 20
1213.377981
 42
0.862966
  0
VERTEX
  8
0
 10
525.097236
 20
1213.493565
 42
0.007856
  0
VERTEX
  8
0
 10
521.600934
 20
1213.571304
 42
0.001661
  0
VERTEX
  8
0
 10
515.500000
 20
1213.590819
 42
0.001615
  0
VERTEX
  8
0
 10
509.407902
 20
1213.570390
 42
0.008594
  0
VERTEX
  8
0
 10
506.078486
 20
1213.491227
 42
0.903981
  0
VERTEX
  8
0
 10
506.071643
 20
1213.376962
 42
0.030672
  0
SEQEND
  0
POLYLINE
  8
0
 66
1
 70
1
  0
VERTEX
  8
0
 10
536.263750
 20
1213.282419
 42
0.022548
  0
VERTEX
  8
0
 10
537.485188
 20
1213.153707
 42
0.015659
  0
VERTEX
  8
0
 10
538.872547
 20
1213.114038
 42
0.015827
  0
VERTEX
  8
0
 10
540.209518
 20
1213.160023
 42
0.031163
  0
VERTEX
  8
0
 10
541.263750
 20
1213.296069
 42
0.248898
  0
VERTEX
  8
0
 10
541.455688
 20
1213.450815
 42
0.490820
  0
VERTEX
  8
0
 10
541.374351
 20
1213.596853
 42
0.030832
  0
VERTEX
  8
0
 10
540.297080
 20
1213.692368
 42
0.007380
  0
VERTEX
  8
0
 10
538.500000
 20
1213.713986
 42
0.006817
  0
VERTEX
  8
0
 10
536.711719
 20
1213.684722
 42
0.040183
  0
VERTEX
  8
0
 10
535.780601
 20
1213.581582
 42
0.720633
  0
VERTEX
  8
0
 10
535.761725
 20
1213.438612
 42
0.075924
  0
SEQEND
  0
POLYLINE
  8
0
 66
1
 70
1
  0
VERTEX
  8
0
 10
553.250000
 20
1213.255432
 42
0.005996
  0
VERTEX
  8
0
 10
557.233329
 20
1213.151523
 42
0.003522
  0
VERTEX
  8
0
 10
562.000000
 20
1213.117947
 42
0.003522
  0
VERTEX
  8
0
 10
566.766671
 20
1213.151523
 42
0.005996
  0
VERTEX
  8
0
 10
570.750000
 20
1213.255432
 42
0.038501
  0
VERTEX
  8
0
 10
571.797878
 20
1213.376512
 42
0.891106
  0
VERTEX
  8
0
 10
571.789062
 20
1213.490823
 42
0.007935
  0
VERTEX
  8
0
 10
568.275186
 20
1213.568856
 42
0.001583
  0
VERTEX
  8
0
 10
562.000000
 20
1213.588730
 42
0.001583
  0
VERTEX
  8
0
 10
555.724814
 20
1213.568856
 42
0.007935
  0
VERTEX
  8
0
 10
552.210938
 20
1213.490823
 42
0.891106
  0
VERTEX
  8
0
 10
552.202122
 20
1213.376512
 42
0.038501
  0
SEQEND
  0
POLYLINE
  8
0
 66
1
 70
1
  0
VERTEX
  8
0
 10
583.263750
 20
1213.282419
 42
0.022548
  0
VERTEX
  8
0
 10
584.485188
 20
1213.153707
 42
0.015659
  0
VERTEX
  8
0
 10
585.872547
 20
1213.114038
 42
0.015827
  0
VERTEX
  8
0
 10
587.209518
 20
1213.160023
 42
0.031163
  0
VERTEX
  8
0
 10
588.263750
 20
1213.296069
 42
0.248898
  0
VERTEX
  8
0
 10
588.455688
 20
1213.450815
 42
0.490820
  0
VERTEX
  8
0
 10
588.374351
 20
1213.596853
 42
0.030832
  0
VERTEX
  8
0
 10
587.297080
 20
1213.692368
 42
0.007380
  0
VERTEX
  8
0
 10
585.500000
 20
1213.713986
 42
0.006817
  0
VERTEX
  8
0
 10
583.711719
 20
1213.684722
 42
0.040183
  0
VERTEX
  8
0
 10
582.780601
 20
1213.581582
 42
0.720633
  0
VERTEX
  8
0
 10
582.761725
 20
1213.438612
 42
0.075924
  0
SEQEND
  0
POLYLINE
  8
0
 66
1
 70
1
  0
VERTEX
  8
0
 10
599.250000
 20
1213.256692
 42
0.006921
  0
VERTEX
  8
0
 10
602.778111
 20
1213.150439
 42
0.004066
  0
VERTEX
  8
0
 10
607.000000
 20
1213.116103
 42
0.004066
  0
VERTEX
  8
0
 10
611.221889
 20
1213.150439
 42
0.006921
  0
VERTEX
  8
0
 10
614.750000
 20
1213.256692
 42
0.044194
  0
VERTEX
  8
0
 10
615.680663
 20
1213.380523
 42
0.875756
  0
VERTEX
  8
0
 10
615.670313
 20
1213.497396
 42
0.009159
  0
VERTEX
  8
0
 10
612.557921
 20
1213.577187
 42
0.001828
  0
VERTEX
  8
0
 10
607.000000
 20
1213.597512
 42
0.001828
  0
VERTEX
  8
0
 10
601.442079
 20
1213.577187
 42
0.009159
  0
VERTEX
  8
0
 10
598.329687
 20
1213.497396
 42
0.875756
  0
VERTEX
  8
0
 10
598.319337
 20
1213.380523
 42
0.044194
  0
SEQEND
  0
POLYLINE
  8
0
 66
1
 70
1
  0
VERTEX
  8
0
 10
624.750000
 20
1213.337719
 42
0.057986
  0
VERTEX
  8
0
 10
625.320008
 20
1213.181385
 42
0.037979
  0
VERTEX
  8
0
 10
626.000000
 20
1213.129660
 42
0.037979
  0
VERTEX
  8
0
 10
626.679992
 20
1213.181385
 42
0.057986
  0
VERTEX
  8
0
 10
627.250000
 20
1213.337719
 42
0.174857
  0
VERTEX
  8
0
 10
627.459382
 20
1213.525001
 42
0.447206
  0
VERTEX
  8
0
 10
627.398438
 20
1213.693942
 42
0.078554
  0
VERTEX
  8
0
 10
626.891440
 20
1213.810911
 42
0.017491
  0
VERTEX
  8
0
 10
626.000000
 20
1213.842105
 42
0.017491
  0
VERTEX
  8
0
 10
625.108560
 20
1213.810911
 42
0.078554
  0
VERTEX
  8
0
 10
624.601562
 20
1213.693942
 42
0.447206
  0
VERTEX
  8
0
 10
624.540618
 20
1213.525001
 42
0.174857
  0
SEQEND
  0
POLYLINE
  8
0
 66
1
 70
1
  0
VERTEX
  8
0
 10
634.280173
 20
1213.263728
 42
0.012009
  0
VERTEX
  8
0
 10
636.417397
 20
1213.147278
 42
0.007758
  0
VERTEX
  8
0
 10
638.895745
 20
1213.110349
 42
0.007799
  0
VERTEX
  8
0
 10
641.320819
 20
1213.149670
 42
0.014578
  0
VERTEX
  8
0
 10
643.280173
 20
1213.269269
 42
0.131812
  0
VERTEX
  8
0
 10
643.652585
 20
1213.406153
 42
0.702197
  0
VERTEX
  8
0
 10
643.616676
 20
1213.536946
 42
0.016184
  0
VERTEX
  8
0
 10
641.731847
 20
1213.623869
 42
0.003584
  0
VERTEX
  8
0
 10
638.500000
 20
1213.645045
 42
0.003413
  0
VERTEX
  8
0
 10
635.276628
 20
1213.621056
 42
0.018965
  0
VERTEX
  8
0
 10
633.547926
 20
1213.530747
 42
0.826233
  0
VERTEX
  8
0
 10
633.535090
 20
1213.402311
 42
0.052772
  0
SEQEND
  0
POLYLINE
  8
0
 66
1
 70
1
  0
VERTEX
  8
0
 10
650.269032
 20
1213.307009
 42
0.037336
  0
VERTEX
  8
0
 10
651.036634
 20
1213.167106
 42
0.029507
  0
VERTEX
  8
0
 10
651.880008
 20
1213.127736
 42
0.030339
  0
VERTEX
  8
0
 10
652.671085
 20
1213.185595
 42
0.062780
  0
VERTEX
  8
0
 10
653.269032
 20
1213.344063
 42
0.313180
  0
VERTEX
  8
0
 10
653.386009
 20
1213.522870
 42
0.333666
  0
VERTEX
  8
0
 10
653.257153
 20
1213.684921
 42
0.052471
  0
VERTEX
  8
0
 10
652.580113
 20
1213.787295
 42
0.014395
  0
VERTEX
  8
0
 10
651.500000
 20
1213.805051
 42
0.012823
  0
VERTEX
  8
0
 10
650.431793
 20
1213.764444
 42
0.080377
  0
VERTEX
  8
0
 10
649.900903
 20
1213.643467
 42
0.597527
  0
VERTEX
  8
0
 10
649.883358
 20
1213.483340
 42
0.087174
  0
SEQEND
  0
POLYLINE
  8
0
 66
1
 70
1
  0
VERTEX
  8
0
 10
660.280173
 20
1213.263728
 42
0.012009
  0
VERTEX
  8
0
 10
662.417397
 20
1213.147278
 42
0.007758
  0
VERTEX
  8
0
 10
664.895745
 20
1213.110349
 42
0.007799
  0
VERTEX
  8
0
 10
667.320819
 20
1213.149670
 42
0.014578
  0
VERTEX
  8
0
 10
669.280173
 20
1213.269269
 42
0.131812
  0
VERTEX
  8
0
 10
669.652585
 20
1213.406153
 42
0.702197
  0
VERTEX
  8
0
 10
669.616676
 20
1213.536946
 42
0.016184
  0
VERTEX
  8
0
 10
667.731847
 20
1213.623869
 42
0.003584
  0
VERTEX
  8
0
 10
664.500000
 20
1213.645045
 42
0.003413
  0
VERTEX
  8
0
 10
661.276628
 20
1213.621056
 42
0.018965
  0
VERTEX
  8
0
 10
659.547926
 20
1213.530747
 42
0.826233
  0
VERTEX
  8
0
 10
659.535090
 20
1213.402311
 42
0.052772
  0
SEQEND
  0
POLYLINE
  8
0
 66
1
 70
1
  0
VERTEX
  8
0
 10
676.269032
 20
1213.307009
 42
0.037336
  0
VERTEX
  8
0
 10
677.036634
 20
1213.167106
 42
0.029507
  0
VERTEX
  8
0
 10
677.880008
 20
1213.127736
 42
0.030339
  0
VERTEX
  8
0
 10
678.671085
 20
1213.185595
 42
0.062780
  0
VERTEX
  8
0
 10
679.269032
 20
1213.344063
 42
0.313180
  0
VERTEX
  8
0
 10
679.386009
 20
1213.522870
 42
0.333666
  0
VERTEX
  8
0
 10
679.257153
 20
1213.684921
 42
0.052471
  0
VERTEX
  8
0
 10
678.580113
 20
1213.787295
 42
0.014395
  0
VERTEX
  8
0
 10
677.500000
 20
1213.805051
 42
0.012823
  0
VERTEX
  8
0
 10
676.431793
 20
1213.764444
 42
0.080377
  0
VERTEX
  8
0
 10
675.900903
 20
1213.643467
 42
0.597527
  0
VERTEX
  8
0
 10
675.883358
 20
1213.483340
 42
0.087174
  0
SEQEND
  0
POLYLINE
  8
0
 66
1
 70
1
  0
VERTEX
  8
0
 10
686.280173
 20
1213.263728
 42
0.012009
  0
VERTEX
  8
0
 10
688.417397
 20
1213.147278
 42
0.007758
  0
VERTEX
  8
0
 10
690.895745
 20
1213.110349
 42
0.007799
  0
VERTEX
  8
0
 10
693.320819
 20
1213.149670
 42
0.014578
  0
VERTEX
  8
0
 10
695.280173
 20
1213.269269
 42
0.131812
  0
VERTEX
  8
0
 10
695.652585
 20
1213.406153
 42
0.702197
  0
VERTEX
  8
0
 10
695.616676
 20
1213.536946
 42
0.016184
  0
VERTEX
  8
0
 10
693.731847
 20
1213.623869
 42
0.003584
  0
VERTEX
  8
0
 10
690.500000
 20
1213.645045
 42
0.003413
  0
VERTEX
  8
0
 10
687.276628
 20
1213.621056
 42
0.018965
  0
VERTEX
  8
0
 10
685.547926
 20
1213.530747
 42
0.826233
  0
VERTEX
  8
0
 10
685.535090
 20
1213.402311
 42
0.052772
  0
SEQEND
  0
POLYLINE
  8
0
 66
1
 70
1
  0
VERTEX
  8
0
 10
701.750000
 20
1213.337719
 42
0.057986
  0
VERTEX
  8
0
 10
702.320008
 20
1213.181385
 42
0.037979
  0
VERTEX
  8
0
 10
703.000000
 20
1213.129660
 42
0.037979
  0
VERTEX
  8
0
 10
703.679992
 20
1213.181385
 42
0.057986
  0
VERTEX
  8
0
 10
704.250000
 20
1213.337719
 42
0.174857
  0
VERTEX
  8
0
 10
704.459382
 20
1213.525001
 42
0.447206
  0
VERTEX
  8
0
 10
704.398438
 20
1213.693942
 42
0.078554
  0
VERTEX
  8
0
 10
703.891440
 20
1213.810911
 42
0.017491
  0
VERTEX
  8
0
 10
703.000000
 20
1213.842105
 42
0.017491
  0
VERTEX
  8
0
 10
702.108560
 20
1213.810911
 42
0.078554
  0
VERTEX
  8
0
 10
701.601562
 20
1213.693942
 42
0.447206
  0
VERTEX
  8
0
 10
701.540618
 20
1213.525001
 42
0.174857
  0
SEQEND
  0
POLYLINE
  8
0
 66
1
 70
1
  0
VERTEX
  8
0
 10
711.250000
 20
1213.264961
 42
0.012378
  0
VERTEX
  8
0
 10
713.412501
 20
1213.148215
 42
0.007295
  0
VERTEX
  8
0
 10
716.000000
 20
1213.110462
 42
0.007295
  0
VERTEX
  8
0
 10
718.587499
 20
1213.148215
 42
0.012378
  0
VERTEX
  8
0
 10
720.750000
 20
1213.264961
 42
0.075495
  0
VERTEX
  8
0
 10
721.333540
 20
1213.401218
 42
0.793398
  0
VERTEX
  8
0
 10
721.314062
 20
1213.529482
 42
0.016391
  0
VERTEX
  8
0
 10
719.405918
 20
1213.617144
 42
0.003282
  0
VERTEX
  8
0
 10
716.000000
 20
1213.639504
 42
0.003282
  0
VERTEX
  8
0
 10
712.594082
 20
1213.617144
 42
0.016391
  0
VERTEX
  8
0
 10
710.685938
 20
1213.529482
 42
0.793398
  0
VERTEX
  8
0
 10
710.666460
 20
1213.401218
 42
0.075495
  0
SEQEND
  0
POLYLINE
  8
0
 66
1
 70
1
  0
VERTEX
  8
0
 10
735.727696
 20
1213.278268
 42
0.020120
  0
VERTEX
  8
0
 10
737.234338
 20
1213.152063
 42
0.010546
  0
VERTEX
  8
0
 10
739.115370
 20
1213.110215
 42
0.010474
  0
VERTEX
  8
0
 10
741.048239
 20
1213.148479
 42
0.015806
  0
VERTEX
  8
0
 10
742.727696
 20
1213.270202
 42
0.062969
  0
VERTEX
  8
0
 10
743.351289
 20
1213.416037
 42
0.785070
  0
VERTEX
  8
0
 10
743.335636
 20
1213.550546
 42
0.026082
  0
VERTEX
  8
0
 10
742.006031
 20
1213.645979
 42
0.004587
  0
VERTEX
  8
0
 10
739.500000
 20
1213.671860
 42
0.004873
  0
VERTEX
  8
0
 10
736.985512
 20
1213.650253
 42
0.021409
  0
VERTEX
  8
0
 10
735.504386
 20
1213.559569
 42
0.613017
  0
VERTEX
  8
0
 10
735.451620
 20
1213.422293
 42
0.180442
  0
SEQEND
  0
POLYLINE
  8
0
 66
1
 70
1
  0
VERTEX
  8
0
 10
754.750000
 20
1213.276604
 42
0.019375
  0
VERTEX
  8
0
 10
756.229765
 20
1213.150935
 42
0.011494
  0
VERTEX
  8
0
 10
758.000000
 20
1213.110234
 42
0.011494
  0
VERTEX
  8
0
 10
759.770235
 20
1213.150935
 42
0.019375
  0
VERTEX
  8
0
 10
761.250000
 20
1213.276604
 42
0.108536
  0
VERTEX
  8
0
 10
761.666199
 20
1213.423685
 42
0.707215
  0
VERTEX
  8
0
 10
761.635938
 20
1213.561450
 42
0.025693
  0
VERTEX
  8
0
 10
760.329566
 20
1213.655793
 42
0.005179
  0
VERTEX
  8
0
 10
758.000000
 20
1213.679926
 42
0.005179
  0
VERTEX
  8
0
 10
755.670434
 20
1213.655793
 42
0.025693
  0
VERTEX
  8
0
 10
754.364062
 20
1213.561450
 42
0.707215
  0
VERTEX
  8
0
 10
754.333801
 20
1213.423685
 42
0.108536
  0
SEQEND
  0
POLYLINE
  8
0
 66
1
 70
1
  0
VERTEX
  8
0
 10
773.767909
 20
1213.275269
 42
0.018638
  0
VERTEX
  8
0
 10
775.218327
 20
1213.150328
 42
0.012590
  0
VERTEX
  8
0
 10
776.878422
 20
1213.111345
 42
0.012695
  0
VERTEX
  8
0
 10
778.487453
 20
1213.154945
 42
0.024559
  0
VERTEX
  8
0
 10
779.767909
 20
1213.285474
 42
0.212532
  0
VERTEX
  8
0
 10
780.000181
 20
1213.434198
 42
0.556092
  0
VERTEX
  8
0
 10
779.934948
 20
1213.575472
 42
0.025342
  0
VERTEX
  8
0
 10
778.655786
 20
1213.668409
 42
0.005888
  0
VERTEX
  8
0
 10
776.500000
 20
1213.690131
 42
0.005499
  0
VERTEX
  8
0
 10
774.352754
 20
1213.662864
 42
0.031761
  0
VERTEX
  8
0
 10
773.222448
 20
1213.564056
 42
0.756877
  0
VERTEX
  8
0
 10
773.205163
 20
1213.425738
 42
0.069146
  0
SEQEND
  0
POLYLINE
  8
0
 66
1
 70
1
  0
VERTEX
  8
0
 10
791.767909
 20
1213.275269
 42
0.018638
  0
VERTEX
  8
0
 10
793.218327
 20
1213.150328
 42
0.012590
  0
VERTEX
  8
0
 10
794.878422
 20
1213.111345
 42
0.012695
  0
VERTEX
  8
0
 10
796.487453
 20
1213.154945
 42
0.024559
  0
VERTEX
  8
0
 10
797.767909
 20
1213.285474
 42
0.212532
  0
VERTEX
  8
0
 10
798.000181
 20
1213.434198
 42
0.556092
  0
VERTEX
  8
0
 10
797.934948
 20
1213.575472
 42
0.025342
  0
VERTEX
  8
0
 10
796.655786
 20
1213.668409
 42
0.005888
  0
VERTEX
  8
0
 10
794.500000
 20
1213.690131
 42
0.005499
  0
VERTEX
  8
0
 10
792.352754
 20
1213.662864
 42
0.031761
  0
VERTEX
  8
0
 10
791.222448
 20
1213.564056
 42
0.756877
  0
VERTEX
  8
0
 10
791.205163
 20
1213.425738
 42
0.069146
  0
SEQEND
  0
POLYLINE
  8
0
 66
1
 70
1
  0
VERTEX
  8
0
 10
808.750000
 20
1213.276604
 42
0.019375
  0
VERTEX
  8
0
 10
810.229765
 20
1213.150935
 42
0.011494
  0
VERTEX
  8
0
 10
812.000000
 20
1213.110234
 42
0.011494
  0
VERTEX
  8
0
 10
813.770235
 20
1213.150935
 42
0.019375
  0
VERTEX
  8
0
 10
815.250000
 20
1213.276604
 42
0.108536
  0
VERTEX
  8
0
 10
815.666199
 20
1213.423685
 42
0.707215
  0
VERTEX
  8
0
 10
815.635938
 20
1213.561450
 42
0.025693
  0
VERTEX
  8
0
 10
814.329566
 20
1213.655793
 42
0.005179
  0
VERTEX
  8
0
 10
812.000000
 20
1213.679926
 42
0.005179
  0
VERTEX
  8
0
 10
809.670434
 20
1213.655793
 42
0.025693
  0
VERTEX
  8
0
 10
808.364062
 20
1213.561450
 42
0.707215
  0
VERTEX
  8
0
 10
808.333801
 20
1213.423685
 42
0.108536
  0
SEQEND
  0
POLYLINE
  8
0
 66
1
 70
1
  0
VERTEX
  8
0
 10
826.750000
 20
1213.276604
 42
0.019375
  0
VERTEX
  8
0
 10
828.229765
 20
1213.150935
 42
0.011494
  0
VERTEX
  8
0
 10
830.000000
 20
1213.110234
 42
0.011494
  0
VERTEX
  8
0
 10
831.770235
 20
1213.150935
 42
0.019375
  0
VERTEX
  8
0
 10
833.250000
 20
1213.276604
 42
0.108536
  0
VERTEX
  8
0
 10
833.666199
 20
1213.423685
 42
0.707215
  0
VERTEX
  8
0
 10
833.635938
 20
1213.561450
 42
0.025693
  0
VERTEX
  8
0
 10
832.329566
 20
1213.655793
 42
0.005179
  0
VERTEX
  8
0
 10
830.000000
 20
1213.679926
 42
0.005179
  0
VERTEX
  8
0
 10
827.670434
 20
1213.655793
 42
0.025693
  0
VERTEX
  8
0
 10
826.364062
 20
1213.561450
 42
0.707215
  0
VERTEX
  8
0
 10
826.333801
 20
1213.423685
 42
0.108536
  0
SEQEND
  0
POLYLINE
  8
0
 66
1
 70
1
  0
VERTEX
  8
0
 10
844.750000
 20
1213.276604
 42
0.019375
  0
VERTEX
  8
0
 10
846.229765
 20
1213.150935
 42
0.011494
  0
VERTEX
  8
0
 10
848.000000
 20
1213.110234
 42
0.011494
  0
VERTEX
  8
0
 10
849.770235
 20
1213.150935
 42
0.019375
  0
VERTEX
  8
0
 10
851.250000
 20
1213.276604
 42
0.108536
  0
VERTEX
  8
0
 10
851.666199
 20
1213.423685
 42
0.707215
  0
VERTEX
  8
0
 10
851.635938
 20
1213.561450
 42
0.025693
  0
VERTEX
  8
0
 10
850.329566
 20
1213.655793
 42
0.005179
  0
VERTEX
  8
0
 10
848.000000
 20
1213.679926
 42
0.005179
  0
VERTEX
  8
0
 10
845.670434
 20
1213.655793
 42
0.025693
  0
VERTEX
  8
0
 10
844.364062
 20
1213.561450
 42
0.707215
  0
VERTEX
  8
0
 10
844.333801
 20
1213.423685
 42
0.108536
  0
SEQEND
  0
POLYLINE
  8
0
 66
1
 70
1
  0
VERTEX
  8
0
 10
861.767909
 20
1213.275269
 42
0.018638
  0
VERTEX
  8
0
 10
863.218327
 20
1213.150328
 42
0.012590
  0
VERTEX
  8
0
 10
864.878422
 20
1213.111345
 42
0.012695
  0
VERTEX
  8
0
 10
866.487453
 20
1213.154945
 42
0.024559
  0
VERTEX
  8
0
 10
867.767909
 20
1213.285474
 42
0.212532
  0
VERTEX
  8
0
 10
868.000181
 20
1213.434198
 42
0.556092
  0
VERTEX
  8
0
 10
867.934948
 20
1213.575472
 42
0.025342
  0
VERTEX
  8
0
 10
866.655786
 20
1213.668409
 42
0.005888
  0
VERTEX
  8
0
 10
864.500000
 20
1213.690131
 42
0.005499
  0
VERTEX
  8
0
 10
862.352754
 20
1213.662864
 42
0.031761
  0
VERTEX
  8
0
 10
861.222448
 20
1213.564056
 42
0.756877
  0
VERTEX
  8
0
 10
861.205163
 20
1213.425738
 42
0.069146
  0
SEQEND
  0
POLYLINE
  8
0
 66
1
 70
1
  0
VERTEX
  8
0
 10
877.263750
 20
1213.282419
 42
0.022548
  0
VERTEX
  8
0
 10
878.485188
 20
1213.153707
 42
0.015659
  0
VERTEX
  8
0
 10
879.872547
 20
1213.114038
 42
0.015827
  0
VERTEX
  8
0
 10
881.209518
 20
1213.160023
 42
0.031163
  0
VERTEX
  8
0
 10
882.263750
 20
1213.296069
 42
0.248898
  0
VERTEX
  8
0
 10
882.455688
 20
1213.450815
 42
0.490820
  0
VERTEX
  8
0
 10
882.374351
 20
1213.596853
 42
0.030832
  0
VERTEX
  8
0
 10
881.297080
 20
1213.692368
 42
0.007380
  0
VERTEX
  8
0
 10
879.500000
 20
1213.713986
 42
0.006817
  0
VERTEX
  8
0
 10
877.711719
 20
1213.684722
 42
0.040183
  0
VERTEX
  8
0
 10
876.780601
 20
1213.581582
 42
0.720633
  0
VERTEX
  8
0
 10
876.761725
 20
1213.438612
 42
0.075924
  0
SEQEND
  0
POLYLINE
  8
0
 66
1
 70
1
  0
VERTEX
  8
0
 10
891.263750
 20
1213.282419
 42
0.022548
  0
VERTEX
  8
0
 10
892.485188
 20
1213.153707
 42
0.015659
  0
VERTEX
  8
0
 10
893.872547
 20
1213.114038
 42
0.015827
  0
VERTEX
  8
0
 10
895.209518
 20
1213.160023
 42
0.031163
  0
VERTEX
  8
0
 10
896.263750
 20
1213.296069
 42
0.248898
  0
VERTEX
  8
0
 10
896.455688
 20
1213.450815
 42
0.490820
  0
VERTEX
  8
0
 10
896.374351
 20
1213.596853
 42
0.030832
  0
VERTEX
  8
0
 10
895.297080
 20
1213.692368
 42
0.007380
  0
VERTEX
  8
0
 10
893.500000
 20
1213.713986
 42
0.006817
  0
VERTEX
  8
0
 10
891.711719
 20
1213.684722
 42
0.040183
  0
VERTEX
  8
0
 10
890.780601
 20
1213.581582
 42
0.720633
  0
VERTEX
  8
0
 10
890.761725
 20
1213.438612
 42
0.075924
  0
SEQEND
  0
POLYLINE
  8
0
 66
1
 70
1
  0
VERTEX
  8
0
 10
905.250000
 20
1213.283746
 42
0.023547
  0
VERTEX
  8
0
 10
906.502218
 20
1213.153981
 42
0.014044
  0
VERTEX
  8
0
 10
908.000000
 20
1213.111902
 42
0.014044
  0
VERTEX
  8
0
 10
909.497782
 20
1213.153981
 42
0.023547
  0
VERTEX
  8
0
 10
910.750000
 20
1213.283746
 42
0.124239
  0
VERTEX
  8
0
 10
911.112409
 20
1213.435926
 42
0.664672
  0
VERTEX
  8
0
 10
911.076563
 20
1213.577962
 42
0.031260
  0
VERTEX
  8
0
 10
909.970620
 20
1213.675363
 42
0.006336
  0
VERTEX
  8
0
 10
908.000000
 20
1213.700336
 42
0.006336
  0
VERTEX
  8
0
 10
906.029380
 20
1213.675363
 42
0.031260
  0
VERTEX
  8
0
 10
904.923437
 20
1213.577962
 42
0.664672
  0
VERTEX
  8
0
 10
904.887591
 20
1213.435926
 42
0.124239
  0
SEQEND
  0
POLYLINE
  8
0
 66
1
 70
1
  0
VERTEX
  8
0
 10
921.263750
 20
1213.282419
 42
0.022548
  0
VERTEX
  8
0
 10
922.485188
 20
1213.153707
 42
0.015659
  0
VERTEX
  8
0
 10
923.872547
 20
1213.114038
 42
0.015827
  0
VERTEX
  8
0
 10
925.209518
 20
1213.160023
 42
0.031163
  0
VERTEX
  8
0
 10
926.263750
 20
1213.296069
 42
0.248898
  0
VERTEX
  8
0
 10
926.455688
 20
1213.450815
 42
0.490820
  0
VERTEX
  8
0
 10
926.374351
 20
1213.596853
 42
0.030832
  0
VERTEX
  8
0
 10
925.297080
 20
1213.692368
 42
0.007380
  0
VERTEX
  8
0
 10
923.500000
 20
1213.713986
 42
0.006817
  0
VERTEX
  8
0
 10
921.711719
 20
1213.684722
 42
0.040183
  0
VERTEX
  8
0
 10
920.780601
 20
1213.581582
 42
0.720633
  0
VERTEX
  8
0
 10
920.761725
 20
1213.438612
 42
0.075924
  0
SEQEND
  0
POLYLINE
  8
0
 66
1
 70
1
  0
VERTEX
  8
0
 10
934.767909
 20
1213.275269
 42
0.018638
  0
VERTEX
  8
0
 10
936.218327
 20
1213.150328
 42
0.012590
  0
VERTEX
  8
0
 10
937.878422
 20
1213.111345
 42
0.012695
  0
VERTEX
  8
0
 10
939.487453
 20
1213.154945
 42
0.024559
  0
VERTEX
  8
0
 10
940.767909
 20
1213.285474
 42
0.212532
  0
VERTEX
  8
0
 10
941.000181
 20
1213.434198
 42
0.556092
  0
VERTEX
  8
0
 10
940.934948
 20
1213.575472
 42
0.025342
  0
VERTEX
  8
0
 10
939.655786
 20
1213.668409
 42
0.005888
  0
VERTEX
  8
0
 10
937.500000
 20
1213.690131
 42
0.005499
  0
VERTEX
  8
0
 10
935.352754
 20
1213.662864
 42
0.031761
  0
VERTEX
  8
0
 10
934.222448
 20
1213.564056
 42
0.756877
  0
VERTEX
  8
0
 10
934.205163
 20
1213.425738
 42
0.069146
  0
SEQEND
  0
POLYLINE
  8
0
 66
1
 70
1
  0
VERTEX
  8
0
 10
949.250000
 20
1213.283746
 42
0.023547
  0
VERTEX
  8
0
 10
950.502218
 20
1213.153981
 42
0.014044
  0
VERTEX
  8
0
 10
952.000000
 20
1213.111902
 42
0.014044
  0
VERTEX
  8
0
 10
953.497782
 20
1213.153981
 42
0.023547
  0
VERTEX
  8
0
 10
954.750000
 20
1213.283746
 42
0.124239
  0
VERTEX
  8
0
 10
955.112409
 20
1213.435926
 42
0.664672
  0
VERTEX
  8
0
 10
955.076563
 20
1213.577962
 42
0.031260
  0
VERTEX
  8
0
 10
953.970620
 20
1213.675363
 42
0.006336
  0
VERTEX
  8
0
 10
952.000000
 20
1213.700336
 42
0.006336
  0
VERTEX
  8
0
 10
950.029380
 20
1213.675363
 42
0.031260
  0
VERTEX
  8
0
 10
948.923437
 20
1213.577962
 42
0.664672
  0
VERTEX
  8
0
 10
948.887591
 20
1213.435926
 42
0.124239
  0
SEQEND
  0
POLYLINE
  8
0
 66
1
 70
1
  0
VERTEX
  8
0
 10
964.263750
 20
1213.282419
 42
0.022548
  0
VERTEX
  8
0
 10
965.485188
 20
1213.153707
 42
0.015659
  0
VERTEX
  8
0
 10
966.872547
 20
1213.114038
 42
0.015827
  0
VERTEX
  8
0
 10
968.209518
 20
1213.160023
 42
0.031163
  0
VERTEX
  8
0
 10
969.263750
 20
1213.296069
 42
0.248898
  0
VERTEX
  8
0
 10
969.455688
 20
1213.450815
 42
0.490820
  0
VERTEX
  8
0
 10
969.374351
 20
1213.596853
 42
0.030832
  0
VERTEX
  8
0
 10
968.297080
 20
1213.692368
 42
0.007380
  0
VERTEX
  8
0
 10
966.500000
 20
1213.713986
 42
0.006817
  0
VERTEX
  8
0
 10
964.711719
 20
1213.684722
 42
0.040183
  0
VERTEX
  8
0
 10
963.780601
 20
1213.581582
 42
0.720633
  0
VERTEX
  8
0
 10
963.761725
 20
1213.438612
 42
0.075924
  0
SEQEND
  0
POLYLINE
  8
0
 66
1
 70
1
  0
VERTEX
  8
0
 10
1099.078947
 20
1201.416667
 42
0.018894
  0
VERTEX
  8
0
 10
1099.137993
 20
1200.670344
 42
0.168741
  0
VERTEX
  8
0
 10
1099.279315
 20
1200.378580
 42
0.470617
  0
VERTEX
  8
0
 10
1099.461564
 20
1200.395823
 42
0.054073
  0
VERTEX
  8
0
 10
1099.683114
 20
1200.812500
 42
0.051402
  0
VERTEX
  8
0
 10
1099.839148
 20
1201.359369
 42
0.054150
  0
VERTEX
  8
0
 10
1099.876576
 20
1201.916927
 42
0.060344
  0
VERTEX
  8
0
 10
1099.797407
 20
1202.402231
 42
0.126455
  0
VERTEX
  8
0
 10
1099.604167
 20
1202.729167
 42
0.296942
  0
VERTEX
  8
0
 10
1099.385309
 20
1202.775380
 42
0.208169
  0
VERTEX
  8
0
 10
1099.200665
 20
1202.592839
 42
0.077125
  0
VERTEX
  8
0
 10
1099.089945
 20
1202.112848
 42
0.028489
  0
SEQEND
  0
POLYLINE
  8
0
 66
1
 70
1
  0
VERTEX
  8
0
 10
1105.078947
 20
1182.416667
 42
0.018894
  0
VERTEX
  8
0
 10
1105.137993
 20
1181.670344
 42
0.168741
  0
VERTEX
  8
0
 10
1105.279315
 20
1181.378580
 42
0.470617
  0
VERTEX
  8
0
 10
1105.461564
 20
1181.395823
 42
0.054073
  0
VERTEX
  8
0
 10
1105.683114
 20
1181.812500
 42
0.051402
  0
VERTEX
  8
0
 10
1105.839148
 20
1182.359369
 42
0.054150
  0
VERTEX
  8
0
 10
1105.876576
 20
1182.916927
 42
0.060344
  0
VERTEX
  8
0
 10
1105.797407
 20
1183.402231
 42
0.126455
  0
VERTEX
  8
0
 10
1105.604167
 20
1183.729167
 42
0.296942
  0
VERTEX
  8
0
 10
1105.385309
 20
1183.775380
 42
0.208169
  0
VERTEX
  8
0
 10
1105.200665
 20
1183.592839
 42
0.077125
  0
VERTEX
  8
0
 10
1105.089945
 20
1183.112848
 42
0.028489
  0
SEQEND
  0
POLYLINE
  8
0
 66
1
 70
1
  0
VERTEX
  8
0
 10
1099.078947
 20
1168.416667
 42
0.018894
  0
VERTEX
  8
0
 10
1099.137993
 20
1167.670344
 42
0.168741
  0
VERTEX
  8
0
 10
1099.279315
 20
1167.378580
 42
0.470617
  0
VERTEX
  8
0
 10
1099.461564
 20
1167.395823
 42
0.054073
  0
VERTEX
  8
0
 10
1099.683114
 20
1167.812500
 42
0.051402
  0
VERTEX
  8
0
 10
1099.839148
 20
1168.359369
 42
0.054150
  0
VERTEX
  8
0
 10
1099.876576
 20
1168.916927
 42
0.060344
  0
VERTEX
  8
0
 10
1099.797407
 20
1169.402231
 42
0.126455
  0
VERTEX
  8
0
 10
1099.604167
 20
1169.729167
 42
0.296942
  0
VERTEX
  8
0
 10
1099.385309
 20
1169.775380
 42
0.208169
  0
VERTEX
  8
0
 10
1099.200665
 20
1169.592839
 42
0.077125
  0
VERTEX
  8
0
 10
1099.089945
 20
1169.112848
 42
0.028489
  0
SEQEND
  0
POLYLINE
  8
0
 66
1
 70
1
  0
VERTEX
  8
0
 10
1099.078947
 20
1152.416667
 42
0.018894
  0
VERTEX
  8
0
 10
1099.137993
 20
1151.670344
 42
0.168741
  0
VERTEX
  8
0
 10
1099.279315
 20
1151.378580
 42
0.470617
  0
VERTEX
  8
0
 10
1099.461564
 20
1151.395823
 42
0.054073
  0
VERTEX
  8
0
 10
1099.683114
 20
1151.812500
 42
0.051402
  0
VERTEX
  8
0
 10
1099.839148
 20
1152.359369
 42
0.054150
  0
VERTEX
  8
0
 10
1099.876576
 20
1152.916927
 42
0.060344
  0
VERTEX
  8
0
 10
1099.797407
 20
1153.402231
 42
0.126455
  0
VERTEX
  8
0
 10
1099.604167
 20
1153.729167
 42
0.296942
  0
VERTEX
  8
0
 10
1099.385309
 20
1153.775380
 42
0.208169
  0
VERTEX
  8
0
 10
1099.200665
 20
1153.592839
 42
0.077125
  0
VERTEX
  8
0
 10
1099.089945
 20
1153.112848
 42
0.028489
  0
SEQEND
  0
POLYLINE
  8
0
 66
1
 70
1
  0
VERTEX
  8
0
 10
1105.157895
 20
1149.000000
 42
0.017491
  0
VERTEX
  8
0
 10
1105.189089
 20
1148.108560
 42
0.078554
  0
VERTEX
  8
0
 10
1105.306058
 20
1147.601562
 42
0.447206
  0
VERTEX
  8
0
 10
1105.474999
 20
1147.540618
 42
0.174857
  0
VERTEX
  8
0
 10
1105.662281
 20
1147.750000
 42
0.057986
  0
VERTEX
  8
0
 10
1105.818615
 20
1148.320008
 42
0.037979
  0
VERTEX
  8
0
 10
1105.870340
 20
1149.000000
 42
0.037979
  0
VERTEX
  8
0
 10
1105.818615
 20
1149.679992
 42
0.057986
  0
VERTEX
  8
0
 10
1105.662281
 20
1150.250000
 42
0.174857
  0
VERTEX
  8
0
 10
1105.474999
 20
1150.459382
 42
0.447206
  0
VERTEX
  8
0
 10
1105.306058
 20
1150.398438
 42
0.078554
  0
VERTEX
  8
0
 10
1105.189089
 20
1149.891440
 42
0.017491
  0
SEQEND
  0
POLYLINE
  8
0
 66
1
 70
1
  0
VERTEX
  8
0
 10
1099.078947
 20
1135.416667
 42
0.018894
  0
VERTEX
  8
0
 10
1099.137993
 20
1134.670344
 42
0.168741
  0
VERTEX
  8
0
 10
1099.279315
 20
1134.378580
 42
0.470617
  0
VERTEX
  8
0
 10
1099.461564
 20
1134.395823
 42
0.054073
  0
VERTEX
  8
0
 10
1099.683114
 20
1134.812500
 42
0.051402
  0
VERTEX
  8
0
 10
1099.839148
 20
1135.359369
 42
0.054150
  0
VERTEX
  8
0
 10
1099.876576
 20
1135.916927
 42
0.060344
  0
VERTEX
  8
0
 10
1099.797407
 20
1136.402231
 42
0.126455
  0
VERTEX
  8
0
 10
1099.604167
 20
1136.729167
 42
0.296942
  0
VERTEX
  8
0
 10
1099.385309
 20
1136.775380
 42
0.208169
  0
VERTEX
  8
0
 10
1099.200665
 20
1136.592839
 42
0.077125
  0
VERTEX
  8
0
 10
1099.089945
 20
1136.112848
 42
0.028489
  0
SEQEND
  0
POLYLINE
  8
0
 66
1
 70
1
  0
VERTEX
  8
0
 10
1105.078947
 20
1132.416667
 42
0.018894
  0
VERTEX
  8
0
 10
1105.137993
 20
1131.670344
 42
0.168741
  0
VERTEX
  8
0
 10
1105.279315
 20
1131.378580
 42
0.470617
  0
VERTEX
  8
0
 10
1105.461564
 20
1131.395823
 42
0.054073
  0
VERTEX
  8
0
 10
1105.683114
 20
1131.812500
 42
0.051402
  0
VERTEX
  8
0
 10
1105.839148
 20
1132.359369
 42
0.054150
  0
VERTEX
  8
0
 10
1105.876576
 20
1132.916927
 42
0.060344
  0
VERTEX
  8
0
 10
1105.797407
 20
1133.402231
 42
0.126455
  0
VERTEX
  8
0
 10
1105.604167
 20
1133.729167
 42
0.296942
  0
VERTEX
  8
0
 10
1105.385309
 20
1133.775380
 42
0.208169
  0
VERTEX
  8
0
 10
1105.200665
 20
1133.592839
 42
0.077125
  0
VERTEX
  8
0
 10
1105.089945
 20
1133.112848
 42
0.028489
  0
SEQEND
  0
POLYLINE
  8
0
 66
1
 70
1
  0
VERTEX
  8
0
 10
1099.078947
 20
1118.416667
 42
0.018894
  0
VERTEX
  8
0
 10
1099.137993
 20
1117.670344
 42
0.168741
  0
VERTEX
  8
0
 10
1099.279315
 20
1117.378580
 42
0.470617
  0
VERTEX
  8
0
 10
1099.461564
 20
1117.395823
 42
0.054073
  0
VERTEX
  8
0
 10
1099.683114
 20
1117.812500
 42
0.051402
  0
VERTEX
  8
0
 10
1099.839148
 20
1118.359369
 42
0.054150
  0
VERTEX
  8
0
 10
1099.876576
 20
1118.916927
 42
0.060344
  0
VERTEX
  8
0
 10
1099.797407
 20
1119.402231
 42
0.126455
  0
VERTEX
  8
0
 10
1099.604167
 20
1119.729167
 42
0.296942
  0
VERTEX
  8
0
 10
1099.385309
 20
1119.775380
 42
0.208169
  0
VERTEX
  8
0
 10
1099.200665
 20
1119.592839
 42
0.077125
  0
VERTEX
  8
0
 10
1099.089945
 20
1119.112848
 42
0.028489
  0
SEQEND
  0
POLYLINE
  8
0
 66
1
 70
1
  0
VERTEX
  8
0
 10
1105.078947
 20
1115.416667
 42
0.018894
  0
VERTEX
  8
0
 10
1105.137993
 20
1114.670344
 42
0.168741
  0
VERTEX
  8
0
 10
1105.279315
 20
1114.378580
 42
0.470617
  0
VERTEX
  8
0
 10
1105.461564
 20
1114.395823
 42
0.054073
  0
VERTEX
  8
0
 10
1105.683114
 20
1114.812500
 42
0.051402
  0
VERTEX
  8
0
 10
1105.839148
 20
1115.359369
 42
0.054150
  0
VERTEX
  8
0
 10
1105.876576
 20
1115.916927
 42
0.060344
  0
VERTEX
  8
0
 10
1105.797407
 20
1116.402231
 42
0.126455
  0
VERTEX
  8
0
 10
1105.604167
 20
1116.729167
 42
0.296942
  0
VERTEX
  8
0
 10
1105.385309
 20
1116.775380
 42
0.208169
  0
VERTEX
  8
0
 10
1105.200665
 20
1116.592839
 42
0.077125
  0
VERTEX
  8
0
 10
1105.089945
 20
1116.112848
 42
0.028489
  0
SEQEND
  0
POLYLINE
  8
0
 66
1
 70
1
  0
VERTEX
  8
0
 10
1099.157895
 20
1102.000000
 42
0.017491
  0
VERTEX
  8
0
 10
1099.189089
 20
1101.108560
 42
0.078554
  0
VERTEX
  8
0
 10
1099.306058
 20
1100.601562
 42
0.447206
  0
VERTEX
  8
0
 10
1099.474999
 20
1100.540618
 42
0.174857
  0
VERTEX
  8
0
 10
1099.662281
 20
1100.750000
 42
0.057986
  0
VERTEX
  8
0
 10
1099.818615
 20
1101.320008
 42
0.037979
  0
VERTEX
  8
0
 10
1099.870340
 20
1102.000000
 42
0.037979
  0
VERTEX
  8
0
 10
1099.818615
 20
1102.679992
 42
0.057986
  0
VERTEX
  8
0
 10
1099.662281
 20
1103.250000
 42
0.174857
  0
VERTEX
  8
0
 10
1099.474999
 20
1103.459382
 42
0.447206
  0
VERTEX
  8
0
 10
1099.306058
 20
1103.398438
 42
0.078554
  0
VERTEX
  8
0
 10
1099.189089
 20
1102.891440
 42
0.017491
  0
SEQEND
  0
POLYLINE
  8
0
 66
1
 70
1
  0
VERTEX
  8
0
 10
1105.078947
 20
1098.416667
 42
0.018894
  0
VERTEX
  8
0
 10
1105.137993
 20
1097.670344
 42
0.168741
  0
VERTEX
  8
0
 10
1105.279315
 20
1097.378580
 42
0.470617
  0
VERTEX
  8
0
 10
1105.461564
 20
1097.395823
 42
0.054073
  0
VERTEX
  8
0
 10
1105.683114
 20
1097.812500
 42
0.051402
  0
VERTEX
  8
0
 10
1105.839148
 20
1098.359369
 42
0.054150
  0
VERTEX
  8
0
 10
1105.876576
 20
1098.916927
 42
0.060344
  0
VERTEX
  8
0
 10
1105.797407
 20
1099.402231
 42
0.126455
  0
VERTEX
  8
0
 10
1105.604167
 20
1099.729167
 42
0.296942
  0
VERTEX
  8
0
 10
1105.385309
 20
1099.775380
 42
0.208169
  0
VERTEX
  8
0
 10
1105.200665
 20
1099.592839
 42
0.077125
  0
VERTEX
  8
0
 10
1105.089945
 20
1099.112848
 42
0.028489
  0
SEQEND
  0
POLYLINE
  8
0
 66
1
 70
1
  0
VERTEX
  8
0
 10
1099.349414
 20
1080.000000
 42
0.003751
  0
VERTEX
  8
0
 10
1099.372277
 20
1076.952816
 42
0.018707
  0
VERTEX
  8
0
 10
1099.461859
 20
1075.245312
 42
0.769970
  0
VERTEX
  8
0
 10
1099.592873
 20
1075.223005
 42
0.084525
  0
VERTEX
  8
0
 10
1099.732205
 20
1075.750000
 42
0.014123
  0
VERTEX
  8
0
 10
1099.851512
 20
1077.684912
 42
0.008335
  0
VERTEX
  8
0
 10
1099.890106
 20
1080.000000
 42
0.008335
  0
VERTEX
  8
0
 10
1099.851512
 20
1082.315088
 42
0.014123
  0
VERTEX
  8
0
 10
1099.732205
 20
1084.250000
 42
0.084525
  0
VERTEX
  8
0
 10
1099.592873
 20
1084.776995
 42
0.769970
  0
VERTEX
  8
0
 10
1099.461859
 20
1084.754688
 42
0.018707
  0
VERTEX
  8
0
 10
1099.372277
 20
1083.047184
 42
0.003751
  0
SEQEND
  0
POLYLINE
  8
0
 66
1
 70
1
  0
VERTEX
  8
0
 10
1105.286014
 20
1076.500000
 42
0.006817
  0
VERTEX
  8
0
 10
1105.315278
 20
1074.711719
 42
0.040183
  0
VERTEX
  8
0
 10
1105.418418
 20
1073.780601
 42
0.720633
  0
VERTEX
  8
0
 10
1105.561388
 20
1073.761725
 42
0.075924
  0
VERTEX
  8
0
 10
1105.717581
 20
1074.263750
 42
0.022548
  0
VERTEX
  8
0
 10
1105.846293
 20
1075.485188
 42
0.015659
  0
VERTEX
  8
0
 10
1105.885962
 20
1076.872547
 42
0.015827
  0
VERTEX
  8
0
 10
1105.839977
 20
1078.209518
 42
0.031163
  0
VERTEX
  8
0
 10
1105.703931
 20
1079.263750
 42
0.248898
  0
VERTEX
  8
0
 10
1105.549185
 20
1079.455688
 42
0.490820
  0
VERTEX
  8
0
 10
1105.403147
 20
1079.374351
 42
0.030832
  0
VERTEX
  8
0
 10
1105.307632
 20
1078.297080
 42
0.007380
  0
SEQEND
  0
POLYLINE
  8
0
 66
1
 70
1
  0
VERTEX
  8
0
 10
1101.812500
 20
1070.316886
 42
0.051402
  0
VERTEX
  8
0
 10
1102.359369
 20
1070.160852
 42
0.054150
  0
VERTEX
  8
0
 10
1102.916927
 20
1070.123424
 42
0.060344
  0
VERTEX
  8
0
 10
1103.402231
 20
1070.202593
 42
0.126455
  0
VERTEX
  8
0
 10
1103.729167
 20
1070.395833
 42
0.296942
  0
VERTEX
  8
0
 10
1103.775380
 20
1070.614691
 42
0.208169
  0
VERTEX
  8
0
 10
1103.592839
 20
1070.799335
 42
0.077125
  0
VERTEX
  8
0
 10
1103.112848
 20
1070.910055
 42
0.028489
  0
VERTEX
  8
0
 10
1102.416667
 20
1070.921053
 42
0.018894
  0
VERTEX
  8
0
 10
1101.670344
 20
1070.862007
 42
0.168741
  0
VERTEX
  8
0
 10
1101.378580
 20
1070.720685
 42
0.470617
  0
VERTEX
  8
0
 10
1101.395823
 20
1070.538436
 42
0.054073
  0
SEQEND
  0
POLYLINE
  8
0
 66
1
 70
1
  0
VERTEX
  8
0
 10
1099.157895
 20
1067.000000
 42
0.017491
  0
VERTEX
  8
0
 10
1099.189089
 20
1066.108560
 42
0.078554
  0
VERTEX
  8
0
 10
1099.306058
 20
1065.601562
 42
0.447206
  0
VERTEX
  8
0
 10
1099.474999
 20
1065.540618
 42
0.174857
  0
VERTEX
  8
0
 10
1099.662281
 20
1065.750000
 42
0.057986
  0
VERTEX
  8
0
 10
1099.818615
 20
1066.320008
 42
0.037979
  0
VERTEX
  8
0
 10
1099.870340
 20
1067.000000
 42
0.037979
  0
VERTEX
  8
0
 10
1099.818615
 20
1067.679992
 42
0.057986
  0
VERTEX
  8
0
 10
1099.662281
 20
1068.250000
 42
0.174857
  0
VERTEX
  8
0
 10
1099.474999
 20
1068.459382
 42
0.447206
  0
VERTEX
  8
0
 10
1099.306058
 20
1068.398438
 42
0.078554
  0
VERTEX
  8
0
 10
1099.189089
 20
1067.891440
 42
0.017491
  0
SEQEND
  0
POLYLINE
  8
0
 66
1
 70
1
  0
VERTEX
  8
0
 10
892.000000
 20
1047.500000
 42
0.003867
  0
VERTEX
  8
0
 10
892.052594
 20
1040.699767
 42
0.025996
  0
VERTEX
  8
0
 10
892.280000
 20
1037.333333
 42
0.059500
  0
VERTEX
  8
0
 10
892.714283
 20
1035.545446
 42
0.313079
  0
VERTEX
  8
0
 10
893.500000
 20
1035.000000
 42
-0.130775
  0
VERTEX
  8
0
 10
894.075754
 20
1034.846791
 42
-0.102140
  0
VERTEX
  8
0
 10
894.562500
 20
1034.416667
 42
-0.088920
  0
VERTEX
  8
0
 10
894.888136
 20
1033.769411
 42
-0.072314
  0
VERTEX
  8
0
 10
895.000000
 20
1033.000000
 42
0.218517
  0
VERTEX
  8
0
 10
895.506719
 20
1031.895913
 42
0.138781
  0
VERTEX
  8
0
 10
896.812500
 20
1031.290000
 42
0.036854
  0
VERTEX
  8
0
 10
899.699072
 20
1031.044103
 42
0.002827
  0
VERTEX
  8
0
 10
907.500000
 20
1031.000000
 42
0.002827
  0
VERTEX
  8
0
 10
915.300928
 20
1031.044103
 42
0.036854
  0
VERTEX
  8
0
 10
918.187500
 20
1031.290000
 42
0.138781
  0
VERTEX
  8
0
 10
919.493281
 20
1031.895913
 42
0.218517
  0
VERTEX
  8
0
 10
920.000000
 20
1033.000000
 42
-0.072314
  0
VERTEX
  8
0
 10
920.111864
 20
1033.769411
 42
-0.088920
  0
VERTEX
  8
0
 10
920.437500
 20
1034.416667
 42
-0.102140
  0
VERTEX
  8
0
 10
920.924246
 20
1034.846791
 42
-0.130775
  0
VERTEX
  8
0
 10
921.500000
 20
1035.000000
 42
0.313079
  0
VERTEX
  8
0
 10
922.285717
 20
1035.545446
 42
0.059500
  0
VERTEX
  8
0
 10
922.720000
 20
1037.333333
 42
0.025996
  0
VERTEX
  8
0
 10
922.947406
 20
1040.699767
 42
0.003867
  0
VERTEX
  8
0
 10
923.000000
 20
1047.500000
 42
0.000000
  0
VERTEX
  8
0
 10
923.000000
 20
1060.000000
 42
0.000000
  0
VERTEX
  8
0
 10
907.500000
 20
1060.000000
 42
0.000000
  0
VERTEX
  8
0
 10
892.000000
 20
1060.000000
 42
0.000000
  0
SEQEND
  0
POLYLINE
  8
0
 66
1
 70
1
  0
VERTEX
  8
0
 10
922.000000
 20
1047.500000
 42
0.000000
  0
VERTEX
  8
0
 10
922.000000
 20
1036.000000
 42
0.000000
  0
VERTEX
  8
0
 10
907.500000
 20
1036.000000
 42
0.000000
  0
VERTEX
  8
0
 10
893.000000
 20
1036.000000
 42
0.000000
  0
VERTEX
  8
0
 10
893.000000
 20
1047.500000
 42
0.000000
  0
VERTEX
  8
0
 10
893.000000
 20
1059.000000
 42
0.000000
  0
VERTEX
  8
0
 10
907.500000
 20
1059.000000
 42
0.000000
  0
VERTEX
  8
0
 10
922.000000
 20
1059.000000
 42
0.000000
  0
SEQEND
  0
POLYLINE
  8
0
 66
1
 70
1
  0
VERTEX
  8
0
 10
919.000000
 20
1033.500000
 42
-0.303591
  0
VERTEX
  8
0
 10
918.479566
 20
1032.721870
 42
-0.065619
  0
VERTEX
  8
0
 10
916.833333
 20
1032.282609
 42
-0.028132
  0
VERTEX
  8
0
 10
913.719975
 20
1032.053509
 42
-0.004301
  0
VERTEX
  8
0
 10
907.500000
 20
1032.000000
 42
-0.004301
  0
VERTEX
  8
0
 10
901.280025
 20
1032.053509
 42
-0.028132
  0
VERTEX
  8
0
 10
898.166667
 20
1032.282609
 42
-0.065619
  0
VERTEX
  8
0
 10
896.520434
 20
1032.721870
 42
-0.303591
  0
VERTEX
  8
0
 10
896.000000
 20
1033.500000
 42
-0.303591
  0
VERTEX
  8
0
 10
896.520434
 20
1034.278130
 42
-0.065619
  0
VERTEX
  8
0
 10
898.166667
 20
1034.717391
 42
-0.028132
  0
VERTEX
  8
0
 10
901.280025
 20
1034.946491
 42
-0.004301
  0
VERTEX
  8
0
 10
907.500000
 20
1035.000000
 42
-0.004301
  0
VERTEX
  8
0
 10
913.719975
 20
1034.946491
 42
-0.028132
  0
VERTEX
  8
0
 10
916.833333
 20
1034.717391
 42
-0.065619
  0
VERTEX
  8
0
 10
918.479566
 20
1034.278130
 42
-0.303591
  0
SEQEND
  0
POLYLINE
  8
0
 66
1
 70
1
  0
VERTEX
  8
0
 10
926.000000
 20
989.654988
 42
0.000000
  0
VERTEX
  8
0
 10
926.000000
 20
919.309975
 42
0.000000
  0
VERTEX
  8
0
 10
928.250000
 20
917.404988
 42
0.000387
  0
VERTEX
  8
0
 10
929.888577
 20
916.019846
 42
0.264805
  0
VERTEX
  8
0
 10
929.998486
 20
915.999474
 42
0.525102
  0
VERTEX
  8
0
 10
930.017861
 20
916.069675
 42
0.000496
  0
VERTEX
  8
0
 10
928.750000
 20
917.578741
 42
-0.147327
  0
VERTEX
  8
0
 10
927.718231
 20
919.970948
 42
-0.018405
  0
VERTEX
  8
0
 10
927.273610
 20
925.671164
 42
-0.009325
  0
VERTEX
  8
0
 10
927.045486
 20
935.859415
 42
-0.000934
  0
VERTEX
  8
0
 10
927.000000
 20
960.199574
 42
0.000000
  0
VERTEX
  8
0
 10
927.000000
 20
1000.741667
 42
0.000000
  0
VERTEX
  8
0
 10
933.250000
 20
1001.424895
 42
0.008012
  0
VERTEX
  8
0
 10
935.935811
 20
1001.762130
 42
0.006271
  0
VERTEX
  8
0
 10
938.839062
 20
1002.211237
 42
0.006346
  0
VERTEX
  8
0
 10
941.530970
 20
1002.697491
 42
0.015407
  0
VERTEX
  8
0
 10
943.500000
 20
1003.142378
 42
0.033332
  0
VERTEX
  8
0
 10
947.728373
 20
1004.542033
 42
0.011626
  0
VERTEX
  8
0
 10
953.612823
 20
1007.096473
 42
0.004270
  0
VERTEX
  8
0
 10
959.583732
 20
1009.917261
 42
0.516269
  0
VERTEX
  8
0
 10
959.704274
 20
1010.629059
 42
0.278294
  0
VERTEX
  8
0
 10
959.365236
 20
1010.712943
 42
0.019102
  0
VERTEX
  8
0
 10
958.393191
 20
1010.370730
 42
0.022867
  0
VERTEX
  8
0
 10
957.202569
 20
1009.835555
 42
0.014831
  0
VERTEX
  8
0
 10
955.876032
 20
1009.114620
 42
-0.037854
  0
VERTEX
  8
0
 10
951.303178
 20
1006.895488
 42
-0.022280
  0
VERTEX
  8
0
 10
945.555098
 20
1004.916462
 42
-0.021839
  0
VERTEX
  8
0
 10
939.434075
 20
1003.396739
 42
-0.028137
  0
VERTEX
  8
0
 10
933.699713
 20
1002.568590
 42
0.000000
  0
VERTEX
  8
0
 10
926.899426
 20
1001.974324
 42
0.000000
  0
VERTEX
  8
0
 10
927.199713
 20
1007.737162
 42
0.000000
  0
VERTEX
  8
0
 10
927.500000
 20
1013.500000
 42
0.000000
  0
VERTEX
  8
0
 10
934.864334
 20
1014.234360
 42
0.022467
  0
VERTEX
  8
0
 10
942.071953
 20
1015.281824
 42
0.007844
  0
VERTEX
  8
0
 10
952.335551
 20
1017.415113
 42
0.002512
  0
VERTEX
  8
0
 10
963.040413
 20
1019.872444
 42
0.199213
  0
VERTEX
  8
0
 10
964.414461
 20
1020.861595
 42
0.648271
  0
VERTEX
  8
0
 10
964.278801
 20
1021.061281
 42
0.004202
  0
VERTEX
  8
0
 10
961.520977
 20
1020.546127
 42
0.008546
  0
VERTEX
  8
0
 10
958.107450
 20
1019.817971
 42
0.004733
  0
VERTEX
  8
0
 10
953.965469
 20
1018.818731
 42
-0.008518
  0
VERTEX
  8
0
 10
949.211912
 20
1017.709957
 42
-0.006285
  0
VERTEX
  8
0
 10
943.915450
 20
1016.638798
 42
-0.006354
  0
VERTEX
  8
0
 10
938.882294
 20
1015.752680
 42
-0.014124
  0
VERTEX
  8
0
 10
935.024520
 20
1015.235313
 42
0.000000
  0
VERTEX
  8
0
 10
926.959004
 20
1014.384755
 42
0.000000
  0
VERTEX
  8
0
 10
927.229502
 20
1033.942377
 42
0.000000
  0
VERTEX
  8
0
 10
927.500000
 20
1053.500000
 42
0.000000
  0
VERTEX
  8
0
 10
982.750000
 20
1053.758467
 42
0.000000
  0
VERTEX
  8
0
 10
1038.000000
 20
1054.016934
 42
0.000000
  0
VERTEX
  8
0
 10
1038.000000
 20
1042.008467
 42
-0.004069
  0
VERTEX
  8
0
 10
1037.946976
 20
1035.493475
 42
-0.027004
  0
VERTEX
  8
0
 10
1037.718772
 20
1032.251411
 42
-0.062414
  0
VERTEX
  8
0
 10
1037.282046
 20
1030.533418
 42
-0.308568
  0
VERTEX
  8
0
 10
1036.500000
 20
1030.000000
 42
-0.298365
  0
VERTEX
  8
0
 10
1035.725845
 20
1030.507104
 42
-0.068970
  0
VERTEX
  8
0
 10
1035.284091
 20
1032.083333
 42
-0.029335
  0
VERTEX
  8
0
 10
1035.054031
 20
1035.070071
 42
-0.004556
  0
VERTEX
  8
0
 10
1035.000000
 20
1041.000000
 42
0.000000
  0
VERTEX
  8
0
 10
1035.000000
 20
1052.000000
 42
0.000000
  0
VERTEX
  8
0
 10
1011.500000
 20
1052.000000
 42
0.000000
  0
VERTEX
  8
0
 10
988.000000
 20
1052.000000
 42
0.000000
  0
VERTEX
  8
0
 10
988.000000
 20
1040.500000
 42
0.000000
  0
VERTEX
  8
0
 10
988.000000
 20
1029.000000
 42
0.000000
  0
VERTEX
  8
0
 10
1013.000000
 20
1029.000000
 42
-0.001765
  0
VERTEX
  8
0
 10
1026.787588
 20
1028.951323
 42
-0.012700
  0
VERTEX
  8
0
 10
1033.433791
 20
1028.735520
 42
-0.018580
  0
VERTEX
  8
0
 10
1037.284826
 20
1028.368516
 42
-0.376011
  0
VERTEX
  8
0
 10
1038.000000
 20
1027.551970
 42
-0.383971
  0
VERTEX
  8
0
 10
1037.241326
 20
1026.709694
 42
-0.011906
  0
VERTEX
  8
0
 10
1032.207139
 20
1026.303382
 42
-0.010001
  0
VERTEX
  8
0
 10
1023.771815
 20
1025.993471
 42
-0.001386
  0
VERTEX
  8
0
 10
1006.250000
 20
1025.749028
 42
0.002284
  0
VERTEX
  8
0
 10
991.522215
 20
1025.517112
 42
0.006326
  0
VERTEX
  8
0
 10
981.165276
 20
1025.175563
 42
0.006562
  0
VERTEX
  8
0
 10
973.769433
 20
1024.740615
 42
0.061888
  0
VERTEX
  8
0
 10
970.656229
 20
1024.124163
 42
0.012772
  0
VERTEX
  8
0
 10
967.332659
 20
1022.931097
 42
0.731332
  0
VERTEX
  8
0
 10
967.359955
 20
1022.493413
 42
0.119049
  0
VERTEX
  8
0
 10
968.855115
 20
1022.480497
 42
0.007938
  0
VERTEX
  8
0
 10
973.046503
 20
1023.524962
 42
-0.004612
  0
VERTEX
  8
0
 10
978.497916
 20
1024.921998
 42
-0.142856
  0
VERTEX
  8
0
 10
979.879170
 20
1024.863753
 42
-0.662758
  0
VERTEX
  8
0
 10
979.918556
 20
1024.334479
 42
-0.009702
  0
VERTEX
  8
0
 10
976.132662
 20
1022.481873
 42
0.018787
  0
VERTEX
  8
0
 10
973.736969
 20
1021.255125
 42
0.011011
  0
VERTEX
  8
0
 10
970.961190
 20
1019.618137
 42
0.011003
  0
VERTEX
  8
0
 10
968.253097
 20
1017.855982
 42
0.018358
  0
VERTEX
  8
0
 10
966.064761
 20
1016.241642
 42
0.000000
  0
VERTEX
  8
0
 10
961.364196
 20
1012.500000
 42
0.000000
  0
VERTEX
  8
0
 10
999.682098
 20
1012.783999
 42
0.000000
  0
VERTEX
  8
0
 10
1038.000000
 20
1013.067998
 42
0.000000
  0
VERTEX
  8
0
 10
1038.000000
 20
966.156444
 42
-0.001044
  0
VERTEX
  8
0
 10
1037.948313
 20
941.395664
 42
-0.005938
  0
VERTEX
  8
0
 10
1037.736918
 20
928.226283
 42
-0.004529
  0
VERTEX
  8
0
 10
1037.419982
 20
919.660605
 42
-0.211061
  0
VERTEX
  8
0
 10
1036.658482
 20
918.131528
 42
-0.166638
  0
VERTEX
  8
0
 10
1035.163544
 20
917.564588
 42
-0.001575
  0
VERTEX
  8
0
 10
1023.291834
 20
917.219132
 42
-0.003967
  0
VERTEX
  8
0
 10
1007.377102
 20
916.932535
 42
-0.001226
  0
VERTEX
  8
0
 10
983.408482
 20
916.749885
 42
0.000000
  0
VERTEX
  8
0
 10
931.500000
 20
916.481604
 42
0.000000
  0
VERTEX
  8
0
 10
983.678571
 20
916.240802
 42
0.000754
  0
VERTEX
  8
0
 10
1014.006134
 20
916.146561
 42
0.006619
  0
VERTEX
  8
0
 10
1027.433618
 20
916.302845
 42
0.008591
  0
VERTEX
  8
0
 10
1035.337101
 20
916.635447
 42
0.183561
  0
VERTEX
  8
0
 10
1037.435536
 20
917.578393
 42
0.188157
  0
VERTEX
  8
0
 10
1038.401444
 20
919.780050
 42
0.005597
  0
VERTEX
  8
0
 10
1038.711918
 20
930.032511
 42
0.005157
  0
VERTEX
  8
0
 10
1038.862752
 20
947.237966
 42
0.000563
  0
VERTEX
  8
0
 10
1038.756964
 20
986.828393
 42
0.000000
  0
VERTEX
  8
0
 10
1038.500000
 20
1054.500000
 42
0.000000
  0
VERTEX
  8
0
 10
982.750000
 20
1054.758396
 42
-0.000490
  0
VERTEX
  8
0
 10
946.267297
 20
1054.963223
 42
-0.008399
  0
VERTEX
  8
0
 10
934.310078
 20
1055.242962
 42
-0.018469
  0
VERTEX
  8
0
 10
928.142175
 20
1055.719586
 42
-0.381189
  0
VERTEX
  8
0
 10
927.000000
 20
1057.000070
 42
-0.381584
  0
VERTEX
  8
0
 10
928.145004
 20
1058.281943
 42
-0.018176
  0
VERTEX
  8
0
 10
934.374167
 20
1058.758327
 42
-0.008324
  0
VERTEX
  8
0
 10
946.436847
 20
1059.039827
 42
-0.000485
  0
VERTEX
  8
0
 10
983.250000
 20
1059.250169
 42
0.000000
  0
VERTEX
  8
0
 10
1039.500000
 20
1059.516989
 42
0.000000
  0
VERTEX
  8
0
 10
982.750000
 20
1059.758495
 42
0.000000
  0
VERTEX
  8
0
 10
926.000000
 20
1060.000000
 42
0.000000
  0
SEQEND
  0
POLYLINE
  8
0
 66
1
 70
1
  0
VERTEX
  8
0
 10
1033.375000
 20
1047.875000
 42
-0.019244
  0
VERTEX
  8
0
 10
1033.615115
 20
1046.376739
 42
-0.008971
  0
VERTEX
  8
0
 10
1033.816406
 20
1044.419531
 42
-0.008873
  0
VERTEX
  8
0
 10
1033.954479
 20
1042.355595
 42
-0.012264
  0
VERTEX
  8
0
 10
1034.000000
 20
1040.500000
 42
-0.012264
  0
VERTEX
  8
0
 10
1033.954479
 20
1038.644405
 42
-0.008873
  0
VERTEX
  8
0
 10
1033.816406
 20
1036.580469
 42
-0.008971
  0
VERTEX
  8
0
 10
1033.615115
 20
1034.623261
 42
-0.019244
  0
VERTEX
  8
0
 10
1033.375000
 20
1033.125000
 42
0.000000
  0
VERTEX
  8
0
 10
1032.750000
 20
1030.000000
 42
0.000000
  0
VERTEX
  8
0
 10
1011.503831
 20
1030.000000
 42
0.000000
  0
VERTEX
  8
0
 10
990.257661
 20
1030.000000
 42
0.000000
  0
VERTEX
  8
0
 10
989.575070
 20
1035.145629
 42
-0.020714
  0
VERTEX
  8
0
 10
989.361239
 20
1037.502920
 42
-0.011937
  0
VERTEX
  8
0
 10
989.289503
 20
1040.352576
 42
-0.011914
  0
VERTEX
  8
0
 10
989.354170
 20
1043.222170
 42
-0.019487
  0
VERTEX
  8
0
 10
989.561462
 20
1045.645629
 42
0.000000
  0
VERTEX
  8
0
 10
990.230447
 20
1051.000000
 42
0.000000
  0
VERTEX
  8
0
 10
1011.490223
 20
1051.000000
 42
0.000000
  0
VERTEX
  8
0
 10
1032.750000
 20
1051.000000
 42
0.000000
  0
SEQEND
  0
POLYLINE
  8
0
 66
1
 70
1
  0
VERTEX
  8
0
 10
1038.000000
 20
1019.500000
 42
0.000000
  0
VERTEX
  8
0
 10
1038.000000
 20
1014.000000
 42
0.000000
  0
VERTEX
  8
0
 10
1001.250000
 20
1014.022236
 42
0.000000
  0
VERTEX
  8
0
 10
964.500000
 20
1014.044472
 42
0.000000
  0
VERTEX
  8
0
 10
967.000000
 20
1016.056248
 42
-0.031210
  0
VERTEX
  8
0
 10
969.959795
 20
1018.147931
 42
-0.018302
  0
VERTEX
  8
0
 10
973.733790
 20
1020.289812
 42
-0.018079
  0
VERTEX
  8
0
 10
977.758527
 20
1022.201587
 42
-0.025065
  0
VERTEX
  8
0
 10
981.500000
 20
1023.597855
 42
-0.057224
  0
VERTEX
  8
0
 10
984.559610
 20
1024.194964
 42
-0.008575
  0
VERTEX
  8
0
 10
990.819723
 20
1024.578953
 42
-0.007540
  0
VERTEX
  8
0
 10
999.547768
 20
1024.832423
 42
-0.002851
  0
VERTEX
  8
0
 10
1011.750000
 20
1024.933104
 42
0.000000
  0
VERTEX
  8
0
 10
1038.000000
 20
1025.000000
 42
0.000000
  0
SEQEND
  0
POLYLINE
  8
0
 66
1
 70
1
  0
VERTEX
  8
0
 10
1042.000000
 20
1047.500000
 42
0.003867
  0
VERTEX
  8
0
 10
1042.052594
 20
1040.699767
 42
0.025996
  0
VERTEX
  8
0
 10
1042.280000
 20
1037.333333
 42
0.059500
  0
VERTEX
  8
0
 10
1042.714283
 20
1035.545446
 42
0.313079
  0
VERTEX
  8
0
 10
1043.500000
 20
1035.000000
 42
-0.130775
  0
VERTEX
  8
0
 10
1044.075754
 20
1034.846791
 42
-0.102140
  0
VERTEX
  8
0
 10
1044.562500
 20
1034.416667
 42
-0.088920
  0
VERTEX
  8
0
 10
1044.888136
 20
1033.769411
 42
-0.072314
  0
VERTEX
  8
0
 10
1045.000000
 20
1033.000000
 42
0.087508
  0
VERTEX
  8
0
 10
1045.179882
 20
1031.980065
 42
0.193749
  0
VERTEX
  8
0
 10
1045.698745
 20
1031.402484
 42
0.106846
  0
VERTEX
  8
0
 10
1046.725725
 20
1031.147613
 42
0.018259
  0
VERTEX
  8
0
 10
1048.750000
 20
1031.160037
 42
0.000452
  0
VERTEX
  8
0
 10
1051.426656
 20
1031.276691
 42
0.202828
  0
VERTEX
  8
0
 10
1051.584473
 20
1031.351893
 42
0.602997
  0
VERTEX
  8
0
 10
1051.553502
 20
1031.434336
 42
0.000683
  0
VERTEX
  8
0
 10
1049.250000
 20
1031.723396
 42
-0.070602
  0
VERTEX
  8
0
 10
1047.043772
 20
1032.320795
 42
-0.226861
  0
VERTEX
  8
0
 10
1046.067550
 20
1033.435603
 42
-0.323368
  0
VERTEX
  8
0
 10
1046.482841
 20
1034.564662
 42
-0.100978
  0
VERTEX
  8
0
 10
1048.250000
 20
1035.294267
 42
0.046718
  0
VERTEX
  8
0
 10
1048.893999
 20
1035.481997
 42
0.684758
  0
VERTEX
  8
0
 10
1048.892826
 20
1035.648031
 42
0.074062
  0
VERTEX
  8
0
 10
1048.263733
 20
1035.785430
 42
0.007720
  0
VERTEX
  8
0
 10
1046.750000
 20
1035.863818
 42
0.000000
  0
VERTEX
  8
0
 10
1043.000000
 20
1036.000000
 42
0.000000
  0
VERTEX
  8
0
 10
1043.000000
 20
1047.468265
 42
0.000000
  0
VERTEX
  8
0
 10
1043.000000
 20
1058.936529
 42
0.000000
  0
VERTEX
  8
0
 10
1054.750000
 20
1059.253232
 42
0.000000
  0
VERTEX
  8
0
 10
1066.500000
 20
1059.569935
 42
0.000000
  0
VERTEX
  8
0
 10
1054.250000
 20
1059.784967
 42
0.000000
  0
VERTEX
  8
0
 10
1042.000000
 20
1060.000000
 42
0.000000
  0
SEQEND
  0
POLYLINE
  8
0
 66
1
 70
1
  0
VERTEX
  8
0
 10
1070.750000
 20
1059.294267
 42
-0.149262
  0
VERTEX
  8
0
 10
1072.020057
 20
1058.622347
 42
-0.151014
  0
VERTEX
  8
0
 10
1072.691014
 20
1057.358598
 42
-0.043941
  0
VERTEX
  8
0
 10
1072.953998
 20
1054.750481
 42
-0.003167
  0
VERTEX
  8
0
 10
1073.000000
 20
1047.487947
 42
0.000000
  0
VERTEX
  8
0
 10
1073.000000
 20
1036.114996
 42
0.000000
  0
VERTEX
  8
0
 10
1068.750000
 20
1035.732205
 42
0.000000
  0
VERTEX
  8
0
 10
1064.500000
 20
1035.349414
 42
0.000000
  0
VERTEX
  8
0
 10
1069.250000
 20
1035.174707
 42
0.000000
  0
VERTEX
  8
0
 10
1074.000000
 20
1035.000000
 42
0.000000
  0
VERTEX
  8
0
 10
1074.000000
 20
1047.500000
 42
0.000000
  0
VERTEX
  8
0
 10
1074.000000
 20
1060.000000
 42
0.000000
  0
VERTEX
  8
0
 10
1071.250000
 20
1059.863818
 42
0.002047
  0
VERTEX
  8
0
 10
1069.598669
 20
1059.775265
 42
0.200802
  0
VERTEX
  8
0
 10
1069.392379
 20
1059.674595
 42
0.574721
  0
VERTEX
  8
0
 10
1069.431321
 20
1059.558172
 42
0.003620
  0
SEQEND
  0
POLYLINE
  8
0
 66
1
 70
1
  0
VERTEX
  8
0
 10
931.000000
 20
1040.500000
 42
0.000000
  0
VERTEX
  8
0
 10
931.000000
 20
1029.000000
 42
0.000000
  0
VERTEX
  8
0
 10
958.000000
 20
1029.000000
 42
0.000000
  0
VERTEX
  8
0
 10
985.000000
 20
1029.000000
 42
0.000000
  0
VERTEX
  8
0
 10
985.000000
 20
1040.500000
 42
0.000000
  0
VERTEX
  8
0
 10
985.000000
 20
1052.000000
 42
0.000000
  0
VERTEX
  8
0
 10
958.000000
 20
1052.000000
 42
0.000000
  0
VERTEX
  8
0
 10
931.000000
 20
1052.000000
 42
0.000000
  0
SEQEND
  0
POLYLINE
  8
0
 66
1
 70
1
  0
VERTEX
  8
0
 10
983.375000
 20
1047.875000
 42
-0.019244
  0
VERTEX
  8
0
 10
983.615115
 20
1046.376739
 42
-0.008971
  0
VERTEX
  8
0
 10
983.816406
 20
1044.419531
 42
-0.008873
  0
VERTEX
  8
0
 10
983.954479
 20
1042.355595
 42
-0.012264
  0
VERTEX
  8
0
 10
984.000000
 20
1040.500000
 42
-0.012264
  0
VERTEX
  8
0
 10
983.954479
 20
1038.644405
 42
-0.008873
  0
VERTEX
  8
0
 10
983.816406
 20
1036.580469
 42
-0.008971
  0
VERTEX
  8
0
 10
983.615115
 20
1034.623261
 42
-0.019244
  0
VERTEX
  8
0
 10
983.375000
 20
1033.125000
 42
0.000000
  0
VERTEX
  8
0
 10
982.750000
 20
1030.000000
 42
0.000000
  0
VERTEX
  8
0
 10
957.625000
 20
1030.000000
 42
0.000000
  0
VERTEX
  8
0
 10
932.500000
 20
1030.000000
 42
0.000000
  0
VERTEX
  8
0
 10
932.500000
 20
1040.500000
 42
0.000000
  0
VERTEX
  8
0
 10
932.500000
 20
1051.000000
 42
0.000000
  0
VERTEX
  8
0
 10
957.625000
 20
1051.000000
 42
0.000000
  0
VERTEX
  8
0
 10
982.750000
 20
1051.000000
 42
0.000000
  0
SEQEND
  0
POLYLINE
  8
0
 66
1
 70
1
  0
VERTEX
  8
0
 10
1053.767909
 20
1035.275269
 42
0.018638
  0
VERTEX
  8
0
 10
1055.218327
 20
1035.150328
 42
0.012590
  0
VERTEX
  8
0
 10
1056.878422
 20
1035.111345
 42
0.012695
  0
VERTEX
  8
0
 10
1058.487453
 20
1035.154945
 42
0.024559
  0
VERTEX
  8
0
 10
1059.767909
 20
1035.285474
 42
0.212532
  0
VERTEX
  8
0
 10
1060.000181
 20
1035.434198
 42
0.556092
  0
VERTEX
  8
0
 10
1059.934948
 20
1035.575472
 42
0.025342
  0
VERTEX
  8
0
 10
1058.655786
 20
1035.668409
 42
0.005888
  0
VERTEX
  8
0
 10
1056.500000
 20
1035.690131
 42
0.005499
  0
VERTEX
  8
0
 10
1054.352754
 20
1035.662864
 42
0.031761
  0
VERTEX
  8
0
 10
1053.222448
 20
1035.564056
 42
0.756877
  0
VERTEX
  8
0
 10
1053.205163
 20
1035.425738
 42
0.069146
  0
SEQEND
  0
POLYLINE
  8
0
 66
1
 70
1
  0
VERTEX
  8
0
 10
1068.210573
 20
1032.461963
 42
0.017756
  0
VERTEX
  8
0
 10
1067.553366
 20
1031.661216
 42
0.208212
  0
VERTEX
  8
0
 10
1067.459106
 20
1031.278020
 42
0.325335
  0
VERTEX
  8
0
 10
1067.687524
 20
1031.055481
 42
0.035838
  0
VERTEX
  8
0
 10
1068.460573
 20
1031.000000
 42
0.096419
  0
VERTEX
  8
0
 10
1069.048138
 20
1031.114368
 42
0.097291
  0
VERTEX
  8
0
 10
1069.547793
 20
1031.440625
 42
0.098537
  0
VERTEX
  8
0
 10
1069.882332
 20
1031.927600
 42
0.101721
  0
VERTEX
  8
0
 10
1070.000000
 20
1032.500000
 42
0.019434
  0
VERTEX
  8
0
 10
1069.955338
 20
1033.648652
 42
0.397768
  0
VERTEX
  8
0
 10
1069.719977
 20
1033.861798
 42
0.201684
  0
VERTEX
  8
0
 10
1069.322999
 20
1033.684860
 42
0.007679
  0
SEQEND
  0
POLYLINE
  8
0
 66
1
 70
1
  0
VERTEX
  8
0
 10
1055.767909
 20
1031.275269
 42
0.018638
  0
VERTEX
  8
0
 10
1057.218327
 20
1031.150328
 42
0.012590
  0
VERTEX
  8
0
 10
1058.878422
 20
1031.111345
 42
0.012695
  0
VERTEX
  8
0
 10
1060.487453
 20
1031.154945
 42
0.024559
  0
VERTEX
  8
0
 10
1061.767909
 20
1031.285474
 42
0.212532
  0
VERTEX
  8
0
 10
1062.000181
 20
1031.434198
 42
0.556092
  0
VERTEX
  8
0
 10
1061.934948
 20
1031.575472
 42
0.025342
  0
VERTEX
  8
0
 10
1060.655786
 20
1031.668409
 42
0.005888
  0
VERTEX
  8
0
 10
1058.500000
 20
1031.690131
 42
0.005499
  0
VERTEX
  8
0
 10
1056.352754
 20
1031.662864
 42
0.031761
  0
VERTEX
  8
0
 10
1055.222448
 20
1031.564056
 42
0.756877
  0
VERTEX
  8
0
 10
1055.205163
 20
1031.425738
 42
0.069146
  0
SEQEND
  0
POLYLINE
  8
0
 66
1
 70
1
  0
VERTEX
  8
0
 10
882.680603
 20
740.251008
 42
0.001878
  0
VERTEX
  8
0
 10
893.732232
 20
740.161685
 42
0.001080
  0
VERTEX
  8
0
 10
907.048852
 20
740.132829
 42
0.001079
  0
VERTEX
  8
0
 10
920.426144
 20
740.161600
 42
0.001803
  0
VERTEX
  8
0
 10
931.680603
 20
740.250667
 42
0.010823
  0
VERTEX
  8
0
 10
934.817657
 20
740.354742
 42
0.967220
  0
VERTEX
  8
0
 10
934.815552
 20
740.452690
 42
0.002475
  0
VERTEX
  8
0
 10
925.066956
 20
740.519835
 42
0.000483
  0
VERTEX
  8
0
 10
907.500000
 20
740.536917
 42
0.000488
  0
VERTEX
  8
0
 10
889.923655
 20
740.519895
 42
0.002394
  0
VERTEX
  8
0
 10
879.996802
 20
740.453072
 42
0.962302
  0
VERTEX
  8
0
 10
879.994155
 20
740.354695
 42
0.013371
  0
SEQEND
  0
POLYLINE
  8
0
 66
1
 70
1
  0
VERTEX
  8
0
 10
986.250000
 20
740.250616
 42
0.001541
  0
VERTEX
  8
0
 10
999.337868
 20
740.162917
 42
0.000904
  0
VERTEX
  8
0
 10
1015.000000
 20
740.134585
 42
0.000904
  0
VERTEX
  8
0
 10
1030.662132
 20
740.162917
 42
0.001541
  0
VERTEX
  8
0
 10
1043.750000
 20
740.250616
 42
0.010054
  0
VERTEX
  8
0
 10
1047.166004
 20
740.352756
 42
0.970546
  0
VERTEX
  8
0
 10
1047.164062
 20
740.449274
 42
0.002039
  0
VERTEX
  8
0
 10
1035.619526
 20
740.515136
 42
0.000407
  0
VERTEX
  8
0
 10
1015.000000
 20
740.531902
 42
0.000407
  0
VERTEX
  8
0
 10
994.380474
 20
740.515136
 42
0.002039
  0
VERTEX
  8
0
 10
982.835938
 20
740.449274
 42
0.970546
  0
VERTEX
  8
0
 10
982.833996
 20
740.352756
 42
0.010054
  0
SEQEND
  0
POLYLINE
  8
0
 66
1
 70
1
  0
VERTEX
  8
0
 10
1079.250000
 20
740.261012
 42
0.009864
  0
VERTEX
  8
0
 10
1081.867693
 20
740.148534
 42
0.005804
  0
VERTEX
  8
0
 10
1085.000000
 20
740.112174
 42
0.005804
  0
VERTEX
  8
0
 10
1088.132307
 20
740.148534
 42
0.009864
  0
VERTEX
  8
0
 10
1090.750000
 20
740.261012
 42
0.061613
  0
VERTEX
  8
0
 10
1091.448108
 20
740.392190
 42
0.829596
  0
VERTEX
  8
0
 10
1091.432812
 20
740.515840
 42
0.013058
  0
VERTEX
  8
0
 10
1089.123307
 20
740.600303
 42
0.002611
  0
VERTEX
  8
0
 10
1085.000000
 20
740.621831
 42
0.002611
  0
VERTEX
  8
0
 10
1080.876693
 20
740.600303
 42
0.013058
  0
VERTEX
  8
0
 10
1078.567188
 20
740.515840
 42
0.829596
  0
VERTEX
  8
0
 10
1078.551892
 20
740.392190
 42
0.061613
  0
SEQEND
  0
POLYLINE
  8
0
 66
1
 70
1
  0
VERTEX
  8
0
 10
759.342810
 20
532.500000
 42
0.003921
  0
VERTEX
  8
0
 10
759.367640
 20
529.635274
 42
0.022011
  0
VERTEX
  8
0
 10
759.460299
 20
528.106202
 42
0.807686
  0
VERTEX
  8
0
 10
759.591560
 20
528.092045
 42
0.057523
  0
VERTEX
  8
0
 10
759.733497
 20
528.776433
 42
0.013671
  0
VERTEX
  8
0
 10
759.852417
 20
530.684837
 42
0.008930
  0
VERTEX
  8
0
 10
759.889991
 20
532.890462
 42
0.008983
  0
VERTEX
  8
0
 10
759.849527
 20
535.043501
 42
0.016947
  0
VERTEX
  8
0
 10
759.726893
 20
536.776433
 42
0.153636
  0
VERTEX
  8
0
 10
759.586732
 20
537.099419
 42
0.661512
  0
VERTEX
  8
0
 10
759.452910
 20
537.056202
 42
0.018464
  0
VERTEX
  8
0
 10
759.364217
 20
535.373175
 42
0.004138
  0
SEQEND
  0
POLYLINE
  8
0
 66
1
 70
1
  0
VERTEX
  8
0
 10
735.250000
 20
523.256692
 42
0.006921
  0
VERTEX
  8
0
 10
738.778111
 20
523.150439
 42
0.004066
  0
VERTEX
  8
0
 10
743.000000
 20
523.116103
 42
0.004066
  0
VERTEX
  8
0
 10
747.221889
 20
523.150439
 42
0.006921
  0
VERTEX
  8
0
 10
750.750000
 20
523.256692
 42
0.044194
  0
VERTEX
  8
0
 10
751.680663
 20
523.380523
 42
0.875756
  0
VERTEX
  8
0
 10
751.670313
 20
523.497396
 42
0.009159
  0
VERTEX
  8
0
 10
748.557921
 20
523.577187
 42
0.001828
  0
VERTEX
  8
0
 10
743.000000
 20
523.597512
 42
0.001828
  0
VERTEX
  8
0
 10
737.442079
 20
523.577187
 42
0.009159
  0
VERTEX
  8
0
 10
734.329687
 20
523.497396
 42
0.875756
  0
VERTEX
  8
0
 10
734.319337
 20
523.380523
 42
0.044194
  0
SEQEND
  0
POLYLINE
  8
0
 66
1
 70
1
  0
VERTEX
  8
0
 10
771.244557
 20
434.250000
 42
0.000000
  0
VERTEX
  8
0
 10
771.489115
 20
344.500000
 42
0.000000
  0
VERTEX
  8
0
 10
771.749932
 20
433.750000
 42
0.000000
  0
VERTEX
  8
0
 10
772.010749
 20
523.000000
 42
0.000000
  0
VERTEX
  8
0
 10
809.000113
 20
523.000000
 42
0.000000
  0
VERTEX
  8
0
 10
845.989477
 20
523.000000
 42
0.000000
  0
VERTEX
  8
0
 10
846.250065
 20
431.750000
 42
0.000000
  0
VERTEX
  8
0
 10
846.510653
 20
340.500000
 42
0.000000
  0
VERTEX
  8
0
 10
846.755327
 20
432.250000
 42
0.000000
  0
VERTEX
  8
0
 10
847.000000
 20
524.000000
 42
0.000000
  0
VERTEX
  8
0
 10
809.000000
 20
524.000000
 42
0.000000
  0
VERTEX
  8
0
 10
771.000000
 20
524.000000
 42
0.000000
  0
SEQEND
  0
POLYLINE
  8
0
 66
1
 70
1
  0
VERTEX
  8
0
 10
759.365231
 20
512.500000
 42
0.003015
  0
VERTEX
  8
0
 10
759.388524
 20
508.918009
 42
0.016608
  0
VERTEX
  8
0
 10
759.476803
 20
506.989535
 42
0.841704
  0
VERTEX
  8
0
 10
759.602748
 20
506.977848
 42
0.048634
  0
VERTEX
  8
0
 10
759.738404
 20
507.783522
 42
0.010684
  0
VERTEX
  8
0
 10
759.852659
 20
510.149439
 42
0.006840
  0
VERTEX
  8
0
 10
759.888995
 20
512.900475
 42
0.006873
  0
VERTEX
  8
0
 10
759.850642
 20
515.597616
 42
0.012749
  0
VERTEX
  8
0
 10
759.733670
 20
517.783522
 42
0.114190
  0
VERTEX
  8
0
 10
759.599622
 20
518.207311
 42
0.736116
  0
VERTEX
  8
0
 10
759.471507
 20
518.177035
 42
0.014373
  0
VERTEX
  8
0
 10
759.386166
 20
516.090507
 42
0.003152
  0
SEQEND
  0
POLYLINE
  8
0
 66
1
 70
1
  0
VERTEX
  8
0
 10
774.365231
 20
512.500000
 42
0.003015
  0
VERTEX
  8
0
 10
774.388524
 20
508.918009
 42
0.016608
  0
VERTEX
  8
0
 10
774.476803
 20
506.989535
 42
0.841704
  0
VERTEX
  8
0
 10
774.602748
 20
506.977848
 42
0.048634
  0
VERTEX
  8
0
 10
774.738404
 20
507.783522
 42
0.010684
  0
VERTEX
  8
0
 10
774.852659
 20
510.149439
 42
0.006840
  0
VERTEX
  8
0
 10
774.888995
 20
512.900475
 42
0.006873
  0
VERTEX
  8
0
 10
774.850642
 20
515.597616
 42
0.012749
  0
VERTEX
  8
0
 10
774.733670
 20
517.783522
 42
0.114190
  0
VERTEX
  8
0
 10
774.599622
 20
518.207311
 42
0.736116
  0
VERTEX
  8
0
 10
774.471507
 20
518.177035
 42
0.014373
  0
VERTEX
  8
0
 10
774.386166
 20
516.090507
 42
0.003152
  0
SEQEND
  0
POLYLINE
  8
0
 66
1
 70
1
  0
VERTEX
  8
0
 10
735.250000
 20
501.256692
 42
0.006921
  0
VERTEX
  8
0
 10
738.778111
 20
501.150439
 42
0.004066
  0
VERTEX
  8
0
 10
743.000000
 20
501.116103
 42
0.004066
  0
VERTEX
  8
0
 10
747.221889
 20
501.150439
 42
0.006921
  0
VERTEX
  8
0
 10
750.750000
 20
501.256692
 42
0.044194
  0
VERTEX
  8
0
 10
751.680663
 20
501.380523
 42
0.875756
  0
VERTEX
  8
0
 10
751.670313
 20
501.497396
 42
0.009159
  0
VERTEX
  8
0
 10
748.557921
 20
501.577187
 42
0.001828
  0
VERTEX
  8
0
 10
743.000000
 20
501.597512
 42
0.001828
  0
VERTEX
  8
0
 10
737.442079
 20
501.577187
 42
0.009159
  0
VERTEX
  8
0
 10
734.329687
 20
501.497396
 42
0.875756
  0
VERTEX
  8
0
 10
734.319337
 20
501.380523
 42
0.044194
  0
SEQEND
  0
POLYLINE
  8
0
 66
1
 70
1
  0
VERTEX
  8
0
 10
792.685495
 20
501.251884
 42
0.002762
  0
VERTEX
  8
0
 10
800.552043
 20
501.158681
 42
0.001577
  0
VERTEX
  8
0
 10
810.055762
 20
501.128546
 42
0.001574
  0
VERTEX
  8
0
 10
819.619224
 20
501.158487
 42
0.002611
  0
VERTEX
  8
0
 10
827.685495
 20
501.251262
 42
0.015191
  0
VERTEX
  8
0
 10
829.988807
 20
501.359836
 42
0.953663
  0
VERTEX
  8
0
 10
829.985739
 20
501.461862
 42
0.003635
  0
VERTEX
  8
0
 10
823.046645
 20
501.531953
 42
0.000703
  0
VERTEX
  8
0
 10
810.500000
 20
501.549820
 42
0.000713
  0
VERTEX
  8
0
 10
797.944106
 20
501.532133
 42
0.003472
  0
VERTEX
  8
0
 10
790.829489
 20
501.462558
 42
0.943916
  0
VERTEX
  8
0
 10
790.825282
 20
501.359917
 42
0.020323
  0
SEQEND
  0
POLYLINE
  8
0
 66
1
 70
1
  0
VERTEX
  8
0
 10
759.369965
 20
490.000000
 42
0.002911
  0
VERTEX
  8
0
 10
759.391883
 20
486.235377
 42
0.014551
  0
VERTEX
  8
0
 10
759.477852
 20
484.126563
 42
0.813012
  0
VERTEX
  8
0
 10
759.603678
 20
484.109382
 42
0.067956
  0
VERTEX
  8
0
 10
759.737242
 20
484.750000
 42
0.010990
  0
VERTEX
  8
0
 10
759.851729
 20
487.140095
 42
0.006471
  0
VERTEX
  8
0
 10
759.888744
 20
490.000000
 42
0.006471
  0
VERTEX
  8
0
 10
759.851729
 20
492.859905
 42
0.010990
  0
VERTEX
  8
0
 10
759.737242
 20
495.250000
 42
0.067956
  0
VERTEX
  8
0
 10
759.603678
 20
495.890618
 42
0.813012
  0
VERTEX
  8
0
 10
759.477852
 20
495.873437
 42
0.014551
  0
VERTEX
  8
0
 10
759.391883
 20
493.764623
 42
0.002911
  0
SEQEND
  0
POLYLINE
  8
0
 66
1
 70
1
  0
VERTEX
  8
0
 10
774.369965
 20
490.000000
 42
0.002911
  0
VERTEX
  8
0
 10
774.391883
 20
486.235377
 42
0.014551
  0
VERTEX
  8
0
 10
774.477852
 20
484.126563
 42
0.813012
  0
VERTEX
  8
0
 10
774.603678
 20
484.109382
 42
0.067956
  0
VERTEX
  8
0
 10
774.737242
 20
484.750000
 42
0.010990
  0
VERTEX
  8
0
 10
774.851729
 20
487.140095
 42
0.006471
  0
VERTEX
  8
0
 10
774.888744
 20
490.000000
 42
0.006471
  0
VERTEX
  8
0
 10
774.851729
 20
492.859905
 42
0.010990
  0
VERTEX
  8
0
 10
774.737242
 20
495.250000
 42
0.067956
  0
VERTEX
  8
0
 10
774.603678
 20
495.890618
 42
0.813012
  0
VERTEX
  8
0
 10
774.477852
 20
495.873437
 42
0.014551
  0
VERTEX
  8
0
 10
774.391883
 20
493.764623
 42
0.002911
  0
SEQEND
  0
POLYLINE
  8
0
 66
1
 70
1
  0
VERTEX
  8
0
 10
698.250000
 20
478.255432
 42
0.005996
  0
VERTEX
  8
0
 10
702.233329
 20
478.151523
 42
0.003522
  0
VERTEX
  8
0
 10
707.000000
 20
478.117947
 42
0.003522
  0
VERTEX
  8
0
 10
711.766671
 20
478.151523
 42
0.005996
  0
VERTEX
  8
0
 10
715.750000
 20
478.255432
 42
0.038501
  0
VERTEX
  8
0
 10
716.797878
 20
478.376512
 42
0.891106
  0
VERTEX
  8
0
 10
716.789062
 20
478.490823
 42
0.007935
  0
VERTEX
  8
0
 10
713.275186
 20
478.568856
 42
0.001583
  0
VERTEX
  8
0
 10
707.000000
 20
478.588730
 42
0.001583
  0
VERTEX
  8
0
 10
700.724814
 20
478.568856
 42
0.007935
  0
VERTEX
  8
0
 10
697.210938
 20
478.490823
 42
0.891106
  0
VERTEX
  8
0
 10
697.202122
 20
478.376512
 42
0.038501
  0
SEQEND
  0
POLYLINE
  8
0
 66
1
 70
1
  0
VERTEX
  8
0
 10
735.250000
 20
478.256692
 42
0.006921
  0
VERTEX
  8
0
 10
738.778111
 20
478.150439
 42
0.004066
  0
VERTEX
  8
0
 10
743.000000
 20
478.116103
 42
0.004066
  0
VERTEX
  8
0
 10
747.221889
 20
478.150439
 42
0.006921
  0
VERTEX
  8
0
 10
750.750000
 20
478.256692
 42
0.044194
  0
VERTEX
  8
0
 10
751.680663
 20
478.380523
 42
0.875756
  0
VERTEX
  8
0
 10
751.670313
 20
478.497396
 42
0.009159
  0
VERTEX
  8
0
 10
748.557921
 20
478.577187
 42
0.001828
  0
VERTEX
  8
0
 10
743.000000
 20
478.597512
 42
0.001828
  0
VERTEX
  8
0
 10
737.442079
 20
478.577187
 42
0.009159
  0
VERTEX
  8
0
 10
734.329687
 20
478.497396
 42
0.875756
  0
VERTEX
  8
0
 10
734.319337
 20
478.380523
 42
0.044194
  0
SEQEND
  0
POLYLINE
  8
0
 66
1
 70
1
  0
VERTEX
  8
0
 10
792.685495
 20
478.251884
 42
0.002762
  0
VERTEX
  8
0
 10
800.552043
 20
478.158681
 42
0.001577
  0
VERTEX
  8
0
 10
810.055762
 20
478.128546
 42
0.001574
  0
VERTEX
  8
0
 10
819.619224
 20
478.158487
 42
0.002611
  0
VERTEX
  8
0
 10
827.685495
 20
478.251262
 42
0.015191
  0
VERTEX
  8
0
 10
829.988807
 20
478.359836
 42
0.953663
  0
VERTEX
  8
0
 10
829.985739
 20
478.461862
 42
0.003635
  0
VERTEX
  8
0
 10
823.046645
 20
478.531953
 42
0.000703
  0
VERTEX
  8
0
 10
810.500000
 20
478.549820
 42
0.000713
  0
VERTEX
  8
0
 10
797.944106
 20
478.532133
 42
0.003472
  0
VERTEX
  8
0
 10
790.829489
 20
478.462558
 42
0.943916
  0
VERTEX
  8
0
 10
790.825282
 20
478.359917
 42
0.020323
  0
SEQEND
  0
POLYLINE
  8
0
 66
1
 70
1
  0
VERTEX
  8
0
 10
759.365231
 20
467.500000
 42
0.003015
  0
VERTEX
  8
0
 10
759.388524
 20
463.918009
 42
0.016608
  0
VERTEX
  8
0
 10
759.476803
 20
461.989535
 42
0.841704
  0
VERTEX
  8
0
 10
759.602748
 20
461.977848
 42
0.048634
  0
VERTEX
  8
0
 10
759.738404
 20
462.783522
 42
0.010684
  0
VERTEX
  8
0
 10
759.852659
 20
465.149439
 42
0.006840
  0
VERTEX
  8
0
 10
759.888995
 20
467.900475
 42
0.006873
  0
VERTEX
  8
0
 10
759.850642
 20
470.597616
 42
0.012749
  0
VERTEX
  8
0
 10
759.733670
 20
472.783522
 42
0.114190
  0
VERTEX
  8
0
 10
759.599622
 20
473.207311
 42
0.736116
  0
VERTEX
  8
0
 10
759.471507
 20
473.177035
 42
0.014373
  0
VERTEX
  8
0
 10
759.386166
 20
471.090507
 42
0.003152
  0
SEQEND
  0
POLYLINE
  8
0
 66
1
 70
1
  0
VERTEX
  8
0
 10
774.365231
 20
467.500000
 42
0.003015
  0
VERTEX
  8
0
 10
774.388524
 20
463.918009
 42
0.016608
  0
VERTEX
  8
0
 10
774.476803
 20
461.989535
 42
0.841704
  0
VERTEX
  8
0
 10
774.602748
 20
461.977848
 42
0.048634
  0
VERTEX
  8
0
 10
774.738404
 20
462.783522
 42
0.010684
  0
VERTEX
  8
0
 10
774.852659
 20
465.149439
 42
0.006840
  0
VERTEX
  8
0
 10
774.888995
 20
467.900475
 42
0.006873
  0
VERTEX
  8
0
 10
774.850642
 20
470.597616
 42
0.012749
  0
VERTEX
  8
0
 10
774.733670
 20
472.783522
 42
0.114190
  0
VERTEX
  8
0
 10
774.599622
 20
473.207311
 42
0.736116
  0
VERTEX
  8
0
 10
774.471507
 20
473.177035
 42
0.014373
  0
VERTEX
  8
0
 10
774.386166
 20
471.090507
 42
0.003152
  0
SEQEND
  0
POLYLINE
  8
0
 66
1
 70
1
  0
VERTEX
  8
0
 10
698.250000
 20
456.255432
 42
0.005996
  0
VERTEX
  8
0
 10
702.233329
 20
456.151523
 42
0.003522
  0
VERTEX
  8
0
 10
707.000000
 20
456.117947
 42
0.003522
  0
VERTEX
  8
0
 10
711.766671
 20
456.151523
 42
0.005996
  0
VERTEX
  8
0
 10
715.750000
 20
456.255432
 42
0.038501
  0
VERTEX
  8
0
 10
716.797878
 20
456.376512
 42
0.891106
  0
VERTEX
  8
0
 10
716.789062
 20
456.490823
 42
0.007935
  0
VERTEX
  8
0
 10
713.275186
 20
456.568856
 42
0.001583
  0
VERTEX
  8
0
 10
707.000000
 20
456.588730
 42
0.001583
  0
VERTEX
  8
0
 10
700.724814
 20
456.568856
 42
0.007935
  0
VERTEX
  8
0
 10
697.210938
 20
456.490823
 42
0.891106
  0
VERTEX
  8
0
 10
697.202122
 20
456.376512
 42
0.038501
  0
SEQEND
  0
POLYLINE
  8
0
 66
1
 70
1
  0
VERTEX
  8
0
 10
735.250000
 20
456.256692
 42
0.006921
  0
VERTEX
  8
0
 10
738.778111
 20
456.150439
 42
0.004066
  0
VERTEX
  8
0
 10
743.000000
 20
456.116103
 42
0.004066
  0
VERTEX
  8
0
 10
747.221889
 20
456.150439
 42
0.006921
  0
VERTEX
  8
0
 10
750.750000
 20
456.256692
 42
0.044194
  0
VERTEX
  8
0
 10
751.680663
 20
456.380523
 42
0.875756
  0
VERTEX
  8
0
 10
751.670313
 20
456.497396
 42
0.009159
  0
VERTEX
  8
0
 10
748.557921
 20
456.577187
 42
0.001828
  0
VERTEX
  8
0
 10
743.000000
 20
456.597512
 42
0.001828
  0
VERTEX
  8
0
 10
737.442079
 20
456.577187
 42
0.009159
  0
VERTEX
  8
0
 10
734.329687
 20
456.497396
 42
0.875756
  0
VERTEX
  8
0
 10
734.319337
 20
456.380523
 42
0.044194
  0
SEQEND
  0
POLYLINE
  8
0
 66
1
 70
1
  0
VERTEX
  8
0
 10
792.685495
 20
456.251884
 42
0.002762
  0
VERTEX
  8
0
 10
800.552043
 20
456.158681
 42
0.001577
  0
VERTEX
  8
0
 10
810.055762
 20
456.128546
 42
0.001574
  0
VERTEX
  8
0
 10
819.619224
 20
456.158487
 42
0.002611
  0
VERTEX
  8
0
 10
827.685495
 20
456.251262
 42
0.015191
  0
VERTEX
  8
0
 10
829.988807
 20
456.359836
 42
0.953663
  0
VERTEX
  8
0
 10
829.985739
 20
456.461862
 42
0.003635
  0
VERTEX
  8
0
 10
823.046645
 20
456.531953
 42
0.000703
  0
VERTEX
  8
0
 10
810.500000
 20
456.549820
 42
0.000713
  0
VERTEX
  8
0
 10
797.944106
 20
456.532133
 42
0.003472
  0
VERTEX
  8
0
 10
790.829489
 20
456.462558
 42
0.943916
  0
VERTEX
  8
0
 10
790.825282
 20
456.359917
 42
0.020323
  0
SEQEND
  0
POLYLINE
  8
0
 66
1
 70
1
  0
VERTEX
  8
0
 10
759.369965
 20
445.000000
 42
0.002911
  0
VERTEX
  8
0
 10
759.391883
 20
441.235377
 42
0.014551
  0
VERTEX
  8
0
 10
759.477852
 20
439.126563
 42
0.813012
  0
VERTEX
  8
0
 10
759.603678
 20
439.109382
 42
0.067956
  0
VERTEX
  8
0
 10
759.737242
 20
439.750000
 42
0.010990
  0
VERTEX
  8
0
 10
759.851729
 20
442.140095
 42
0.006471
  0
VERTEX
  8
0
 10
759.888744
 20
445.000000
 42
0.006471
  0
VERTEX
  8
0
 10
759.851729
 20
447.859905
 42
0.010990
  0
VERTEX
  8
0
 10
759.737242
 20
450.250000
 42
0.067956
  0
VERTEX
  8
0
 10
759.603678
 20
450.890618
 42
0.813012
  0
VERTEX
  8
0
 10
759.477852
 20
450.873437
 42
0.014551
  0
VERTEX
  8
0
 10
759.391883
 20
448.764623
 42
0.002911
  0
SEQEND
  0
POLYLINE
  8
0
 66
1
 70
1
  0
VERTEX
  8
0
 10
774.369965
 20
445.000000
 42
0.002911
  0
VERTEX
  8
0
 10
774.391883
 20
441.235377
 42
0.014551
  0
VERTEX
  8
0
 10
774.477852
 20
439.126563
 42
0.813012
  0
VERTEX
  8
0
 10
774.603678
 20
439.109382
 42
0.067956
  0
VERTEX
  8
0
 10
774.737242
 20
439.750000
 42
0.010990
  0
VERTEX
  8
0
 10
774.851729
 20
442.140095
 42
0.006471
  0
VERTEX
  8
0
 10
774.888744
 20
445.000000
 42
0.006471
  0
VERTEX
  8
0
 10
774.851729
 20
447.859905
 42
0.010990
  0
VERTEX
  8
0
 10
774.737242
 20
450.250000
 42
0.067956
  0
VERTEX
  8
0
 10
774.603678
 20
450.890618
 42
0.813012
  0
VERTEX
  8
0
 10
774.477852
 20
450.873437
 42
0.014551
  0
VERTEX
  8
0
 10
774.391883
 20
448.764623
 42
0.002911
  0
SEQEND
  0
POLYLINE
  8
0
 66
1
 70
1
  0
VERTEX
  8
0
 10
698.250000
 20
433.255432
 42
0.005996
  0
VERTEX
  8
0
 10
702.233329
 20
433.151523
 42
0.003522
  0
VERTEX
  8
0
 10
707.000000
 20
433.117947
 42
0.003522
  0
VERTEX
  8
0
 10
711.766671
 20
433.151523
 42
0.005996
  0
VERTEX
  8
0
 10
715.750000
 20
433.255432
 42
0.038501
  0
VERTEX
  8
0
 10
716.797878
 20
433.376512
 42
0.891106
  0
VERTEX
  8
0
 10
716.789062
 20
433.490823
 42
0.007935
  0
VERTEX
  8
0
 10
713.275186
 20
433.568856
 42
0.001583
  0
VERTEX
  8
0
 10
707.000000
 20
433.588730
 42
0.001583
  0
VERTEX
  8
0
 10
700.724814
 20
433.568856
 42
0.007935
  0
VERTEX
  8
0
 10
697.210938
 20
433.490823
 42
0.891106
  0
VERTEX
  8
0
 10
697.202122
 20
433.376512
 42
0.038501
  0
SEQEND
  0
POLYLINE
  8
0
 66
1
 70
1
  0
VERTEX
  8
0
 10
735.250000
 20
433.256692
 42
0.006921
  0
VERTEX
  8
0
 10
738.778111
 20
433.150439
 42
0.004066
  0
VERTEX
  8
0
 10
743.000000
 20
433.116103
 42
0.004066
  0
VERTEX
  8
0
 10
747.221889
 20
433.150439
 42
0.006921
  0
VERTEX
  8
0
 10
750.750000
 20
433.256692
 42
0.044194
  0
VERTEX
  8
0
 10
751.680663
 20
433.380523
 42
0.875756
  0
VERTEX
  8
0
 10
751.670313
 20
433.497396
 42
0.009159
  0
VERTEX
  8
0
 10
748.557921
 20
433.577187
 42
0.001828
  0
VERTEX
  8
0
 10
743.000000
 20
433.597512
 42
0.001828
  0
VERTEX
  8
0
 10
737.442079
 20
433.577187
 42
0.009159
  0
VERTEX
  8
0
 10
734.329687
 20
433.497396
 42
0.875756
  0
VERTEX
  8
0
 10
734.319337
 20
433.380523
 42
0.044194
  0
SEQEND
  0
POLYLINE
  8
0
 66
1
 70
1
  0
VERTEX
  8
0
 10
784.199419
 20
433.256170
 42
0.006115
  0
VERTEX
  8
0
 10
788.200870
 20
433.152194
 42
0.003410
  0
VERTEX
  8
0
 10
793.075429
 20
433.118428
 42
0.003401
  0
VERTEX
  8
0
 10
798.007090
 20
433.151454
 42
0.005509
  0
VERTEX
  8
0
 10
802.199419
 20
433.254263
 42
0.029078
  0
VERTEX
  8
0
 10
803.486887
 20
433.375222
 42
0.909231
  0
VERTEX
  8
0
 10
803.480454
 20
433.488346
 42
0.008015
  0
VERTEX
  8
0
 10
799.950678
 20
433.566647
 42
0.001511
  0
VERTEX
  8
0
 10
793.500000
 20
433.586823
 42
0.001551
  0
VERTEX
  8
0
 10
787.040449
 20
433.567466
 42
0.007360
  0
VERTEX
  8
0
 10
783.342954
 20
433.490480
 42
0.872495
  0
VERTEX
  8
0
 10
783.331428
 20
433.376111
 42
0.049593
  0
SEQEND
  0
POLYLINE
  8
0
 66
1
 70
1
  0
VERTEX
  8
0
 10
822.250000
 20
433.256692
 42
0.006921
  0
VERTEX
  8
0
 10
825.778111
 20
433.150439
 42
0.004066
  0
VERTEX
  8
0
 10
830.000000
 20
433.116103
 42
0.004066
  0
VERTEX
  8
0
 10
834.221889
 20
433.150439
 42
0.006921
  0
VERTEX
  8
0
 10
837.750000
 20
433.256692
 42
0.044194
  0
VERTEX
  8
0
 10
838.680663
 20
433.380523
 42
0.875756
  0
VERTEX
  8
0
 10
838.670313
 20
433.497396
 42
0.009159
  0
VERTEX
  8
0
 10
835.557921
 20
433.577187
 42
0.001828
  0
VERTEX
  8
0
 10
830.000000
 20
433.597512
 42
0.001828
  0
VERTEX
  8
0
 10
824.442079
 20
433.577187
 42
0.009159
  0
VERTEX
  8
0
 10
821.329687
 20
433.497396
 42
0.875756
  0
VERTEX
  8
0
 10
821.319337
 20
433.380523
 42
0.044194
  0
SEQEND
  0
POLYLINE
  8
0
 66
1
 70
1
  0
VERTEX
  8
0
 10
759.365231
 20
422.500000
 42
0.003015
  0
VERTEX
  8
0
 10
759.388524
 20
418.918009
 42
0.016608
  0
VERTEX
  8
0
 10
759.476803
 20
416.989535
 42
0.841704
  0
VERTEX
  8
0
 10
759.602748
 20
416.977848
 42
0.048634
  0
VERTEX
  8
0
 10
759.738404
 20
417.783522
 42
0.010684
  0
VERTEX
  8
0
 10
759.852659
 20
420.149439
 42
0.006840
  0
VERTEX
  8
0
 10
759.888995
 20
422.900475
 42
0.006873
  0
VERTEX
  8
0
 10
759.850642
 20
425.597616
 42
0.012749
  0
VERTEX
  8
0
 10
759.733670
 20
427.783522
 42
0.114190
  0
VERTEX
  8
0
 10
759.599622
 20
428.207311
 42
0.736116
  0
VERTEX
  8
0
 10
759.471507
 20
428.177035
 42
0.014373
  0
VERTEX
  8
0
 10
759.386166
 20
426.090507
 42
0.003152
  0
SEQEND
  0
POLYLINE
  8
0
 66
1
 70
1
  0
VERTEX
  8
0
 10
774.365231
 20
422.500000
 42
0.003015
  0
VERTEX
  8
0
 10
774.388524
 20
418.918009
 42
0.016608
  0
VERTEX
  8
0
 10
774.476803
 20
416.989535
 42
0.841704
  0
VERTEX
  8
0
 10
774.602748
 20
416.977848
 42
0.048634
  0
VERTEX
  8
0
 10
774.738404
 20
417.783522
 42
0.010684
  0
VERTEX
  8
0
 10
774.852659
 20
420.149439
 42
0.006840
  0
VERTEX
  8
0
 10
774.888995
 20
422.900475
 42
0.006873
  0
VERTEX
  8
0
 10
774.850642
 20
425.597616
 42
0.012749
  0
VERTEX
  8
0
 10
774.733670
 20
427.783522
 42
0.114190
  0
VERTEX
  8
0
 10
774.599622
 20
428.207311
 42
0.736116
  0
VERTEX
  8
0
 10
774.471507
 20
428.177035
 42
0.014373
  0
VERTEX
  8
0
 10
774.386166
 20
426.090507
 42
0.003152
  0
SEQEND
  0
POLYLINE
  8
0
 66
1
 70
1
  0
VERTEX
  8
0
 10
698.250000
 20
411.255432
 42
0.005996
  0
VERTEX
  8
0
 10
702.233329
 20
411.151523
 42
0.003522
  0
VERTEX
  8
0
 10
707.000000
 20
411.117947
 42
0.003522
  0
VERTEX
  8
0
 10
711.766671
 20
411.151523
 42
0.005996
  0
VERTEX
  8
0
 10
715.750000
 20
411.255432
 42
0.038501
  0
VERTEX
  8
0
 10
716.797878
 20
411.376512
 42
0.891106
  0
VERTEX
  8
0
 10
716.789062
 20
411.490823
 42
0.007935
  0
VERTEX
  8
0
 10
713.275186
 20
411.568856
 42
0.001583
  0
VERTEX
  8
0
 10
707.000000
 20
411.588730
 42
0.001583
  0
VERTEX
  8
0
 10
700.724814
 20
411.568856
 42
0.007935
  0
VERTEX
  8
0
 10
697.210938
 20
411.490823
 42
0.891106
  0
VERTEX
  8
0
 10
697.202122
 20
411.376512
 42
0.038501
  0
SEQEND
  0
POLYLINE
  8
0
 66
1
 70
1
  0
VERTEX
  8
0
 10
735.250000
 20
411.256692
 42
0.006921
  0
VERTEX
  8
0
 10
738.778111
 20
411.150439
 42
0.004066
  0
VERTEX
  8
0
 10
743.000000
 20
411.116103
 42
0.004066
  0
VERTEX
  8
0
 10
747.221889
 20
411.150439
 42
0.006921
  0
VERTEX
  8
0
 10
750.750000
 20
411.256692
 42
0.044194
  0
VERTEX
  8
0
 10
751.680663
 20
411.380523
 42
0.875756
  0
VERTEX
  8
0
 10
751.670313
 20
411.497396
 42
0.009159
  0
VERTEX
  8
0
 10
748.557921
 20
411.577187
 42
0.001828
  0
VERTEX
  8
0
 10
743.000000
 20
411.597512
 42
0.001828
  0
VERTEX
  8
0
 10
737.442079
 20
411.577187
 42
0.009159
  0
VERTEX
  8
0
 10
734.329687
 20
411.497396
 42
0.875756
  0
VERTEX
  8
0
 10
734.319337
 20
411.380523
 42
0.044194
  0
SEQEND
  0
POLYLINE
  8
0
 66
1
 70
1
  0
VERTEX
  8
0
 10
784.199419
 20
411.256170
 42
0.006115
  0
VERTEX
  8
0
 10
788.200870
 20
411.152194
 42
0.003410
  0
VERTEX
  8
0
 10
793.075429
 20
411.118428
 42
0.003401
  0
VERTEX
  8
0
 10
798.007090
 20
411.151454
 42
0.005509
  0
VERTEX
  8
0
 10
802.199419
 20
411.254263
 42
0.029078
  0
VERTEX
  8
0
 10
803.486887
 20
411.375222
 42
0.909231
  0
VERTEX
  8
0
 10
803.480454
 20
411.488346
 42
0.008015
  0
VERTEX
  8
0
 10
799.950678
 20
411.566647
 42
0.001511
  0
VERTEX
  8
0
 10
793.500000
 20
411.586823
 42
0.001551
  0
VERTEX
  8
0
 10
787.040449
 20
411.567466
 42
0.007360
  0
VERTEX
  8
0
 10
783.342954
 20
411.490480
 42
0.872495
  0
VERTEX
  8
0
 10
783.331428
 20
411.376111
 42
0.049593
  0
SEQEND
  0
POLYLINE
  8
0
 66
1
 70
1
  0
VERTEX
  8
0
 10
822.250000
 20
411.256692
 42
0.006921
  0
VERTEX
  8
0
 10
825.778111
 20
411.150439
 42
0.004066
  0
VERTEX
  8
0
 10
830.000000
 20
411.116103
 42
0.004066
  0
VERTEX
  8
0
 10
834.221889
 20
411.150439
 42
0.006921
  0
VERTEX
  8
0
 10
837.750000
 20
411.256692
 42
0.044194
  0
VERTEX
  8
0
 10
838.680663
 20
411.380523
 42
0.875756
  0
VERTEX
  8
0
 10
838.670313
 20
411.497396
 42
0.009159
  0
VERTEX
  8
0
 10
835.557921
 20
411.577187
 42
0.001828
  0
VERTEX
  8
0
 10
830.000000
 20
411.597512
 42
0.001828
  0
VERTEX
  8
0
 10
824.442079
 20
411.577187
 42
0.009159
  0
VERTEX
  8
0
 10
821.329687
 20
411.497396
 42
0.875756
  0
VERTEX
  8
0
 10
821.319337
 20
411.380523
 42
0.044194
  0
SEQEND
  0
POLYLINE
  8
0
 66
1
 70
1
  0
VERTEX
  8
0
 10
759.369965
 20
400.000000
 42
0.002911
  0
VERTEX
  8
0
 10
759.391883
 20
396.235377
 42
0.014551
  0
VERTEX
  8
0
 10
759.477852
 20
394.126563
 42
0.813012
  0
VERTEX
  8
0
 10
759.603678
 20
394.109382
 42
0.067956
  0
VERTEX
  8
0
 10
759.737242
 20
394.750000
 42
0.010990
  0
VERTEX
  8
0
 10
759.851729
 20
397.140095
 42
0.006471
  0
VERTEX
  8
0
 10
759.888744
 20
400.000000
 42
0.006471
  0
VERTEX
  8
0
 10
759.851729
 20
402.859905
 42
0.010990
  0
VERTEX
  8
0
 10
759.737242
 20
405.250000
 42
0.067956
  0
VERTEX
  8
0
 10
759.603678
 20
405.890618
 42
0.813012
  0
VERTEX
  8
0
 10
759.477852
 20
405.873437
 42
0.014551
  0
VERTEX
  8
0
 10
759.391883
 20
403.764623
 42
0.002911
  0
SEQEND
  0
POLYLINE
  8
0
 66
1
 70
1
  0
VERTEX
  8
0
 10
774.369965
 20
400.000000
 42
0.002911
  0
VERTEX
  8
0
 10
774.391883
 20
396.235377
 42
0.014551
  0
VERTEX
  8
0
 10
774.477852
 20
394.126563
 42
0.813012
  0
VERTEX
  8
0
 10
774.603678
 20
394.109382
 42
0.067956
  0
VERTEX
  8
0
 10
774.737242
 20
394.750000
 42
0.010990
  0
VERTEX
  8
0
 10
774.851729
 20
397.140095
 42
0.006471
  0
VERTEX
  8
0
 10
774.888744
 20
400.000000
 42
0.006471
  0
VERTEX
  8
0
 10
774.851729
 20
402.859905
 42
0.010990
  0
VERTEX
  8
0
 10
774.737242
 20
405.250000
 42
0.067956
  0
VERTEX
  8
0
 10
774.603678
 20
405.890618
 42
0.813012
  0
VERTEX
  8
0
 10
774.477852
 20
405.873437
 42
0.014551
  0
VERTEX
  8
0
 10
774.391883
 20
403.764623
 42
0.002911
  0
SEQEND
  0
POLYLINE
  8
0
 66
1
 70
1
  0
VERTEX
  8
0
 10
698.250000
 20
388.255432
 42
0.005996
  0
VERTEX
  8
0
 10
702.233329
 20
388.151523
 42
0.003522
  0
VERTEX
  8
0
 10
707.000000
 20
388.117947
 42
0.003522
  0
VERTEX
  8
0
 10
711.766671
 20
388.151523
 42
0.005996
  0
VERTEX
  8
0
 10
715.750000
 20
388.255432
 42
0.038501
  0
VERTEX
  8
0
 10
716.797878
 20
388.376512
 42
0.891106
  0
VERTEX
  8
0
 10
716.789062
 20
388.490823
 42
0.007935
  0
VERTEX
  8
0
 10
713.275186
 20
388.568856
 42
0.001583
  0
VERTEX
  8
0
 10
707.000000
 20
388.588730
 42
0.001583
  0
VERTEX
  8
0
 10
700.724814
 20
388.568856
 42
0.007935
  0
VERTEX
  8
0
 10
697.210938
 20
388.490823
 42
0.891106
  0
VERTEX
  8
0
 10
697.202122
 20
388.376512
 42
0.038501
  0
SEQEND
  0
POLYLINE
  8
0
 66
1
 70
1
  0
VERTEX
  8
0
 10
731.761659
 20
388.292739
 42
0.028254
  0
VERTEX
  8
0
 10
732.754739
 20
388.159391
 42
0.020511
  0
VERTEX
  8
0
 10
733.869594
 20
388.119272
 42
0.020826
  0
VERTEX
  8
0
 10
734.934218
 20
388.169017
 42
0.041951
  0
VERTEX
  8
0
 10
735.761659
 20
388.312920
 42
0.285845
  0
VERTEX
  8
0
 10
735.916221
 20
388.476221
 42
0.417468
  0
VERTEX
  8
0
 10
735.814362
 20
388.628390
 42
0.038992
  0
VERTEX
  8
0
 10
734.938425
 20
388.726931
 42
0.009782
  0
VERTEX
  8
0
 10
733.500000
 20
388.747817
 42
0.008901
  0
VERTEX
  8
0
 10
732.071102
 20
388.715166
 42
0.053901
  0
VERTEX
  8
0
 10
731.339362
 20
388.605813
 42
0.671610
  0
VERTEX
  8
0
 10
731.319562
 20
388.456590
 42
0.082665
  0
SEQEND
  0
POLYLINE
  8
0
 66
1
 70
1
  0
VERTEX
  8
0
 10
743.783522
 20
388.261596
 42
0.010684
  0
VERTEX
  8
0
 10
746.149439
 20
388.147341
 42
0.006840
  0
VERTEX
  8
0
 10
748.900475
 20
388.111005
 42
0.006873
  0
VERTEX
  8
0
 10
751.597616
 20
388.149358
 42
0.012749
  0
VERTEX
  8
0
 10
753.783522
 20
388.266330
 42
0.114190
  0
VERTEX
  8
0
 10
754.207311
 20
388.400378
 42
0.736116
  0
VERTEX
  8
0
 10
754.177035
 20
388.528493
 42
0.014373
  0
VERTEX
  8
0
 10
752.090507
 20
388.613834
 42
0.003152
  0
VERTEX
  8
0
 10
748.500000
 20
388.634769
 42
0.003015
  0
VERTEX
  8
0
 10
744.918009
 20
388.611476
 42
0.016608
  0
VERTEX
  8
0
 10
742.989535
 20
388.523197
 42
0.841704
  0
VERTEX
  8
0
 10
742.977848
 20
388.397252
 42
0.048634
  0
SEQEND
  0
POLYLINE
  8
0
 66
1
 70
1
  0
VERTEX
  8
0
 10
784.199419
 20
388.256170
 42
0.006115
  0
VERTEX
  8
0
 10
788.200870
 20
388.152194
 42
0.003410
  0
VERTEX
  8
0
 10
793.075429
 20
388.118428
 42
0.003401
  0
VERTEX
  8
0
 10
798.007090
 20
388.151454
 42
0.005509
  0
VERTEX
  8
0
 10
802.199419
 20
388.254263
 42
0.029078
  0
VERTEX
  8
0
 10
803.486887
 20
388.375222
 42
0.909231
  0
VERTEX
  8
0
 10
803.480454
 20
388.488346
 42
0.008015
  0
VERTEX
  8
0
 10
799.950678
 20
388.566647
 42
0.001511
  0
VERTEX
  8
0
 10
793.500000
 20
388.586823
 42
0.001551
  0
VERTEX
  8
0
 10
787.040449
 20
388.567466
 42
0.007360
  0
VERTEX
  8
0
 10
783.342954
 20
388.490480
 42
0.872495
  0
VERTEX
  8
0
 10
783.331428
 20
388.376111
 42
0.049593
  0
SEQEND
  0
POLYLINE
  8
0
 66
1
 70
1
  0
VERTEX
  8
0
 10
822.250000
 20
388.256692
 42
0.006921
  0
VERTEX
  8
0
 10
825.778111
 20
388.150439
 42
0.004066
  0
VERTEX
  8
0
 10
830.000000
 20
388.116103
 42
0.004066
  0
VERTEX
  8
0
 10
834.221889
 20
388.150439
 42
0.006921
  0
VERTEX
  8
0
 10
837.750000
 20
388.256692
 42
0.044194
  0
VERTEX
  8
0
 10
838.680663
 20
388.380523
 42
0.875756
  0
VERTEX
  8
0
 10
838.670313
 20
388.497396
 42
0.009159
  0
VERTEX
  8
0
 10
835.557921
 20
388.577187
 42
0.001828
  0
VERTEX
  8
0
 10
830.000000
 20
388.597512
 42
0.001828
  0
VERTEX
  8
0
 10
824.442079
 20
388.577187
 42
0.009159
  0
VERTEX
  8
0
 10
821.329687
 20
388.497396
 42
0.875756
  0
VERTEX
  8
0
 10
821.319337
 20
388.380523
 42
0.044194
  0
SEQEND
  0
POLYLINE
  8
0
 66
1
 70
1
  0
VERTEX
  8
0
 10
759.369965
 20
377.000000
 42
0.002911
  0
VERTEX
  8
0
 10
759.391883
 20
373.235377
 42
0.014551
  0
VERTEX
  8
0
 10
759.477852
 20
371.126563
 42
0.813012
  0
VERTEX
  8
0
 10
759.603678
 20
371.109382
 42
0.067956
  0
VERTEX
  8
0
 10
759.737242
 20
371.750000
 42
0.010990
  0
VERTEX
  8
0
 10
759.851729
 20
374.140095
 42
0.006471
  0
VERTEX
  8
0
 10
759.888744
 20
377.000000
 42
0.006471
  0
VERTEX
  8
0
 10
759.851729
 20
379.859905
 42
0.010990
  0
VERTEX
  8
0
 10
759.737242
 20
382.250000
 42
0.067956
  0
VERTEX
  8
0
 10
759.603678
 20
382.890618
 42
0.813012
  0
VERTEX
  8
0
 10
759.477852
 20
382.873437
 42
0.014551
  0
VERTEX
  8
0
 10
759.391883
 20
380.764623
 42
0.002911
  0
SEQEND
  0
POLYLINE
  8
0
 66
1
 70
1
  0
VERTEX
  8
0
 10
774.369965
 20
377.000000
 42
0.002911
  0
VERTEX
  8
0
 10
774.391883
 20
373.235377
 42
0.014551
  0
VERTEX
  8
0
 10
774.477852
 20
371.126563
 42
0.813012
  0
VERTEX
  8
0
 10
774.603678
 20
371.109382
 42
0.067956
  0
VERTEX
  8
0
 10
774.737242
 20
371.750000
 42
0.010990
  0
VERTEX
  8
0
 10
774.851729
 20
374.140095
 42
0.006471
  0
VERTEX
  8
0
 10
774.888744
 20
377.000000
 42
0.006471
  0
VERTEX
  8
0
 10
774.851729
 20
379.859905
 42
0.010990
  0
VERTEX
  8
0
 10
774.737242
 20
382.250000
 42
0.067956
  0
VERTEX
  8
0
 10
774.603678
 20
382.890618
 42
0.813012
  0
VERTEX
  8
0
 10
774.477852
 20
382.873437
 42
0.014551
  0
VERTEX
  8
0
 10
774.391883
 20
380.764623
 42
0.002911
  0
SEQEND
  0
POLYLINE
  8
0
 66
1
 70
1
  0
VERTEX
  8
0
 10
698.250000
 20
365.255432
 42
0.005996
  0
VERTEX
  8
0
 10
702.233329
 20
365.151523
 42
0.003522
  0
VERTEX
  8
0
 10
707.000000
 20
365.117947
 42
0.003522
  0
VERTEX
  8
0
 10
711.766671
 20
365.151523
 42
0.005996
  0
VERTEX
  8
0
 10
715.750000
 20
365.255432
 42
0.038501
  0
VERTEX
  8
0
 10
716.797878
 20
365.376512
 42
0.891106
  0
VERTEX
  8
0
 10
716.789062
 20
365.490823
 42
0.007935
  0
VERTEX
  8
0
 10
713.275186
 20
365.568856
 42
0.001583
  0
VERTEX
  8
0
 10
707.000000
 20
365.588730
 42
0.001583
  0
VERTEX
  8
0
 10
700.724814
 20
365.568856
 42
0.007935
  0
VERTEX
  8
0
 10
697.210938
 20
365.490823
 42
0.891106
  0
VERTEX
  8
0
 10
697.202122
 20
365.376512
 42
0.038501
  0
SEQEND
  0
POLYLINE
  8
0
 66
1
 70
1
  0
VERTEX
  8
0
 10
735.250000
 20
365.256692
 42
0.006921
  0
VERTEX
  8
0
 10
738.778111
 20
365.150439
 42
0.004066
  0
VERTEX
  8
0
 10
743.000000
 20
365.116103
 42
0.004066
  0
VERTEX
  8
0
 10
747.221889
 20
365.150439
 42
0.006921
  0
VERTEX
  8
0
 10
750.750000
 20
365.256692
 42
0.044194
  0
VERTEX
  8
0
 10
751.680663
 20
365.380523
 42
0.875756
  0
VERTEX
  8
0
 10
751.670313
 20
365.497396
 42
0.009159
  0
VERTEX
  8
0
 10
748.557921
 20
365.577187
 42
0.001828
  0
VERTEX
  8
0
 10
743.000000
 20
365.597512
 42
0.001828
  0
VERTEX
  8
0
 10
737.442079
 20
365.577187
 42
0.009159
  0
VERTEX
  8
0
 10
734.329687
 20
365.497396
 42
0.875756
  0
VERTEX
  8
0
 10
734.319337
 20
365.380523
 42
0.044194
  0
SEQEND
  0
POLYLINE
  8
0
 66
1
 70
1
  0
VERTEX
  8
0
 10
784.199419
 20
365.256170
 42
0.006115
  0
VERTEX
  8
0
 10
788.200870
 20
365.152194
 42
0.003410
  0
VERTEX
  8
0
 10
793.075429
 20
365.118428
 42
0.003401
  0
VERTEX
  8
0
 10
798.007090
 20
365.151454
 42
0.005509
  0
VERTEX
  8
0
 10
802.199419
 20
365.254263
 42
0.029078
  0
VERTEX
  8
0
 10
803.486887
 20
365.375222
 42
0.909231
  0
VERTEX
  8
0
 10
803.480454
 20
365.488346
 42
0.008015
  0
VERTEX
  8
0
 10
799.950678
 20
365.566647
 42
0.001511
  0
VERTEX
  8
0
 10
793.500000
 20
365.586823
 42
0.001551
  0
VERTEX
  8
0
 10
787.040449
 20
365.567466
 42
0.007360
  0
VERTEX
  8
0
 10
783.342954
 20
365.490480
 42
0.872495
  0
VERTEX
  8
0
 10
783.331428
 20
365.376111
 42
0.049593
  0
SEQEND
  0
POLYLINE
  8
0
 66
1
 70
1
  0
VERTEX
  8
0
 10
822.250000
 20
365.256692
 42
0.006921
  0
VERTEX
  8
0
 10
825.778111
 20
365.150439
 42
0.004066
  0
VERTEX
  8
0
 10
830.000000
 20
365.116103
 42
0.004066
  0
VERTEX
  8
0
 10
834.221889
 20
365.150439
 42
0.006921
  0
VERTEX
  8
0
 10
837.750000
 20
365.256692
 42
0.044194
  0
VERTEX
  8
0
 10
838.680663
 20
365.380523
 42
0.875756
  0
VERTEX
  8
0
 10
838.670313
 20
365.497396
 42
0.009159
  0
VERTEX
  8
0
 10
835.557921
 20
365.577187
 42
0.001828
  0
VERTEX
  8
0
 10
830.000000
 20
365.597512
 42
0.001828
  0
VERTEX
  8
0
 10
824.442079
 20
365.577187
 42
0.009159
  0
VERTEX
  8
0
 10
821.329687
 20
365.497396
 42
0.875756
  0
VERTEX
  8
0
 10
821.319337
 20
365.380523
 42
0.044194
  0
SEQEND
  0
POLYLINE
  8
0
 66
1
 70
1
  0
VERTEX
  8
0
 10
759.216222
 20
351.750000
 42
0.000000
  0
VERTEX
  8
0
 10
759.000000
 20
339.000000
 42
0.000000
  0
VERTEX
  8
0
 10
767.000000
 20
339.000000
 42
0.005885
  0
VERTEX
  8
0
 10
771.551084
 20
339.053568
 42
0.048512
  0
VERTEX
  8
0
 10
773.604787
 20
339.302220
 42
0.145919
  0
VERTEX
  8
0
 10
774.574410
 20
339.841067
 42
0.207623
  0
VERTEX
  8
0
 10
774.921053
 20
340.750000
 42
0.021021
  0
VERTEX
  8
0
 10
774.862835
 20
341.416573
 42
0.185333
  0
VERTEX
  8
0
 10
774.724694
 20
341.672067
 42
0.449116
  0
VERTEX
  8
0
 10
774.548620
 20
341.648042
 42
0.051902
  0
VERTEX
  8
0
 10
774.337719
 20
341.250000
 42
-0.219416
  0
VERTEX
  8
0
 10
773.746089
 20
340.692972
 42
-0.038955
  0
VERTEX
  8
0
 10
772.231857
 20
340.313695
 42
-0.029926
  0
VERTEX
  8
0
 10
770.009059
 20
340.073321
 42
-0.011973
  0
VERTEX
  8
0
 10
766.947446
 20
340.000000
 42
0.000000
  0
VERTEX
  8
0
 10
760.061558
 20
340.000000
 42
0.000000
  0
VERTEX
  8
0
 10
759.747001
 20
352.250000
 42
0.000000
  0
VERTEX
  8
0
 10
759.432444
 20
364.500000
 42
0.000000
  0
SEQEND
  0
POLYLINE
  8
0
 66
1
 70
1
  0
VERTEX
  8
0
 10
774.365231
 20
354.500000
 42
0.003015
  0
VERTEX
  8
0
 10
774.388524
 20
350.918009
 42
0.016608
  0
VERTEX
  8
0
 10
774.476803
 20
348.989535
 42
0.841704
  0
VERTEX
  8
0
 10
774.602748
 20
348.977848
 42
0.048634
  0
VERTEX
  8
0
 10
774.738404
 20
349.783522
 42
0.010684
  0
VERTEX
  8
0
 10
774.852659
 20
352.149439
 42
0.006840
  0
VERTEX
  8
0
 10
774.888995
 20
354.900475
 42
0.006873
  0
VERTEX
  8
0
 10
774.850642
 20
357.597616
 42
0.012749
  0
VERTEX
  8
0
 10
774.733670
 20
359.783522
 42
0.114190
  0
VERTEX
  8
0
 10
774.599622
 20
360.207311
 42
0.736116
  0
VERTEX
  8
0
 10
774.471507
 20
360.177035
 42
0.014373
  0
VERTEX
  8
0
 10
774.386166
 20
358.090507
 42
0.003152
  0
SEQEND
  0
POLYLINE
  8
0
 66
1
 70
1
  0
VERTEX
  8
0
 10
784.199419
 20
343.256170
 42
0.006115
  0
VERTEX
  8
0
 10
788.200870
 20
343.152194
 42
0.003410
  0
VERTEX
  8
0
 10
793.075429
 20
343.118428
 42
0.003401
  0
VERTEX
  8
0
 10
798.007090
 20
343.151454
 42
0.005509
  0
VERTEX
  8
0
 10
802.199419
 20
343.254263
 42
0.029078
  0
VERTEX
  8
0
 10
803.486887
 20
343.375222
 42
0.909231
  0
VERTEX
  8
0
 10
803.480454
 20
343.488346
 42
0.008015
  0
VERTEX
  8
0
 10
799.950678
 20
343.566647
 42
0.001511
  0
VERTEX
  8
0
 10
793.500000
 20
343.586823
 42
0.001551
  0
VERTEX
  8
0
 10
787.040449
 20
343.567466
 42
0.007360
  0
VERTEX
  8
0
 10
783.342954
 20
343.490480
 42
0.872495
  0
VERTEX
  8
0
 10
783.331428
 20
343.376111
 42
0.049593
  0
SEQEND
  0
POLYLINE
  8
0
 66
1
 70
1
  0
VERTEX
  8
0
 10
822.250000
 20
343.256692
 42
0.006921
  0
VERTEX
  8
0
 10
825.778111
 20
343.150439
 42
0.004066
  0
VERTEX
  8
0
 10
830.000000
 20
343.116103
 42
0.004066
  0
VERTEX
  8
0
 10
834.221889
 20
343.150439
 42
0.006921
  0
VERTEX
  8
0
 10
837.750000
 20
343.256692
 42
0.044194
  0
VERTEX
  8
0
 10
838.680663
 20
343.380523
 42
0.875756
  0
VERTEX
  8
0
 10
838.670313
 20
343.497396
 42
0.009159
  0
VERTEX
  8
0
 10
835.557921
 20
343.577187
 42
0.001828
  0
VERTEX
  8
0
 10
830.000000
 20
343.597512
 42
0.001828
  0
VERTEX
  8
0
 10
824.442079
 20
343.577187
 42
0.009159
  0
VERTEX
  8
0
 10
821.329687
 20
343.497396
 42
0.875756
  0
VERTEX
  8
0
 10
821.319337
 20
343.380523
 42
0.044194
  0
SEQEND
  0
POLYLINE
  8
0
 66
1
 70
1
  0
VERTEX
  8
0
 10
846.194949
 20
311.500000
 42
0.012823
  0
VERTEX
  8
0
 10
846.235556
 20
310.431793
 42
0.080377
  0
VERTEX
  8
0
 10
846.356533
 20
309.900903
 42
0.597527
  0
VERTEX
  8
0
 10
846.516660
 20
309.883358
 42
0.087174
  0
VERTEX
  8
0
 10
846.692991
 20
310.269032
 42
0.037336
  0
VERTEX
  8
0
 10
846.832894
 20
311.036634
 42
0.029507
  0
VERTEX
  8
0
 10
846.872264
 20
311.880008
 42
0.030339
  0
VERTEX
  8
0
 10
846.814405
 20
312.671085
 42
0.062780
  0
VERTEX
  8
0
 10
846.655937
 20
313.269032
 42
0.313180
  0
VERTEX
  8
0
 10
846.477130
 20
313.386009
 42
0.333666
  0
VERTEX
  8
0
 10
846.315079
 20
313.257153
 42
0.052471
  0
VERTEX
  8
0
 10
846.212705
 20
312.580113
 42
0.014395
  0
SEQEND
  0
POLYLINE
  8
0
 66
1
 70
1
  0
VERTEX
  8
0
 10
846.078947
 20
280.416667
 42
0.018894
  0
VERTEX
  8
0
 10
846.137993
 20
279.670344
 42
0.168741
  0
VERTEX
  8
0
 10
846.279315
 20
279.378580
 42
0.470617
  0
VERTEX
  8
0
 10
846.461564
 20
279.395823
 42
0.054073
  0
VERTEX
  8
0
 10
846.683114
 20
279.812500
 42
0.051402
  0
VERTEX
  8
0
 10
846.839148
 20
280.359369
 42
0.054150
  0
VERTEX
  8
0
 10
846.876576
 20
280.916927
 42
0.060344
  0
VERTEX
  8
0
 10
846.797407
 20
281.402231
 42
0.126455
  0
VERTEX
  8
0
 10
846.604167
 20
281.729167
 42
0.296942
  0
VERTEX
  8
0
 10
846.385309
 20
281.775380
 42
0.208169
  0
VERTEX
  8
0
 10
846.200665
 20
281.592839
 42
0.077125
  0
VERTEX
  8
0
 10
846.089945
 20
281.112848
 42
0.028489
  0
SEQEND
  0
POLYLINE
  8
0
 66
1
 70
1
  0
VERTEX
  8
0
 10
782.750000
 20
275.257493
 42
0.007490
  0
VERTEX
  8
0
 10
786.050504
 20
275.149904
 42
0.004402
  0
VERTEX
  8
0
 10
790.000000
 20
275.115135
 42
0.004402
  0
VERTEX
  8
0
 10
793.949496
 20
275.149904
 42
0.007490
  0
VERTEX
  8
0
 10
797.250000
 20
275.257493
 42
0.047650
  0
VERTEX
  8
0
 10
798.122240
 20
275.382897
 42
0.866510
  0
VERTEX
  8
0
 10
798.110937
 20
275.501229
 42
0.009912
  0
VERTEX
  8
0
 10
795.199280
 20
275.582024
 42
0.001979
  0
VERTEX
  8
0
 10
790.000000
 20
275.602606
 42
0.001979
  0
VERTEX
  8
0
 10
784.800720
 20
275.582024
 42
0.009912
  0
VERTEX
  8
0
 10
781.889063
 20
275.501229
 42
0.866510
  0
VERTEX
  8
0
 10
781.877760
 20
275.382897
 42
0.047650
  0
SEQEND
  0
POLYLINE
  8
0
 66
1
 70
1
  0
VERTEX
  8
0
 10
656.236790
 20
230.750000
 42
0.000000
  0
VERTEX
  8
0
 10
656.000000
 20
195.000000
 42
0.000000
  0
VERTEX
  8
0
 10
667.250000
 20
195.212382
 42
0.000000
  0
VERTEX
  8
0
 10
678.500000
 20
195.424763
 42
0.000000
  0
VERTEX
  8
0
 10
667.762755
 20
195.746084
 42
0.000000
  0
VERTEX
  8
0
 10
657.025510
 20
196.067405
 42
0.000000
  0
VERTEX
  8
0
 10
656.749546
 20
231.283702
 42
0.000000
  0
VERTEX
  8
0
 10
656.473581
 20
266.500000
 42
0.000000
  0
SEQEND
  0
POLYLINE
  8
0
 66
1
 70
1
  0
VERTEX
  8
0
 10
679.450180
 20
231.500000
 42
0.000703
  0
VERTEX
  8
0
 10
679.468047
 20
218.953355
 42
0.003635
  0
VERTEX
  8
0
 10
679.538138
 20
212.014261
 42
0.953663
  0
VERTEX
  8
0
 10
679.640164
 20
212.011193
 42
0.015191
  0
VERTEX
  8
0
 10
679.748738
 20
214.314505
 42
0.002611
  0
VERTEX
  8
0
 10
679.841513
 20
222.380776
 42
0.001574
  0
VERTEX
  8
0
 10
679.871454
 20
231.944238
 42
0.001577
  0
VERTEX
  8
0
 10
679.841319
 20
241.447957
 42
0.002762
  0
VERTEX
  8
0
 10
679.748116
 20
249.314505
 42
0.020323
  0
VERTEX
  8
0
 10
679.640083
 20
251.174718
 42
0.943916
  0
VERTEX
  8
0
 10
679.537442
 20
251.170511
 42
0.003472
  0
VERTEX
  8
0
 10
679.467867
 20
244.055894
 42
0.000713
  0
SEQEND
  0
POLYLINE
  8
0
 66
1
 70
1
  0
VERTEX
  8
0
 10
701.476665
 20
186.000000
 42
0.000282
  0
VERTEX
  8
0
 10
701.492938
 20
157.132610
 42
0.001414
  0
VERTEX
  8
0
 10
701.556862
 20
140.970312
 42
0.979480
  0
VERTEX
  8
0
 10
701.650543
 20
140.969006
 42
0.006975
  0
VERTEX
  8
0
 10
701.749677
 20
145.750000
 42
0.001069
  0
VERTEX
  8
0
 10
701.834796
 20
164.073005
 42
0.000627
  0
VERTEX
  8
0
 10
701.862294
 20
186.000000
 42
0.000627
  0
VERTEX
  8
0
 10
701.834796
 20
207.926995
 42
0.001069
  0
VERTEX
  8
0
 10
701.749677
 20
226.250000
 42
0.006975
  0
VERTEX
  8
0
 10
701.650543
 20
231.030994
 42
0.979480
  0
VERTEX
  8
0
 10
701.556862
 20
231.029687
 42
0.001414
  0
VERTEX
  8
0
 10
701.492938
 20
214.867390
 42
0.000282
  0
SEQEND
  0
POLYLINE
  8
0
 66
1
 70
1
  0
VERTEX
  8
0
 10
979.750000
 20
245.337719
 42
0.057986
  0
VERTEX
  8
0
 10
980.320008
 20
245.181385
 42
0.037979
  0
VERTEX
  8
0
 10
981.000000
 20
245.129660
 42
0.037979
  0
VERTEX
  8
0
 10
981.679992
 20
245.181385
 42
0.057986
  0
VERTEX
  8
0
 10
982.250000
 20
245.337719
 42
0.174857
  0
VERTEX
  8
0
 10
982.459382
 20
245.525001
 42
0.447206
  0
VERTEX
  8
0
 10
982.398438
 20
245.693942
 42
0.078554
  0
VERTEX
  8
0
 10
981.891440
 20
245.810911
 42
0.017491
  0
VERTEX
  8
0
 10
981.000000
 20
245.842105
 42
0.017491
  0
VERTEX
  8
0
 10
980.108560
 20
245.810911
 42
0.078554
  0
VERTEX
  8
0
 10
979.601562
 20
245.693942
 42
0.447206
  0
VERTEX
  8
0
 10
979.540618
 20
245.525001
 42
0.174857
  0
SEQEND
  0
POLYLINE
  8
0
 66
1
 70
1
  0
VERTEX
  8
0
 10
1003.750000
 20
245.337719
 42
0.057986
  0
VERTEX
  8
0
 10
1004.320008
 20
245.181385
 42
0.037979
  0
VERTEX
  8
0
 10
1005.000000
 20
245.129660
 42
0.037979
  0
VERTEX
  8
0
 10
1005.679992
 20
245.181385
 42
0.057986
  0
VERTEX
  8
0
 10
1006.250000
 20
245.337719
 42
0.174857
  0
VERTEX
  8
0
 10
1006.459382
 20
245.525001
 42
0.447206
  0
VERTEX
  8
0
 10
1006.398438
 20
245.693942
 42
0.078554
  0
VERTEX
  8
0
 10
1005.891440
 20
245.810911
 42
0.017491
  0
VERTEX
  8
0
 10
1005.000000
 20
245.842105
 42
0.017491
  0
VERTEX
  8
0
 10
1004.108560
 20
245.810911
 42
0.078554
  0
VERTEX
  8
0
 10
1003.601562
 20
245.693942
 42
0.447206
  0
VERTEX
  8
0
 10
1003.540618
 20
245.525001
 42
0.174857
  0
SEQEND
  0
POLYLINE
  8
0
 66
1
 70
1
  0
VERTEX
  8
0
 10
494.500000
 20
241.044487
 42
0.011964
  0
VERTEX
  8
0
 10
489.558926
 20
239.650140
 42
0.009630
  0
VERTEX
  8
0
 10
484.316015
 20
237.922989
 42
0.006582
  0
VERTEX
  8
0
 10
479.613628
 20
236.203000
 42
0.084015
  0
VERTEX
  8
0
 10
478.000000
 20
235.254393
 42
0.218259
  0
VERTEX
  8
0
 10
477.375617
 20
233.934734
 42
0.007064
  0
VERTEX
  8
0
 10
477.387519
 20
227.913686
 42
0.008496
  0
VERTEX
  8
0
 10
477.583957
 20
221.980553
 42
0.157847
  0
VERTEX
  8
0
 10
478.241670
 20
220.250000
 42
-0.032687
  0
VERTEX
  8
0
 10
478.640097
 20
219.681099
 42
-0.161559
  0
VERTEX
  8
0
 10
478.726287
 20
219.304965
 42
-0.285215
  0
VERTEX
  8
0
 10
478.554715
 20
219.079632
 42
-0.091341
  0
VERTEX
  8
0
 10
478.122445
 20
219.000000
 42
0.154550
  0
VERTEX
  8
0
 10
477.696214
 20
218.865028
 42
0.099464
  0
VERTEX
  8
0
 10
477.336502
 20
218.485938
 42
0.081421
  0
VERTEX
  8
0
 10
477.097925
 20
217.919146
 42
0.062362
  0
VERTEX
  8
0
 10
477.023095
 20
217.250000
 42
0.062567
  0
VERTEX
  8
0
 10
477.436865
 20
214.274383
 42
0.001251
  0
VERTEX
  8
0
 10
481.447670
 20
199.532543
 42
0.001046
  0
VERTEX
  8
0
 10
485.526278
 20
184.808835
 42
0.848115
  0
VERTEX
  8
0
 10
485.924646
 20
184.852159
 42
0.071859
  0
VERTEX
  8
0
 10
485.839320
 20
185.821471
 42
0.001787
  0
VERTEX
  8
0
 10
484.802865
 20
190.153353
 42
0.003817
  0
VERTEX
  8
0
 10
483.527266
 20
195.232491
 42
0.002587
  0
VERTEX
  8
0
 10
482.000000
 20
201.000000
 42
-0.001750
  0
VERTEX
  8
0
 10
480.467107
 20
206.749869
 42
-0.002636
  0
VERTEX
  8
0
 10
479.175000
 20
211.773210
 42
-0.001043
  0
VERTEX
  8
0
 10
478.098288
 20
216.090591
 42
-0.060654
  0
VERTEX
  8
0
 10
478.000000
 20
216.897841
 42
-0.157975
  0
VERTEX
  8
0
 10
478.136216
 20
217.318213
 42
-0.097155
  0
VERTEX
  8
0
 10
478.520247
 20
217.676241
 42
-0.079062
  0
VERTEX
  8
0
 10
479.093782
 20
217.917966
 42
-0.060342
  0
VERTEX
  8
0
 10
479.771052
 20
218.000000
 42
-0.243942
  0
VERTEX
  8
0
 10
480.809751
 20
217.461171
 42
-0.056865
  0
VERTEX
  8
0
 10
481.782001
 20
215.681954
 42
-0.028745
  0
VERTEX
  8
0
 10
482.896091
 20
212.419048
 42
-0.005415
  0
VERTEX
  8
0
 10
484.521052
 20
206.328477
 42
0.005595
  0
VERTEX
  8
0
 10
485.687567
 20
201.962527
 42
0.011437
  0
VERTEX
  8
0
 10
486.718789
 20
198.570649
 42
0.012606
  0
VERTEX
  8
0
 10
487.536174
 20
196.283457
 42
0.753156
  0
VERTEX
  8
0
 10
487.819506
 20
196.308649
 42
-0.155456
  0
VERTEX
  8
0
 10
488.225031
 20
197.051798
 42
-0.053186
  0
VERTEX
  8
0
 10
489.208903
 20
197.809968
 42
-0.043886
  0
VERTEX
  8
0
 10
490.608626
 20
198.507939
 42
-0.028892
  0
VERTEX
  8
0
 10
492.319506
 20
199.069369
 42
0.001073
  0
VERTEX
  8
0
 10
502.826238
 20
201.880814
 42
0.002092
  0
VERTEX
  8
0
 10
511.193627
 20
204.176666
 42
0.000392
  0
VERTEX
  8
0
 10
518.291903
 20
206.162264
 42
0.128667
  0
VERTEX
  8
0
 10
518.782976
 20
206.449643
 42
0.256445
  0
VERTEX
  8
0
 10
518.872936
 20
206.758613
 42
0.001763
  0
VERTEX
  8
0
 10
518.243648
 20
209.543023
 42
0.006194
  0
VERTEX
  8
0
 10
517.463565
 20
212.755998
 42
0.003851
  0
VERTEX
  8
0
 10
516.472863
 20
216.506197
 42
-0.007151
  0
VERTEX
  8
0
 10
515.281456
 20
221.139774
 42
-0.023498
  0
VERTEX
  8
0
 10
514.683844
 20
224.240758
 42
-0.032196
  0
VERTEX
  8
0
 10
514.517675
 20
226.339101
 42
-0.202724
  0
VERTEX
  8
0
 10
514.912566
 20
227.312566
 42
-0.067979
  0
VERTEX
  8
0
 10
515.429641
 20
227.705363
 42
-0.111774
  0
VERTEX
  8
0
 10
515.953509
 20
227.862422
 42
-0.123921
  0
VERTEX
  8
0
 10
516.455553
 20
227.772138
 42
-0.095718
  0
VERTEX
  8
0
 10
516.911233
 20
227.450000
 42
-0.126456
  0
VERTEX
  8
0
 10
518.085394
 20
225.365558
 42
-0.001710
  0
VERTEX
  8
0
 10
521.864856
 20
211.042834
 42
-0.001177
  0
VERTEX
  8
0
 10
525.638016
 20
196.401850
 42
-0.203607
  0
VERTEX
  8
0
 10
525.398311
 20
194.835464
 42
-0.168179
  0
VERTEX
  8
0
 10
524.457879
 20
194.068758
 42
-0.185435
  0
VERTEX
  8
0
 10
523.287896
 20
194.087433
 42
-0.159425
  0
VERTEX
  8
0
 10
522.301994
 20
194.915917
 42
-0.126733
  0
VERTEX
  8
0
 10
521.883999
 20
196.250000
 42
0.006938
  0
VERTEX
  8
0
 10
521.813218
 20
197.330958
 42
0.182407
  0
VERTEX
  8
0
 10
521.691465
 20
197.589506
 42
0.553190
  0
VERTEX
  8
0
 10
521.544139
 20
197.553338
 42
0.015526
  0
VERTEX
  8
0
 10
521.319723
 20
196.796988
 42
-0.074577
  0
VERTEX
  8
0
 10
521.023496
 20
196.108402
 42
-0.053610
  0
VERTEX
  8
0
 10
520.507948
 20
195.447218
 42
-0.053625
  0
VERTEX
  8
0
 10
519.863834
 20
194.910966
 42
-0.074768
  0
VERTEX
  8
0
 10
519.185725
 20
194.593492
 42
-0.007514
  0
VERTEX
  8
0
 10
513.768070
 20
193.073228
 42
-0.001524
  0
VERTEX
  8
0
 10
504.110542
 20
190.550584
 42
-0.000482
  0
VERTEX
  8
0
 10
493.705492
 20
187.877228
 42
-0.042366
  0
VERTEX
  8
0
 10
492.121637
 20
187.612120
 42
-0.141108
  0
VERTEX
  8
0
 10
491.570366
 20
187.723409
 42
-0.090484
  0
VERTEX
  8
0
 10
491.051137
 20
188.126420
 42
-0.077444
  0
VERTEX
  8
0
 10
490.642258
 20
188.756398
 42
-0.064855
  0
VERTEX
  8
0
 10
490.412955
 20
189.520373
 42
-0.259006
  0
VERTEX
  8
0
 10
490.865774
 20
190.781135
 42
-0.085412
  0
VERTEX
  8
0
 10
492.605658
 20
191.844752
 42
-0.028917
  0
VERTEX
  8
0
 10
496.346201
 20
193.086278
 42
-0.003019
  0
VERTEX
  8
0
 10
505.291318
 20
195.433458
 42
0.000472
  0
VERTEX
  8
0
 10
511.137860
 20
196.935779
 42
0.000769
  0
VERTEX
  8
0
 10
516.096174
 20
198.222983
 42
0.000077
  0
VERTEX
  8
0
 10
520.529444
 20
199.381894
 42
0.077161
  0
VERTEX
  8
0
 10
520.716933
 20
199.463352
 42
0.308038
  0
VERTEX
  8
0
 10
520.778136
 20
199.604443
 42
0.005887
  0
VERTEX
  8
0
 10
520.611355
 20
200.426721
 42
0.012069
  0
VERTEX
  8
0
 10
520.374966
 20
201.409598
 42
0.007518
  0
VERTEX
  8
0
 10
520.052886
 20
202.550267
 42
0.008081
  0
VERTEX
  8
0
 10
519.623584
 20
203.907297
 42
0.119207
  0
VERTEX
  8
0
 10
519.359967
 20
204.327915
 42
0.601439
  0
VERTEX
  8
0
 10
519.171873
 20
204.267808
 42
0.033939
  0
VERTEX
  8
0
 10
519.085953
 20
203.494749
 42
-0.226857
  0
VERTEX
  8
0
 10
518.432570
 20
202.266825
 42
-0.063452
  0
VERTEX
  8
0
 10
516.480984
 20
201.178003
 42
-0.027293
  0
VERTEX
  8
0
 10
512.707840
 20
199.895744
 42
-0.003814
  0
VERTEX
  8
0
 10
504.750000
 20
197.732758
 42
-0.002196
  0
VERTEX
  8
0
 10
499.194170
 20
196.294131
 42
-0.003230
  0
VERTEX
  8
0
 10
494.298955
 20
195.083082
 42
-0.001523
  0
VERTEX
  8
0
 10
490.125248
 20
194.092534
 42
-0.059840
  0
VERTEX
  8
0
 10
489.182612
 20
193.988009
 42
0.136657
  0
VERTEX
  8
0
 10
488.670765
 20
193.850459
 42
0.170597
  0
VERTEX
  8
0
 10
488.356148
 20
193.475941
 42
0.114289
  0
VERTEX
  8
0
 10
488.272661
 20
192.852694
 42
0.045532
  0
VERTEX
  8
0
 10
488.432612
 20
192.000000
 42
0.000151
  0
VERTEX
  8
0
 10
488.693629
 20
191.080996
 42
0.000085
  0
VERTEX
  8
0
 10
489.011640
 20
189.963327
 42
0.000084
  0
VERTEX
  8
0
 10
489.333435
 20
188.833809
 42
0.000137
  0
VERTEX
  8
0
 10
489.607012
 20
187.875154
 42
-0.056322
  0
VERTEX
  8
0
 10
489.758837
 20
186.967497
 42
-0.071074
  0
VERTEX
  8
0
 10
489.683493
 20
186.120268
 42
-0.081621
  0
VERTEX
  8
0
 10
489.394104
 20
185.423174
 42
-0.115726
  0
VERTEX
  8
0
 10
488.920433
 20
184.950825
 42
0.088460
  0
VERTEX
  8
0
 10
488.342886
 20
184.433932
 42
0.161370
  0
VERTEX
  8
0
 10
488.131546
 20
183.844594
 42
0.102767
  0
VERTEX
  8
0
 10
488.276069
 20
183.052509
 42
0.024252
  0
VERTEX
  8
0
 10
488.844351
 20
181.825671
 42
0.009875
  0
VERTEX
  8
0
 10
489.296694
 20
181.001635
 42
0.093566
  0
VERTEX
  8
0
 10
489.557475
 20
180.697228
 42
0.671894
  0
VERTEX
  8
0
 10
489.662036
 20
180.755357
 42
0.039582
  0
VERTEX
  8
0
 10
489.562315
 20
181.250000
 42
-0.100920
  0
VERTEX
  8
0
 10
489.474026
 20
182.395824
 42
-0.299343
  0
VERTEX
  8
0
 10
489.961473
 20
182.967585
 42
-0.290267
  0
VERTEX
  8
0
 10
490.696617
 20
182.754693
 42
-0.098911
  0
VERTEX
  8
0
 10
491.280876
 20
181.750000
 42
0.053184
  0
VERTEX
  8
0
 10
491.411166
 20
181.470214
 42
0.719580
  0
VERTEX
  8
0
 10
491.483661
 20
181.486333
 42
0.057934
  0
VERTEX
  8
0
 10
491.479558
 20
181.852098
 42
0.007961
  0
VERTEX
  8
0
 10
491.370856
 20
182.607728
 42
-0.236359
  0
VERTEX
  8
0
 10
491.782583
 20
183.913705
 42
-0.100513
  0
VERTEX
  8
0
 10
493.337087
 20
184.979128
 42
-0.032158
  0
VERTEX
  8
0
 10
496.780134
 20
186.182358
 42
-0.003157
  0
VERTEX
  8
0
 10
505.266656
 20
188.490854
 42
0.000118
  0
VERTEX
  8
0
 10
510.846616
 20
189.972345
 42
0.000165
  0
VERTEX
  8
0
 10
515.833018
 20
191.299259
 42
0.000098
  0
VERTEX
  8
0
 10
520.035569
 20
192.419945
 42
0.002191
  0
VERTEX
  8
0
 10
521.250000
 20
192.749757
 42
-0.075511
  0
VERTEX
  8
0
 10
522.084814
 20
192.849426
 42
-0.202269
  0
VERTEX
  8
0
 10
522.617954
 20
192.604233
 42
-0.149287
  0
VERTEX
  8
0
 10
522.915295
 20
191.979462
 42
-0.036970
  0
VERTEX
  8
0
 10
523.000000
 20
190.835433
 42
-0.176687
  0
VERTEX
  8
0
 10
522.466449
 20
189.372690
 42
-0.114618
  0
VERTEX
  8
0
 10
521.010236
 20
188.281604
 42
-0.036917
  0
VERTEX
  8
0
 10
517.846853
 20
187.159080
 42
-0.003353
  0
VERTEX
  8
0
 10
509.750000
 20
185.000964
 42
-0.000926
  0
VERTEX
  8
0
 10
504.575890
 20
183.669188
 42
-0.001340
  0
VERTEX
  8
0
 10
499.998083
 20
182.512995
 42
-0.000682
  0
VERTEX
  8
0
 10
496.110030
 20
181.547714
 42
-0.022206
  0
VERTEX
  8
0
 10
495.158369
 20
181.357198
 42
0.050718
  0
VERTEX
  8
0
 10
494.028129
 20
181.063147
 42
0.108187
  0
VERTEX
  8
0
 10
493.272776
 20
180.577485
 42
0.428931
  0
VERTEX
  8
0
 10
493.282775
 20
180.200852
 42
0.185553
  0
VERTEX
  8
0
 10
493.805366
 20
180.000000
 42
0.064604
  0
VERTEX
  8
0
 10
495.987789
 20
180.283166
 42
0.000976
  0
VERTEX
  8
0
 10
508.387142
 20
183.581754
 42
0.001682
  0
VERTEX
  8
0
 10
520.274316
 20
186.811850
 42
0.032944
  0
VERTEX
  8
0
 10
523.859224
 20
188.058032
 42
0.046225
  0
VERTEX
  8
0
 10
524.964675
 20
188.651650
 42
0.118271
  0
VERTEX
  8
0
 10
525.580118
 20
189.312068
 42
0.130780
  0
VERTEX
  8
0
 10
525.794390
 20
190.135304
 42
0.062663
  0
VERTEX
  8
0
 10
525.651075
 20
191.226291
 42
-0.047690
  0
VERTEX
  8
0
 10
525.503222
 20
192.139737
 42
-0.044088
  0
VERTEX
  8
0
 10
525.525028
 20
193.089543
 42
-0.047015
  0
VERTEX
  8
0
 10
525.700822
 20
193.934881
 42
-0.098751
  0
VERTEX
  8
0
 10
526.018716
 20
194.522552
 42
0.202366
  0
VERTEX
  8
0
 10
526.311731
 20
195.492468
 42
0.014666
  0
VERTEX
  8
0
 10
525.926221
 20
198.324714
 42
0.016290
  0
VERTEX
  8
0
 10
525.169419
 20
202.112756
 42
0.007164
  0
VERTEX
  8
0
 10
523.933616
 20
207.074588
 42
0.001509
  0
VERTEX
  8
0
 10
520.479664
 20
219.983433
 42
0.014437
  0
VERTEX
  8
0
 10
518.831712
 20
225.439444
 42
0.029595
  0
VERTEX
  8
0
 10
517.673197
 20
228.328446
 42
0.290330
  0
VERTEX
  8
0
 10
516.614147
 20
229.000000
 42
-0.224625
  0
VERTEX
  8
0
 10
516.030593
 20
229.276092
 42
-0.048984
  0
VERTEX
  8
0
 10
515.395696
 20
230.226219
 42
-0.041246
  0
VERTEX
  8
0
 10
514.803337
 20
231.593810
 42
-0.026972
  0
VERTEX
  8
0
 10
514.340745
 20
233.250000
 42
0.024872
  0
VERTEX
  8
0
 10
513.897712
 20
234.862258
 42
0.039209
  0
VERTEX
  8
0
 10
513.344097
 20
236.185374
 42
0.046259
  0
VERTEX
  8
0
 10
512.767851
 20
237.090137
 42
0.284570
  0
VERTEX
  8
0
 10
512.272699
 20
237.274678
 42
-0.233193
  0
VERTEX
  8
0
 10
511.794497
 20
237.402128
 42
-0.069653
  0
VERTEX
  8
0
 10
511.286467
 20
237.989546
 42
-0.053711
  0
VERTEX
  8
0
 10
510.826981
 20
238.901649
 42
-0.035799
  0
VERTEX
  8
0
 10
510.494580
 20
240.024678
 42
0.039694
  0
VERTEX
  8
0
 10
509.977787
 20
241.722039
 42
0.165313
  0
VERTEX
  8
0
 10
509.296392
 20
242.526828
 42
0.122691
  0
VERTEX
  8
0
 10
508.142652
 20
242.879190
 42
0.017853
  0
VERTEX
  8
0
 10
505.670545
 20
242.920100
 42
0.026966
  0
VERTEX
  8
0
 10
503.590687
 20
242.767842
 42
0.009840
  0
VERTEX
  8
0
 10
500.668848
 20
242.336180
 42
0.009723
  0
VERTEX
  8
0
 10
497.485783
 20
241.737862
 42
0.011468
  0
SEQEND
  0
POLYLINE
  8
0
 66
1
 70
1
  0
VERTEX
  8
0
 10
508.082231
 20
239.250000
 42
0.012767
  0
VERTEX
  8
0
 10
508.144796
 20
238.388398
 42
0.005035
  0
VERTEX
  8
0
 10
508.273075
 20
237.206250
 42
0.004979
  0
VERTEX
  8
0
 10
508.437350
 20
235.931067
 42
0.006206
  0
VERTEX
  8
0
 10
508.616441
 20
234.750000
 42
-0.034331
  0
VERTEX
  8
0
 10
508.717935
 20
233.676497
 42
-0.060791
  0
VERTEX
  8
0
 10
508.632986
 20
232.792517
 42
-0.089800
  0
VERTEX
  8
0
 10
508.387196
 20
232.205212
 42
-0.254096
  0
VERTEX
  8
0
 10
508.009460
 20
232.000000
 42
-0.257157
  0
VERTEX
  8
0
 10
507.068303
 20
232.518326
 42
-0.040347
  0
VERTEX
  8
0
 10
506.048464
 20
234.461405
 42
-0.041947
  0
VERTEX
  8
0
 10
505.262302
 20
236.842975
 42
-0.058816
  0
VERTEX
  8
0
 10
505.000000
 20
239.065100
 42
-0.159389
  0
VERTEX
  8
0
 10
505.430046
 20
240.379874
 42
-0.223263
  0
VERTEX
  8
0
 10
506.498765
 20
240.962661
 42
-0.234760
  0
VERTEX
  8
0
 10
507.585757
 20
240.501484
 42
-0.166879
  0
SEQEND
  0
POLYLINE
  8
0
 66
1
 70
1
  0
VERTEX
  8
0
 10
502.388799
 20
239.179927
 42
-0.057015
  0
VERTEX
  8
0
 10
502.614831
 20
238.699391
 42
-0.012230
  0
VERTEX
  8
0
 10
502.888622
 20
237.818368
 42
-0.012626
  0
VERTEX
  8
0
 10
503.156492
 20
236.776239
 42
-0.011740
  0
VERTEX
  8
0
 10
503.378604
 20
235.696423
 42
0.014355
  0
VERTEX
  8
0
 10
503.609652
 20
234.602183
 42
0.014115
  0
VERTEX
  8
0
 10
503.904245
 20
233.516779
 42
0.014132
  0
VERTEX
  8
0
 10
504.215885
 20
232.581135
 42
0.050993
  0
VERTEX
  8
0
 10
504.489805
 20
232.016496
 42
-0.196318
  0
VERTEX
  8
0
 10
504.554434
 20
231.630434
 42
-0.184879
  0
VERTEX
  8
0
 10
504.332498
 20
231.297142
 42
-0.106736
  0
VERTEX
  8
0
 10
503.807981
 20
231.072261
 42
-0.048129
  0
VERTEX
  8
0
 10
503.059017
 20
231.000000
 42
-0.071128
  0
VERTEX
  8
0
 10
502.209294
 20
231.121493
 42
-0.098806
  0
VERTEX
  8
0
 10
501.529399
 20
231.476324
 42
-0.108012
  0
VERTEX
  8
0
 10
501.078682
 20
232.036399
 42
-0.099672
  0
VERTEX
  8
0
 10
500.885980
 20
232.750000
 42
0.005805
  0
VERTEX
  8
0
 10
500.819783
 20
233.611679
 42
0.002301
  0
VERTEX
  8
0
 10
500.709670
 20
234.793750
 42
0.002277
  0
VERTEX
  8
0
 10
500.579094
 20
236.068948
 42
0.002856
  0
VERTEX
  8
0
 10
500.445892
 20
237.250000
 42
-0.053469
  0
VERTEX
  8
0
 10
500.427507
 20
238.894152
 42
-0.175029
  0
VERTEX
  8
0
 10
500.885570
 20
239.861605
 42
-0.341412
  0
VERTEX
  8
0
 10
501.602469
 20
239.950988
 42
-0.121405
  0
SEQEND
  0
POLYLINE
  8
0
 66
1
 70
1
  0
VERTEX
  8
0
 10
498.024751
 20
236.434900
 42
-0.043211
  0
VERTEX
  8
0
 10
498.723789
 20
233.975732
 42
-0.046527
  0
VERTEX
  8
0
 10
498.966800
 20
231.493676
 42
-0.054480
  0
VERTEX
  8
0
 10
498.765541
 20
229.569997
 42
-0.353091
  0
VERTEX
  8
0
 10
498.059017
 20
229.000000
 42
-0.170283
  0
VERTEX
  8
0
 10
497.163874
 20
229.313960
 42
-0.125131
  0
VERTEX
  8
0
 10
496.524840
 20
230.159532
 42
-0.058035
  0
VERTEX
  8
0
 10
496.050846
 20
231.793995
 42
-0.011591
  0
VERTEX
  8
0
 10
495.616825
 20
234.805476
 42
-0.029433
  0
VERTEX
  8
0
 10
495.436808
 20
237.747765
 42
-0.249529
  0
VERTEX
  8
0
 10
496.036331
 20
238.880431
 42
-0.431870
  0
VERTEX
  8
0
 10
496.943984
 20
238.677044
 42
-0.042948
  0
SEQEND
  0
POLYLINE
  8
0
 66
1
 70
1
  0
VERTEX
  8
0
 10
492.519747
 20
236.750000
 42
-0.023785
  0
VERTEX
  8
0
 10
492.717380
 20
236.117668
 42
-0.008891
  0
VERTEX
  8
0
 10
492.936253
 20
235.213820
 42
-0.008786
  0
VERTEX
  8
0
 10
493.140229
 20
234.218969
 42
-0.010530
  0
VERTEX
  8
0
 10
493.295926
 20
233.275770
 42
0.023527
  0
VERTEX
  8
0
 10
493.469062
 20
232.373489
 42
0.024314
  0
VERTEX
  8
0
 10
493.724765
 20
231.501504
 42
0.024949
  0
VERTEX
  8
0
 10
494.019365
 20
230.771876
 42
0.088168
  0
VERTEX
  8
0
 10
494.307564
 20
230.359103
 42
-0.077474
  0
VERTEX
  8
0
 10
494.903809
 20
229.542640
 42
-0.216587
  0
VERTEX
  8
0
 10
494.938091
 20
228.851130
 42
-0.245957
  0
VERTEX
  8
0
 10
494.451058
 20
228.431318
 42
-0.093974
  0
VERTEX
  8
0
 10
493.528944
 20
228.392873
 42
-0.052288
  0
VERTEX
  8
0
 10
492.261625
 20
228.716756
 42
-0.149274
  0
VERTEX
  8
0
 10
491.545532
 20
229.262322
 42
-0.104228
  0
VERTEX
  8
0
 10
491.111576
 20
230.245459
 42
-0.018714
  0
VERTEX
  8
0
 10
490.769750
 20
232.230250
 42
0.020221
  0
VERTEX
  8
0
 10
490.579862
 20
233.313304
 42
0.022440
  0
VERTEX
  8
0
 10
490.308000
 20
234.339917
 42
0.022520
  0
VERTEX
  8
0
 10
489.999837
 20
235.187350
 42
0.098211
  0
VERTEX
  8
0
 10
489.704479
 20
235.628854
 42
-0.087537
  0
VERTEX
  8
0
 10
489.106283
 20
236.483341
 42
-0.195352
  0
VERTEX
  8
0
 10
489.067095
 20
237.261832
 42
-0.211314
  0
VERTEX
  8
0
 10
489.575250
 20
237.805063
 42
-0.100902
  0
VERTEX
  8
0
 10
490.531385
 20
238.000000
 42
-0.075020
  0
VERTEX
  8
0
 10
491.150958
 20
237.906513
 42
-0.065520
  0
VERTEX
  8
0
 10
491.747162
 20
237.632812
 42
-0.068094
  0
VERTEX
  8
0
 10
492.230654
 20
237.227879
 42
-0.097085
  0
SEQEND
  0
POLYLINE
  8
0
 66
1
 70
1
  0
VERTEX
  8
0
 10
488.692792
 20
231.500000
 42
-0.010827
  0
VERTEX
  8
0
 10
489.171084
 20
229.179942
 42
-0.060608
  0
VERTEX
  8
0
 10
489.247742
 20
227.916202
 42
-0.161424
  0
VERTEX
  8
0
 10
488.986472
 20
227.263148
 42
-0.221033
  0
VERTEX
  8
0
 10
488.420286
 20
227.000000
 42
-0.135894
  0
VERTEX
  8
0
 10
487.299104
 20
227.310458
 42
-0.134616
  0
VERTEX
  8
0
 10
486.492484
 20
228.154203
 42
-0.073713
  0
VERTEX
  8
0
 10
485.916123
 20
229.742394
 42
-0.018408
  0
VERTEX
  8
0
 10
485.463828
 20
232.472949
 42
-0.054295
  0
VERTEX
  8
0
 10
485.408322
 20
235.416324
 42
-0.475013
  0
VERTEX
  8
0
 10
486.349542
 20
236.052334
 42
-0.229317
  0
VERTEX
  8
0
 10
487.652663
 20
234.854064
 42
-0.037891
  0
SEQEND
  0
POLYLINE
  8
0
 66
1
 70
1
  0
VERTEX
  8
0
 10
483.510677
 20
229.693002
 42
-0.017203
  0
VERTEX
  8
0
 10
483.671245
 20
227.809970
 42
-0.034268
  0
VERTEX
  8
0
 10
483.644558
 20
226.314756
 42
-0.042718
  0
VERTEX
  8
0
 10
483.464702
 20
225.277811
 42
-0.340759
  0
VERTEX
  8
0
 10
483.104400
 20
225.000000
 42
-0.308025
  0
VERTEX
  8
0
 10
481.795649
 20
225.890771
 42
-0.043648
  0
VERTEX
  8
0
 10
480.819752
 20
229.180918
 42
-0.043356
  0
VERTEX
  8
0
 10
480.422808
 20
232.634141
 42
-0.267363
  0
VERTEX
  8
0
 10
481.239482
 20
234.148008
 42
-0.077667
  0
VERTEX
  8
0
 10
482.209754
 20
234.556576
 42
-0.348923
  0
VERTEX
  8
0
 10
482.732436
 20
234.318188
 42
-0.084365
  0
VERTEX
  8
0
 10
483.048730
 20
233.306928
 42
-0.003833
  0
SEQEND
  0
POLYLINE
  8
0
 66
1
 70
1
  0
VERTEX
  8
0
 10
513.683114
 20
230.812500
 42
-0.054073
  0
VERTEX
  8
0
 10
513.461564
 20
230.395823
 42
-0.470617
  0
VERTEX
  8
0
 10
513.279315
 20
230.378580
 42
-0.168741
  0
VERTEX
  8
0
 10
513.137993
 20
230.670344
 42
-0.018894
  0
VERTEX
  8
0
 10
513.078947
 20
231.416667
 42
-0.028489
  0
VERTEX
  8
0
 10
513.089945
 20
232.112848
 42
-0.077125
  0
VERTEX
  8
0
 10
513.200665
 20
232.592839
 42
-0.208169
  0
VERTEX
  8
0
 10
513.385309
 20
232.775380
 42
-0.296942
  0
VERTEX
  8
0
 10
513.604167
 20
232.729167
 42
-0.126455
  0
VERTEX
  8
0
 10
513.797407
 20
232.402231
 42
-0.060344
  0
VERTEX
  8
0
 10
513.876576
 20
231.916927
 42
-0.054150
  0
VERTEX
  8
0
 10
513.839148
 20
231.359369
 42
-0.051402
  0
SEQEND
  0
POLYLINE
  8
0
 66
1
 70
1
  0
VERTEX
  8
0
 10
511.031803
 20
229.125000
 42
0.065554
  0
VERTEX
  8
0
 10
511.147122
 20
228.364504
 42
0.029195
  0
VERTEX
  8
0
 10
511.485547
 20
227.407137
 42
0.028280
  0
VERTEX
  8
0
 10
511.967465
 20
226.421356
 42
0.034091
  0
VERTEX
  8
0
 10
512.531803
 20
225.558870
 42
-0.025291
  0
VERTEX
  8
0
 10
513.093735
 20
224.732166
 42
-0.025367
  0
VERTEX
  8
0
 10
513.568717
 20
223.853750
 42
-0.026193
  0
VERTEX
  8
0
 10
513.902490
 20
223.047720
 42
-0.085261
  0
VERTEX
  8
0
 10
514.000000
 20
222.480046
 42
-0.331797
  0
VERTEX
  8
0
 10
513.266101
 20
221.495853
 42
-0.001660
  0
VERTEX
  8
0
 10
500.736913
 20
217.811395
 42
-0.004760
  0
VERTEX
  8
0
 10
489.029989
 20
214.531451
 42
-0.068313
  0
VERTEX
  8
0
 10
484.750000
 20
213.983934
 42
-0.095202
  0
VERTEX
  8
0
 10
484.049297
 20
214.125253
 42
-0.108404
  0
VERTEX
  8
0
 10
483.487075
 20
214.513873
 42
-0.104636
  0
VERTEX
  8
0
 10
483.125628
 20
215.114800
 42
-0.083442
  0
VERTEX
  8
0
 10
483.000000
 20
215.862349
 42
-0.252311
  0
VERTEX
  8
0
 10
483.615438
 20
217.004313
 42
-0.052654
  0
VERTEX
  8
0
 10
485.707154
 20
218.085257
 42
-0.025068
  0
VERTEX
  8
0
 10
489.631621
 20
219.392926
 42
-0.003925
  0
VERTEX
  8
0
 10
497.509487
 20
221.519529
 42
0.003220
  0
VERTEX
  8
0
 10
503.043994
 20
223.005176
 42
0.005535
  0
VERTEX
  8
0
 10
507.632895
 20
224.323545
 42
0.001426
  0
VERTEX
  8
0
 10
511.539461
 20
225.504995
 42
0.565830
  0
VERTEX
  8
0
 10
511.597129
 20
225.736204
 42
0.253961
  0
VERTEX
  8
0
 10
511.212669
 20
225.850092
 42
0.002005
  0
VERTEX
  8
0
 10
507.968769
 20
225.147061
 42
0.006602
  0
VERTEX
  8
0
 10
504.214384
 20
224.265475
 42
0.004117
  0
VERTEX
  8
0
 10
499.837642
 20
223.138232
 42
-0.002480
  0
VERTEX
  8
0
 10
490.788548
 20
220.775980
 42
-0.016309
  0
VERTEX
  8
0
 10
486.214928
 20
219.763907
 42
-0.028555
  0
VERTEX
  8
0
 10
483.598486
 20
219.426984
 42
-0.435157
  0
VERTEX
  8
0
 10
483.000000
 20
219.984433
 42
0.043025
  0
VERTEX
  8
0
 10
482.963517
 20
220.407625
 42
0.015604
  0
VERTEX
  8
0
 10
482.841775
 20
220.998480
 42
0.015340
  0
VERTEX
  8
0
 10
482.667568
 20
221.640195
 42
0.017664
  0
VERTEX
  8
0
 10
482.461362
 20
222.240093
 42
-0.288375
  0
VERTEX
  8
0
 10
482.696137
 20
223.428089
 42
-0.073987
  0
VERTEX
  8
0
 10
484.306570
 20
224.694727
 42
-0.061454
  0
VERTEX
  8
0
 10
486.635495
 20
225.668446
 42
-0.068421
  0
VERTEX
  8
0
 10
489.047053
 20
226.000000
 42
0.047627
  0
VERTEX
  8
0
 10
489.794483
 20
226.071357
 42
0.067618
  0
VERTEX
  8
0
 10
490.426322
 20
226.284531
 42
0.087785
  0
VERTEX
  8
0
 10
490.852220
 20
226.598691
 42
0.192353
  0
VERTEX
  8
0
 10
491.000000
 20
226.968615
 42
-0.148665
  0
VERTEX
  8
0
 10
491.100441
 20
227.298957
 42
-0.151330
  0
VERTEX
  8
0
 10
491.367188
 20
227.514699
 42
-0.116314
  0
VERTEX
  8
0
 10
491.771946
 20
227.575089
 42
-0.069115
  0
VERTEX
  8
0
 10
492.250000
 20
227.467440
 42
0.123120
  0
VERTEX
  8
0
 10
493.059967
 20
227.374296
 42
0.011741
  0
VERTEX
  8
0
 10
495.042188
 20
227.681982
 42
0.014420
  0
VERTEX
  8
0
 10
497.419322
 20
228.179496
 42
0.010884
  0
VERTEX
  8
0
 10
500.000000
 20
228.857502
 42
-0.011736
  0
VERTEX
  8
0
 10
505.337212
 20
230.250003
 42
-0.051922
  0
VERTEX
  8
0
 10
508.553120
 20
230.663883
 42
-0.125196
  0
VERTEX
  8
0
 10
510.323724
 20
230.258911
 42
-0.276026
  0
SEQEND
  0
POLYLINE
  8
0
 66
1
 70
1
  0
VERTEX
  8
0
 10
479.290110
 20
223.998620
 42
-0.033809
  0
VERTEX
  8
0
 10
479.429487
 20
223.266748
 42
-0.095442
  0
VERTEX
  8
0
 10
479.393387
 20
222.749762
 42
-0.238295
  0
VERTEX
  8
0
 10
479.198880
 20
222.531490
 42
-0.236417
  0
VERTEX
  8
0
 10
478.906741
 20
222.557637
 42
-0.095554
  0
VERTEX
  8
0
 10
478.559445
 20
222.877374
 42
-0.052741
  0
VERTEX
  8
0
 10
478.266355
 20
223.376706
 42
-0.049897
  0
VERTEX
  8
0
 10
478.067260
 20
223.966253
 42
-0.056553
  0
VERTEX
  8
0
 10
478.000000
 20
224.559017
 42
-0.036651
  0
VERTEX
  8
0
 10
478.087262
 20
225.747863
 42
-0.493596
  0
VERTEX
  8
0
 10
478.416075
 20
225.930595
 42
-0.209047
  0
VERTEX
  8
0
 10
478.839479
 20
225.475053
 42
-0.020231
  0
SEQEND
  0
POLYLINE
  8
0
 66
1
 70
1
  0
VERTEX
  8
0
 10
514.762167
 20
216.602993
 42
-0.226263
  0
VERTEX
  8
0
 10
514.263566
 20
215.288157
 42
-0.091975
  0
VERTEX
  8
0
 10
512.621571
 20
214.212674
 42
-0.031390
  0
VERTEX
  8
0
 10
509.114729
 20
212.997067
 42
-0.003288
  0
VERTEX
  8
0
 10
500.719216
 20
210.724614
 42
-0.001100
  0
VERTEX
  8
0
 10
495.223147
 20
209.288615
 42
-0.001725
  0
VERTEX
  8
0
 10
490.490843
 20
208.080690
 42
-0.000435
  0
VERTEX
  8
0
 10
486.350298
 20
207.042846
 42
-0.066009
  0
VERTEX
  8
0
 10
485.866631
 20
206.988009
 42
-0.216184
  0
VERTEX
  8
0
 10
485.588451
 20
207.120587
 42
-0.044094
  0
VERTEX
  8
0
 10
485.267196
 20
207.578182
 42
-0.039122
  0
VERTEX
  8
0
 10
484.960012
 20
208.221036
 42
-0.027953
  0
VERTEX
  8
0
 10
484.715410
 20
208.980270
 42
-0.094514
  0
VERTEX
  8
0
 10
484.645318
 20
210.020015
 42
-0.173436
  0
VERTEX
  8
0
 10
485.021068
 20
210.769705
 42
-0.101864
  0
VERTEX
  8
0
 10
485.972481
 20
211.365794
 42
-0.021439
  0
VERTEX
  8
0
 10
487.848779
 20
211.974693
 42
-0.008205
  0
VERTEX
  8
0
 10
489.342645
 20
212.363338
 42
-0.008839
  0
VERTEX
  8
0
 10
490.811978
 20
212.692577
 42
-0.008447
  0
VERTEX
  8
0
 10
492.081146
 20
212.931221
 42
-0.041200
  0
VERTEX
  8
0
 10
492.809017
 20
212.994423
 42
0.096056
  0
VERTEX
  8
0
 10
493.260813
 20
213.084025
 42
0.179193
  0
VERTEX
  8
0
 10
493.532202
 20
213.332789
 42
0.171586
  0
VERTEX
  8
0
 10
493.582847
 20
213.707393
 42
0.087244
  0
VERTEX
  8
0
 10
493.404508
 20
214.154508
 42
-0.029888
  0
VERTEX
  8
0
 10
493.168021
 20
214.593832
 42
-0.268375
  0
VERTEX
  8
0
 10
493.187002
 20
214.803378
 42
-0.351466
  0
VERTEX
  8
0
 10
493.361554
 20
214.853591
 42
-0.039451
  0
VERTEX
  8
0
 10
493.755221
 20
214.651282
 42
0.180258
  0
VERTEX
  8
0
 10
495.398660
 20
214.323460
 42
0.014302
  0
VERTEX
  8
0
 10
499.836213
 20
215.169520
 42
0.012203
  0
VERTEX
  8
0
 10
504.182025
 20
216.239479
 42
0.501242
  0
VERTEX
  8
0
 10
504.489017
 20
217.017771
 42
-0.433177
  0
VERTEX
  8
0
 10
504.550427
 20
217.244974
 42
-0.094403
  0
VERTEX
  8
0
 10
504.985317
 20
217.379987
 42
-0.046593
  0
VERTEX
  8
0
 10
505.765472
 20
217.395319
 42
-0.021181
  0
VERTEX
  8
0
 10
506.780262
 20
217.277254
 42
0.016482
  0
VERTEX
  8
0
 10
507.853892
 20
217.142108
 42
0.089019
  0
VERTEX
  8
0
 10
508.437344
 20
217.192005
 42
0.441236
  0
VERTEX
  8
0
 10
508.541672
 20
217.393961
 42
0.150082
  0
VERTEX
  8
0
 10
508.315324
 20
217.690355
 42
-0.297725
  0
VERTEX
  8
0
 10
508.180284
 20
218.037079
 42
-0.257412
  0
VERTEX
  8
0
 10
508.439316
 20
218.337700
 42
-0.065759
  0
VERTEX
  8
0
 10
509.346906
 20
218.544813
 42
-0.016705
  0
VERTEX
  8
0
 10
510.858274
 20
218.635031
 42
-0.020206
  0
VERTEX
  8
0
 10
512.867240
 20
218.606520
 42
-0.106735
  0
VERTEX
  8
0
 10
513.923509
 20
218.317301
 42
-0.175318
  0
VERTEX
  8
0
 10
514.495145
 20
217.695965
 42
-0.078682
  0
SEQEND
  0
POLYLINE
  8
0
 66
1
 70
1
  0
VERTEX
  8
0
 10
517.286798
 20
210.268630
 42
-0.067184
  0
VERTEX
  8
0
 10
517.353202
 20
209.076834
 42
-0.185059
  0
VERTEX
  8
0
 10
516.997420
 20
208.329814
 42
-0.121768
  0
VERTEX
  8
0
 10
516.107639
 20
207.822730
 42
-0.022554
  0
VERTEX
  8
0
 10
514.258848
 20
207.388782
 42
0.015665
  0
VERTEX
  8
0
 10
512.682433
 20
207.041601
 42
0.094230
  0
VERTEX
  8
0
 10
511.925256
 20
206.688824
 42
0.337086
  0
VERTEX
  8
0
 10
511.806670
 20
206.300852
 42
0.162666
  0
VERTEX
  8
0
 10
512.151082
 20
205.871549
 42
-0.214098
  0
VERTEX
  8
0
 10
512.334748
 20
205.589246
 42
-0.420910
  0
VERTEX
  8
0
 10
512.189618
 20
205.395064
 42
-0.061932
  0
VERTEX
  8
0
 10
511.398238
 20
205.388371
 42
-0.012438
  0
VERTEX
  8
0
 10
510.000000
 20
205.585590
 42
0.007186
  0
VERTEX
  8
0
 10
508.148110
 20
205.866665
 42
0.106842
  0
VERTEX
  8
0
 10
507.498160
 20
205.816769
 42
0.539462
  0
VERTEX
  8
0
 10
507.418879
 20
205.552892
 42
0.051867
  0
VERTEX
  8
0
 10
508.000000
 20
204.989860
 42
-0.004437
  0
VERTEX
  8
0
 10
508.876839
 20
204.288268
 42
-0.339443
  0
VERTEX
  8
0
 10
508.915813
 20
204.123756
 42
-0.376903
  0
VERTEX
  8
0
 10
508.770630
 20
204.057512
 42
-0.004781
  0
VERTEX
  8
0
 10
507.727586
 20
204.382884
 42
0.112400
  0
VERTEX
  8
0
 10
505.185405
 20
204.607380
 42
0.025811
  0
VERTEX
  8
0
 10
500.924787
 20
203.799502
 42
0.029514
  0
VERTEX
  8
0
 10
497.321596
 20
202.692747
 42
0.616997
  0
VERTEX
  8
0
 10
497.227341
 20
201.824419
 42
-0.323600
  0
VERTEX
  8
0
 10
497.321915
 20
201.581731
 42
-0.311979
  0
VERTEX
  8
0
 10
497.121102
 20
201.408554
 42
-0.053448
  0
VERTEX
  8
0
 10
496.294957
 20
201.408534
 42
-0.014558
  0
VERTEX
  8
0
 10
495.000000
 20
201.585590
 42
0.013346
  0
VERTEX
  8
0
 10
493.599184
 20
201.780578
 42
0.061058
  0
VERTEX
  8
0
 10
492.779224
 20
201.772092
 42
0.362240
  0
VERTEX
  8
0
 10
492.595850
 20
201.572634
 42
0.254793
  0
VERTEX
  8
0
 10
492.735410
 20
201.284192
 42
-0.203825
  0
VERTEX
  8
0
 10
492.958216
 20
200.918710
 42
-0.345786
  0
VERTEX
  8
0
 10
492.789467
 20
200.624332
 42
-0.080564
  0
VERTEX
  8
0
 10
492.004431
 20
200.445752
 42
-0.015724
  0
VERTEX
  8
0
 10
490.550000
 20
200.400000
 42
-0.020217
  0
VERTEX
  8
0
 10
489.268976
 20
200.451817
 42
-0.040150
  0
VERTEX
  8
0
 10
488.266739
 20
200.614702
 42
-0.063738
  0
VERTEX
  8
0
 10
487.655599
 20
200.850809
 42
-0.431186
  0
VERTEX
  8
0
 10
487.580902
 20
201.130902
 42
0.137866
  0
VERTEX
  8
0
 10
487.674819
 20
201.458040
 42
0.100161
  0
VERTEX
  8
0
 10
487.601389
 20
201.831610
 42
0.085979
  0
VERTEX
  8
0
 10
487.370849
 20
202.195048
 42
0.070216
  0
VERTEX
  8
0
 10
487.016312
 20
202.489919
 42
-0.128781
  0
VERTEX
  8
0
 10
486.164161
 20
203.384575
 42
-0.333195
  0
VERTEX
  8
0
 10
486.279897
 20
204.215868
 42
-0.129537
  0
VERTEX
  8
0
 10
487.515638
 20
204.942518
 42
-0.026647
  0
VERTEX
  8
0
 10
490.004249
 20
205.500718
 42
0.019442
  0
VERTEX
  8
0
 10
491.506516
 20
205.815027
 42
0.035767
  0
VERTEX
  8
0
 10
492.693017
 20
206.203791
 42
0.046945
  0
VERTEX
  8
0
 10
493.458201
 20
206.604059
 42
0.407725
  0
VERTEX
  8
0
 10
493.534512
 20
206.944159
 42
-0.396018
  0
VERTEX
  8
0
 10
493.584433
 20
207.189717
 42
-0.123751
  0
VERTEX
  8
0
 10
493.968902
 20
207.338770
 42
-0.054609
  0
VERTEX
  8
0
 10
494.705660
 20
207.349444
 42
-0.023569
  0
VERTEX
  8
0
 10
495.678887
 20
207.210555
 42
0.017663
  0
VERTEX
  8
0
 10
496.955269
 20
207.012997
 42
0.134011
  0
VERTEX
  8
0
 10
497.552018
 20
207.102085
 42
0.349486
  0
VERTEX
  8
0
 10
497.721625
 20
207.424921
 42
0.091473
  0
VERTEX
  8
0
 10
497.494116
 20
208.009520
 42
-0.021295
  0
VERTEX
  8
0
 10
497.194288
 20
208.544298
 42
-0.217016
  0
VERTEX
  8
0
 10
497.184120
 20
208.792149
 42
-0.414430
  0
VERTEX
  8
0
 10
497.344933
 20
208.859879
 42
-0.041632
  0
VERTEX
  8
0
 10
497.755221
 20
208.651282
 42
0.180258
  0
VERTEX
  8
0
 10
499.398660
 20
208.323460
 42
0.014302
  0
VERTEX
  8
0
 10
503.836213
 20
209.169520
 42
0.012203
  0
VERTEX
  8
0
 10
508.182025
 20
210.239479
 42
0.501242
  0
VERTEX
  8
0
 10
508.489017
 20
211.017771
 42
-0.433177
  0
VERTEX
  8
0
 10
508.550427
 20
211.244974
 42
-0.094403
  0
VERTEX
  8
0
 10
508.985317
 20
211.379987
 42
-0.046593
  0
VERTEX
  8
0
 10
509.765472
 20
211.395319
 42
-0.021181
  0
VERTEX
  8
0
 10
510.780262
 20
211.277254
 42
0.011745
  0
VERTEX
  8
0
 10
512.013124
 20
211.110188
 42
0.115686
  0
VERTEX
  8
0
 10
512.529747
 20
211.172035
 42
0.517812
  0
VERTEX
  8
0
 10
512.589248
 20
211.390671
 42
0.066963
  0
VERTEX
  8
0
 10
512.166354
 20
211.782424
 42
-0.096817
  0
VERTEX
  8
0
 10
511.770836
 20
212.194992
 42
-0.447707
  0
VERTEX
  8
0
 10
511.848801
 20
212.476021
 42
-0.110676
  0
VERTEX
  8
0
 10
512.459742
 20
212.624124
 42
-0.013528
  0
VERTEX
  8
0
 10
513.845386
 20
212.610713
 42
-0.037897
  0
VERTEX
  8
0
 10
515.326591
 20
212.443386
 42
-0.102687
  0
VERTEX
  8
0
 10
516.298349
 20
212.040639
 42
-0.125258
  0
VERTEX
  8
0
 10
516.916540
 20
211.341491
 42
-0.071365
  0
SEQEND
  0
POLYLINE
  8
0
 66
1
 70
1
  0
VERTEX
  8
0
 10
524.683114
 20
189.812500
 42
-0.054073
  0
VERTEX
  8
0
 10
524.461564
 20
189.395823
 42
-0.470617
  0
VERTEX
  8
0
 10
524.279315
 20
189.378580
 42
-0.168741
  0
VERTEX
  8
0
 10
524.137993
 20
189.670344
 42
-0.018894
  0
VERTEX
  8
0
 10
524.078947
 20
190.416667
 42
-0.028489
  0
VERTEX
  8
0
 10
524.089945
 20
191.112848
 42
-0.077125
  0
VERTEX
  8
0
 10
524.200665
 20
191.592839
 42
-0.208169
  0
VERTEX
  8
0
 10
524.385309
 20
191.775380
 42
-0.296942
  0
VERTEX
  8
0
 10
524.604167
 20
191.729167
 42
-0.126455
  0
VERTEX
  8
0
 10
524.797407
 20
191.402231
 42
-0.060344
  0
VERTEX
  8
0
 10
524.876576
 20
190.916927
 42
-0.054150
  0
VERTEX
  8
0
 10
524.839148
 20
190.359369
 42
-0.051402
  0
SEQEND
  0
POLYLINE
  8
0
 66
1
 70
1
  0
VERTEX
  8
0
 10
602.837963
 20
229.327520
 42
-0.024705
  0
VERTEX
  8
0
 10
601.970892
 20
228.491435
 42
-0.036439
  0
VERTEX
  8
0
 10
601.126230
 20
227.856011
 42
-0.040299
  0
VERTEX
  8
0
 10
600.406998
 20
227.470938
 42
-0.245931
  0
VERTEX
  8
0
 10
600.000000
 20
227.500000
 42
0.329916
  0
VERTEX
  8
0
 10
598.913661
 20
227.408784
 42
0.035543
  0
VERTEX
  8
0
 10
597.031458
 20
225.500910
 42
0.035422
  0
VERTEX
  8
0
 10
595.421673
 20
223.324085
 42
0.287423
  0
VERTEX
  8
0
 10
595.414344
 20
222.138595
 42
-0.221544
  0
VERTEX
  8
0
 10
595.480926
 20
221.574694
 42
-0.047025
  0
VERTEX
  8
0
 10
595.073932
 20
220.644635
 42
-0.040887
  0
VERTEX
  8
0
 10
594.352063
 20
219.562302
 42
-0.028874
  0
VERTEX
  8
0
 10
593.379407
 20
218.470317
 42
0.000000
  0
VERTEX
  8
0
 10
590.720590
 20
215.811499
 42
0.000000
  0
VERTEX
  8
0
 10
602.060520
 20
204.439308
 42
0.004123
  0
VERTEX
  8
0
 10
606.444661
 20
200.114619
 42
0.006869
  0
VERTEX
  8
0
 10
610.216113
 20
196.554465
 42
0.001888
  0
VERTEX
  8
0
 10
613.505175
 20
193.556854
 42
0.399614
  0
VERTEX
  8
0
 10
613.900083
 20
193.566749
 42
0.397730
  0
VERTEX
  8
0
 10
613.911248
 20
193.961153
 42
0.002116
  0
VERTEX
  8
0
 10
611.109865
 20
197.072474
 42
0.007277
  0
VERTEX
  8
0
 10
607.766728
 20
200.648063
 42
0.004370
  0
VERTEX
  8
0
 10
603.699858
 20
204.799521
 42
-0.003785
  0
VERTEX
  8
0
 10
599.598545
 20
208.976348
 42
-0.005936
  0
VERTEX
  8
0
 10
596.143083
 20
212.635068
 42
-0.001977
  0
VERTEX
  8
0
 10
593.221374
 20
215.828402
 42
-0.186378
  0
VERTEX
  8
0
 10
593.000000
 20
216.401659
 42
-0.186762
  0
VERTEX
  8
0
 10
593.400935
 20
217.437607
 42
-0.019221
  0
VERTEX
  8
0
 10
595.273440
 20
219.341923
 42
-0.023056
  0
VERTEX
  8
0
 10
597.671982
 20
221.400540
 42
-0.021097
  0
VERTEX
  8
0
 10
600.320080
 20
223.295004
 42
0.042780
  0
VERTEX
  8
0
 10
601.373362
 20
224.119761
 42
0.051968
  0
VERTEX
  8
0
 10
602.196897
 20
225.064165
 42
0.060043
  0
VERTEX
  8
0
 10
602.700306
 20
226.000387
 42
0.135363
  0
VERTEX
  8
0
 10
602.783502
 20
226.795004
 42
-0.068519
  0
VERTEX
  8
0
 10
602.764966
 20
227.458106
 42
-0.135239
  0
VERTEX
  8
0
 10
602.957786
 20
227.944073
 42
-0.166709
  0
VERTEX
  8
0
 10
603.337415
 20
228.200376
 42
-0.118246
  0
VERTEX
  8
0
 10
603.855260
 20
228.214913
 42
0.085379
  0
VERTEX
  8
0
 10
604.478575
 20
228.191847
 42
0.045258
  0
VERTEX
  8
0
 10
605.234567
 20
228.363928
 42
0.043298
  0
VERTEX
  8
0
 10
605.997594
 20
228.687255
 42
0.051389
  0
VERTEX
  8
0
 10
606.647642
 20
229.122532
 42
-0.045717
  0
VERTEX
  8
0
 10
607.402607
 20
229.640534
 42
-0.124564
  0
VERTEX
  8
0
 10
608.023879
 20
229.807226
 42
-0.138536
  0
VERTEX
  8
0
 10
608.608200
 20
229.651134
 42
-0.062341
  0
VERTEX
  8
0
 10
609.240435
 20
229.159565
 42
-0.179929
  0
VERTEX
  8
0
 10
609.584644
 20
228.407747
 42
-0.131075
  0
VERTEX
  8
0
 10
609.411854
 20
227.496337
 42
-0.064769
  0
VERTEX
  8
0
 10
608.618863
 20
226.279034
 42
-0.015761
  0
VERTEX
  8
0
 10
607.001887
 20
224.501947
 42
0.011815
  0
VERTEX
  8
0
 10
604.376241
 20
221.661656
 42
0.584800
  0
VERTEX
  8
0
 10
604.579969
 20
221.077969
 42
0.230389
  0
VERTEX
  8
0
 10
605.689395
 20
221.392471
 42
0.010167
  0
VERTEX
  8
0
 10
608.704339
 20
224.198053
 42
-0.016444
  0
VERTEX
  8
0
 10
610.398609
 20
225.735449
 42
-0.069922
  0
VERTEX
  8
0
 10
611.551516
 20
226.465337
 42
-0.140716
  0
VERTEX
  8
0
 10
612.427776
 20
226.593451
 42
-0.164197
  0
VERTEX
  8
0
 10
613.178318
 20
226.221682
 42
-0.093027
  0
VERTEX
  8
0
 10
613.640726
 20
225.545605
 42
-0.155474
  0
VERTEX
  8
0
 10
613.712901
 20
224.866487
 42
-0.104489
  0
VERTEX
  8
0
 10
613.369560
 20
224.078299
 42
-0.029139
  0
VERTEX
  8
0
 10
612.521384
 20
223.023629
 42
0.033416
  0
VERTEX
  8
0
 10
611.356349
 20
221.549335
 42
0.530172
  0
VERTEX
  8
0
 10
611.551604
 20
221.050420
 42
0.219718
  0
VERTEX
  8
0
 10
612.457681
 20
221.243343
 42
0.023307
  0
VERTEX
  8
0
 10
614.166741
 20
222.650898
 42
-0.041539
  0
VERTEX
  8
0
 10
615.310149
 20
223.524703
 42
-0.204952
  0
VERTEX
  8
0
 10
616.092560
 20
223.655146
 42
-0.132647
  0
VERTEX
  8
0
 10
616.930880
 20
223.194053
 42
-0.014195
  0
VERTEX
  8
0
 10
618.499898
 20
221.594611
 42
0.029840
  0
VERTEX
  8
0
 10
619.534811
 20
220.603611
 42
0.042676
  0
VERTEX
  8
0
 10
620.569678
 20
219.866739
 42
0.050057
  0
VERTEX
  8
0
 10
621.464963
 20
219.452417
 42
0.225451
  0
VERTEX
  8
0
 10
622.022772
 20
219.514074
 42
0.430987
  0
VERTEX
  8
0
 10
622.253646
 20
220.633667
 42
0.039504
  0
VERTEX
  8
0
 10
620.238190
 20
223.078302
 42
0.038443
  0
VERTEX
  8
0
 10
617.670690
 20
225.355345
 42
0.163603
  0
VERTEX
  8
0
 10
615.753247
 20
226.000000
 42
-0.066057
  0
VERTEX
  8
0
 10
615.101429
 20
226.086492
 42
-0.098817
  0
VERTEX
  8
0
 10
614.588454
 20
226.341183
 42
-0.126415
  0
VERTEX
  8
0
 10
614.293881
 20
226.719590
 42
-0.156760
  0
VERTEX
  8
0
 10
614.250000
 20
227.161475
 42
0.187498
  0
VERTEX
  8
0
 10
614.171898
 20
227.649531
 42
0.084444
  0
VERTEX
  8
0
 10
613.748289
 20
228.154645
 42
0.066127
  0
VERTEX
  8
0
 10
613.056179
 20
228.600599
 42
0.047725
  0
VERTEX
  8
0
 10
612.190983
 20
228.911475
 42
-0.042053
  0
VERTEX
  8
0
 10
611.329496
 20
229.210047
 42
-0.063473
  0
VERTEX
  8
0
 10
610.651013
 20
229.620871
 42
-0.085415
  0
VERTEX
  8
0
 10
610.246512
 20
230.073645
 42
-0.217967
  0
VERTEX
  8
0
 10
610.190983
 20
230.500000
 42
0.437070
  0
VERTEX
  8
0
 10
609.646321
 20
231.441659
 42
0.095395
  0
VERTEX
  8
0
 10
607.538552
 20
231.509322
 42
0.062898
  0
VERTEX
  8
0
 10
604.807521
 20
230.712886
 42
0.102158
  0
SEQEND
  0
POLYLINE
  8
0
 66
1
 70
1
  0
VERTEX
  8
0
 10
602.000000
 20
226.404762
 42
-0.210793
  0
VERTEX
  8
0
 10
601.633151
 20
225.573263
 42
-0.028889
  0
VERTEX
  8
0
 10
600.126356
 20
224.349714
 42
-0.031986
  0
VERTEX
  8
0
 10
598.450342
 20
223.298200
 42
-0.124733
  0
VERTEX
  8
0
 10
597.273584
 20
223.000000
 42
-0.035189
  0
VERTEX
  8
0
 10
596.424207
 20
223.059851
 42
-0.385364
  0
VERTEX
  8
0
 10
596.223064
 20
223.301365
 42
-0.165767
  0
VERTEX
  8
0
 10
596.390589
 20
223.733604
 42
-0.009317
  0
VERTEX
  8
0
 10
597.349169
 20
224.833333
 42
-0.075507
  0
VERTEX
  8
0
 10
598.563368
 20
225.824290
 42
-0.052032
  0
VERTEX
  8
0
 10
600.180073
 20
226.565370
 42
-0.066306
  0
VERTEX
  8
0
 10
601.545092
 20
226.832734
 42
-0.432195
  0
SEQEND
  0
POLYLINE
  8
0
 66
1
 70
1
  0
VERTEX
  8
0
 10
580.034123
 20
212.534205
 42
0.002768
  0
VERTEX
  8
0
 10
575.297679
 20
207.733503
 42
0.004661
  0
VERTEX
  8
0
 10
571.383736
 20
203.646752
 42
0.000896
  0
VERTEX
  8
0
 10
568.014744
 20
200.049829
 42
0.470555
  0
VERTEX
  8
0
 10
568.049129
 20
199.784205
 42
0.343497
  0
VERTEX
  8
0
 10
568.379460
 20
199.817117
 42
0.000834
  0
VERTEX
  8
0
 10
572.054197
 20
203.328798
 42
0.004502
  0
VERTEX
  8
0
 10
576.205758
 20
207.381780
 42
0.002726
  0
VERTEX
  8
0
 10
581.050265
 20
212.250000
 42
0.002112
  0
VERTEX
  8
0
 10
585.823236
 20
217.140078
 42
0.003644
  0
VERTEX
  8
0
 10
589.747841
 20
221.254687
 42
0.000750
  0
VERTEX
  8
0
 10
593.105743
 20
224.837677
 42
0.655982
  0
VERTEX
  8
0
 10
593.035259
 20
225.000000
 42
0.192764
  0
VERTEX
  8
0
 10
592.651682
 20
224.846414
 42
0.000667
  0
VERTEX
  8
0
 10
588.983001
 20
221.338173
 42
0.003428
  0
VERTEX
  8
0
 10
584.842371
 20
217.313192
 42
0.002127
  0
SEQEND
  0
POLYLINE
  8
0
 66
1
 70
1
  0
VERTEX
  8
0
 10
608.114277
 20
219.070627
 42
0.051827
  0
VERTEX
  8
0
 10
607.604675
 20
218.677457
 42
0.154764
  0
VERTEX
  8
0
 10
607.394858
 20
218.296119
 42
0.207337
  0
VERTEX
  8
0
 10
607.472491
 20
217.937111
 42
0.099167
  0
VERTEX
  8
0
 10
607.824139
 20
217.608688
 42
0.103479
  0
VERTEX
  8
0
 10
608.271280
 20
217.446810
 42
0.098884
  0
VERTEX
  8
0
 10
608.753577
 20
217.473847
 42
0.096839
  0
VERTEX
  8
0
 10
609.196538
 20
217.685750
 42
0.094768
  0
VERTEX
  8
0
 10
609.531037
 20
218.050219
 42
0.066358
  0
VERTEX
  8
0
 10
609.944848
 20
218.974241
 42
0.318990
  0
VERTEX
  8
0
 10
609.768865
 20
219.489634
 42
0.249192
  0
VERTEX
  8
0
 10
609.148744
 20
219.574334
 42
0.050263
  0
SEQEND
  0
POLYLINE
  8
0
 66
1
 70
1
  0
VERTEX
  8
0
 10
614.000000
 20
217.000000
 42
0.099038
  0
VERTEX
  8
0
 10
614.076342
 20
216.618362
 42
0.097945
  0
VERTEX
  8
0
 10
614.293750
 20
216.293750
 42
0.097945
  0
VERTEX
  8
0
 10
614.618362
 20
216.076342
 42
0.099038
  0
VERTEX
  8
0
 10
615.000000
 20
216.000000
 42
0.099038
  0
VERTEX
  8
0
 10
615.381638
 20
216.076342
 42
0.097945
  0
VERTEX
  8
0
 10
615.706250
 20
216.293750
 42
0.097945
  0
VERTEX
  8
0
 10
615.923658
 20
216.618362
 42
0.099038
  0
VERTEX
  8
0
 10
616.000000
 20
217.000000
 42
0.099038
  0
VERTEX
  8
0
 10
615.923658
 20
217.381638
 42
0.097945
  0
VERTEX
  8
0
 10
615.706250
 20
217.706250
 42
0.097945
  0
VERTEX
  8
0
 10
615.381638
 20
217.923658
 42
0.099038
  0
VERTEX
  8
0
 10
615.000000
 20
218.000000
 42
0.099038
  0
VERTEX
  8
0
 10
614.618362
 20
217.923658
 42
0.097945
  0
VERTEX
  8
0
 10
614.293750
 20
217.706250
 42
0.097945
  0
VERTEX
  8
0
 10
614.076342
 20
217.381638
 42
0.099038
  0
SEQEND
  0
POLYLINE
  8
0
 66
1
 70
1
  0
VERTEX
  8
0
 10
621.000000
 20
217.000000
 42
0.142666
  0
VERTEX
  8
0
 10
621.111069
 20
216.618660
 42
0.099650
  0
VERTEX
  8
0
 10
621.423289
 20
216.293750
 42
0.084330
  0
VERTEX
  8
0
 10
621.890182
 20
216.074854
 42
0.067639
  0
VERTEX
  8
0
 10
622.440983
 20
216.000000
 42
-0.145129
  0
VERTEX
  8
0
 10
623.949041
 20
215.552857
 42
-0.278274
  0
VERTEX
  8
0
 10
624.480549
 20
214.456732
 42
-0.133244
  0
VERTEX
  8
0
 10
623.827108
 20
212.700764
 42
-0.037168
  0
VERTEX
  8
0
 10
621.930772
 20
210.428575
 42
0.015404
  0
VERTEX
  8
0
 10
620.707561
 20
209.086166
 42
0.025112
  0
VERTEX
  8
0
 10
619.765479
 20
207.867162
 42
0.022490
  0
VERTEX
  8
0
 10
619.133578
 20
206.865435
 42
0.337837
  0
VERTEX
  8
0
 10
619.185272
 20
206.481395
 42
0.356219
  0
VERTEX
  8
0
 10
619.555917
 20
206.443836
 42
0.024634
  0
VERTEX
  8
0
 10
620.465372
 20
207.110670
 42
0.026276
  0
VERTEX
  8
0
 10
621.568150
 20
208.106488
 42
0.015814
  0
VERTEX
  8
0
 10
622.772731
 20
209.393936
 42
-0.017140
  0
VERTEX
  8
0
 10
623.980575
 20
210.678028
 42
-0.028418
  0
VERTEX
  8
0
 10
625.093491
 20
211.663800
 42
-0.028214
  0
VERTEX
  8
0
 10
626.009975
 20
212.306609
 42
-0.348301
  0
VERTEX
  8
0
 10
626.405812
 20
212.260855
 42
0.311021
  0
VERTEX
  8
0
 10
626.628710
 20
212.219759
 42
0.187522
  0
VERTEX
  8
0
 10
626.825457
 20
212.418918
 42
0.073660
  0
VERTEX
  8
0
 10
626.959011
 20
212.917916
 42
0.028623
  0
VERTEX
  8
0
 10
627.000000
 20
213.633333
 42
0.052265
  0
VERTEX
  8
0
 10
626.911849
 20
214.474332
 42
0.038358
  0
VERTEX
  8
0
 10
626.647500
 20
215.374792
 42
0.039077
  0
VERTEX
  8
0
 10
626.259818
 20
216.197551
 42
0.066835
  0
VERTEX
  8
0
 10
625.800000
 20
216.800000
 42
0.106751
  0
VERTEX
  8
0
 10
624.513435
 20
217.629559
 42
0.079759
  0
VERTEX
  8
0
 10
622.855074
 20
217.967148
 42
0.104548
  0
VERTEX
  8
0
 10
621.503820
 20
217.739790
 42
0.308176
  0
SEQEND
  0
POLYLINE
  8
0
 66
1
 70
1
  0
VERTEX
  8
0
 10
611.312919
 20
215.184017
 42
0.095786
  0
VERTEX
  8
0
 10
610.903089
 20
214.801642
 42
0.186782
  0
VERTEX
  8
0
 10
610.789974
 20
214.375990
 42
0.135916
  0
VERTEX
  8
0
 10
610.986267
 20
213.884165
 42
0.043274
  0
VERTEX
  8
0
 10
611.520770
 20
213.294547
 42
0.035258
  0
VERTEX
  8
0
 10
612.203911
 20
212.745043
 42
0.183126
  0
VERTEX
  8
0
 10
612.665276
 20
212.629847
 42
0.222327
  0
VERTEX
  8
0
 10
613.031557
 20
212.856992
 42
0.052989
  0
VERTEX
  8
0
 10
613.366432
 20
213.512522
 42
0.104123
  0
VERTEX
  8
0
 10
613.539584
 20
214.592962
 42
0.212883
  0
VERTEX
  8
0
 10
613.160069
 20
215.343631
 42
0.211298
  0
VERTEX
  8
0
 10
612.345023
 20
215.566335
 42
0.102867
  0
SEQEND
  0
POLYLINE
  8
0
 66
1
 70
1
  0
VERTEX
  8
0
 10
586.000000
 20
211.232133
 42
0.201619
  0
VERTEX
  8
0
 10
586.712372
 20
209.537315
 42
0.001979
  0
VERTEX
  8
0
 10
596.391137
 20
200.132729
 42
0.001449
  0
VERTEX
  8
0
 10
606.280998
 20
190.653975
 42
0.407167
  0
VERTEX
  8
0
 10
607.333333
 20
190.666667
 42
0.407167
  0
VERTEX
  8
0
 10
607.346025
 20
191.719002
 42
0.001449
  0
VERTEX
  8
0
 10
597.867271
 20
201.608863
 42
0.001979
  0
VERTEX
  8
0
 10
588.462685
 20
211.287628
 42
0.201619
  0
VERTEX
  8
0
 10
586.767867
 20
212.000000
 42
0.099038
  0
VERTEX
  8
0
 10
586.474820
 20
211.941379
 42
0.097945
  0
VERTEX
  8
0
 10
586.225561
 20
211.774439
 42
0.097945
  0
VERTEX
  8
0
 10
586.058621
 20
211.525180
 42
0.099038
  0
SEQEND
  0
POLYLINE
  8
0
 66
1
 70
1
  0
VERTEX
  8
0
 10
597.500000
 20
201.000000
 42
-0.002354
  0
VERTEX
  8
0
 10
601.285263
 20
197.164534
 42
-0.004079
  0
VERTEX
  8
0
 10
604.389124
 20
193.937500
 42
-0.000945
  0
VERTEX
  8
0
 10
607.024063
 20
191.142321
 42
-0.656886
  0
VERTEX
  8
0
 10
606.962477
 20
191.000000
 42
-0.192211
  0
VERTEX
  8
0
 10
606.624582
 20
191.134877
 42
-0.000805
  0
VERTEX
  8
0
 10
603.682874
 20
193.937500
 42
-0.003771
  0
VERTEX
  8
0
 10
600.355254
 20
197.166403
 42
-0.002348
  0
VERTEX
  8
0
 10
596.500000
 20
201.000000
 42
-0.002354
  0
VERTEX
  8
0
 10
592.714737
 20
204.835466
 42
-0.004079
  0
VERTEX
  8
0
 10
589.610876
 20
208.062500
 42
-0.000945
  0
VERTEX
  8
0
 10
586.975937
 20
210.857679
 42
-0.656886
  0
VERTEX
  8
0
 10
587.037523
 20
211.000000
 42
-0.192211
  0
VERTEX
  8
0
 10
587.375418
 20
210.865123
 42
-0.000805
  0
VERTEX
  8
0
 10
590.317126
 20
208.062500
 42
-0.003771
  0
VERTEX
  8
0
 10
593.644746
 20
204.833597
 42
-0.002348
  0
SEQEND
  0
POLYLINE
  8
0
 66
1
 70
1
  0
VERTEX
  8
0
 10
614.542705
 20
211.069098
 42
0.090093
  0
VERTEX
  8
0
 10
614.387618
 20
210.673795
 42
0.095385
  0
VERTEX
  8
0
 10
614.385962
 20
210.257398
 42
0.099739
  0
VERTEX
  8
0
 10
614.536973
 20
209.884780
 42
0.108766
  0
VERTEX
  8
0
 10
614.817021
 20
209.613087
 42
0.158515
  0
VERTEX
  8
0
 10
615.139071
 20
209.534562
 42
0.191218
  0
VERTEX
  8
0
 10
615.417083
 20
209.669932
 42
0.126631
  0
VERTEX
  8
0
 10
615.605052
 20
210.024148
 42
0.059057
  0
VERTEX
  8
0
 10
615.666667
 20
210.543989
 42
0.019984
  0
VERTEX
  8
0
 10
615.623697
 20
211.618676
 42
0.269722
  0
VERTEX
  8
0
 10
615.407920
 20
211.929499
 42
0.350126
  0
VERTEX
  8
0
 10
615.086603
 20
211.852054
 42
0.026790
  0
SEQEND
  0
POLYLINE
  8
0
 66
1
 70
1
  0
VERTEX
  8
0
 10
628.531220
 20
210.706872
 42
0.039133
  0
VERTEX
  8
0
 10
628.279379
 20
209.974682
 42
0.047311
  0
VERTEX
  8
0
 10
628.164712
 20
209.257311
 42
0.054202
  0
VERTEX
  8
0
 10
628.191425
 20
208.655360
 42
0.159521
  0
VERTEX
  8
0
 10
628.376461
 20
208.290205
 42
0.206458
  0
VERTEX
  8
0
 10
629.050147
 20
208.022529
 42
0.260893
  0
VERTEX
  8
0
 10
629.615890
 20
208.361192
 42
0.127442
  0
VERTEX
  8
0
 10
629.887973
 20
209.354068
 42
0.061787
  0
VERTEX
  8
0
 10
629.743156
 20
210.671731
 42
0.007526
  0
VERTEX
  8
0
 10
629.447586
 20
211.839331
 42
0.331063
  0
VERTEX
  8
0
 10
629.260685
 20
211.986918
 42
0.299388
  0
VERTEX
  8
0
 10
629.048268
 20
211.855863
 42
0.006675
  0
SEQEND
  0
POLYLINE
  8
0
 66
1
 70
1
  0
VERTEX
  8
0
 10
581.000000
 20
206.232133
 42
0.201619
  0
VERTEX
  8
0
 10
581.712372
 20
204.537315
 42
0.001979
  0
VERTEX
  8
0
 10
591.391137
 20
195.132729
 42
0.001449
  0
VERTEX
  8
0
 10
601.280998
 20
185.653975
 42
0.407167
  0
VERTEX
  8
0
 10
602.333333
 20
185.666667
 42
0.407167
  0
VERTEX
  8
0
 10
602.346025
 20
186.719002
 42
0.001449
  0
VERTEX
  8
0
 10
592.867271
 20
196.608863
 42
0.001979
  0
VERTEX
  8
0
 10
583.462685
 20
206.287628
 42
0.201619
  0
VERTEX
  8
0
 10
581.767867
 20
207.000000
 42
0.099038
  0
VERTEX
  8
0
 10
581.474820
 20
206.941379
 42
0.097945
  0
VERTEX
  8
0
 10
581.225561
 20
206.774439
 42
0.097945
  0
VERTEX
  8
0
 10
581.058621
 20
206.525180
 42
0.099038
  0
SEQEND
  0
POLYLINE
  8
0
 66
1
 70
1
  0
VERTEX
  8
0
 10
592.500000
 20
196.000000
 42
-0.002354
  0
VERTEX
  8
0
 10
596.285263
 20
192.164534
 42
-0.004079
  0
VERTEX
  8
0
 10
599.389124
 20
188.937500
 42
-0.000945
  0
VERTEX
  8
0
 10
602.024063
 20
186.142321
 42
-0.656886
  0
VERTEX
  8
0
 10
601.962477
 20
186.000000
 42
-0.192211
  0
VERTEX
  8
0
 10
601.624582
 20
186.134877
 42
-0.000805
  0
VERTEX
  8
0
 10
598.682874
 20
188.937500
 42
-0.003771
  0
VERTEX
  8
0
 10
595.355254
 20
192.166403
 42
-0.002348
  0
VERTEX
  8
0
 10
591.500000
 20
196.000000
 42
-0.002354
  0
VERTEX
  8
0
 10
587.714737
 20
199.835466
 42
-0.004079
  0
VERTEX
  8
0
 10
584.610876
 20
203.062500
 42
-0.000945
  0
VERTEX
  8
0
 10
581.975937
 20
205.857679
 42
-0.656886
  0
VERTEX
  8
0
 10
582.037523
 20
206.000000
 42
-0.192211
  0
VERTEX
  8
0
 10
582.375418
 20
205.865123
 42
-0.000805
  0
VERTEX
  8
0
 10
585.317126
 20
203.062500
 42
-0.003771
  0
VERTEX
  8
0
 10
588.644746
 20
199.833597
 42
-0.002348
  0
SEQEND
  0
POLYLINE
  8
0
 66
1
 70
1
  0
VERTEX
  8
0
 10
625.500000
 20
205.000000
 42
0.082592
  0
VERTEX
  8
0
 10
625.343488
 20
204.617900
 42
0.161196
  0
VERTEX
  8
0
 10
625.374600
 20
204.293750
 42
0.182303
  0
VERTEX
  8
0
 10
625.586039
 20
204.078288
 42
0.108972
  0
VERTEX
  8
0
 10
625.940983
 20
204.000000
 42
0.093332
  0
VERTEX
  8
0
 10
626.345238
 20
204.076123
 42
0.096420
  0
VERTEX
  8
0
 10
626.688914
 20
204.293750
 42
0.099167
  0
VERTEX
  8
0
 10
626.918938
 20
204.618444
 42
0.105053
  0
VERTEX
  8
0
 10
627.000000
 20
205.000000
 42
0.042167
  0
VERTEX
  8
0
 10
626.967655
 20
205.382849
 42
0.061769
  0
VERTEX
  8
0
 10
626.870461
 20
205.706250
 42
0.081139
  0
VERTEX
  8
0
 10
626.727648
 20
205.925540
 42
0.210953
  0
VERTEX
  8
0
 10
626.559017
 20
206.000000
 42
0.151918
  0
VERTEX
  8
0
 10
626.348290
 20
205.934461
 42
0.038439
  0
VERTEX
  8
0
 10
626.066025
 20
205.706250
 42
0.035638
  0
VERTEX
  8
0
 10
625.768994
 20
205.382774
 42
0.029505
  0
SEQEND
  0
POLYLINE
  8
0
 66
1
 70
1
  0
VERTEX
  8
0
 10
578.200000
 20
203.800000
 42
0.039439
  0
VERTEX
  8
0
 10
577.740787
 20
203.262008
 42
0.035276
  0
VERTEX
  8
0
 10
577.352500
 20
202.638814
 42
0.037033
  0
VERTEX
  8
0
 10
577.084555
 20
202.026765
 42
0.084857
  0
VERTEX
  8
0
 10
577.000000
 20
201.532133
 42
0.199168
  0
VERTEX
  8
0
 10
577.790136
 20
199.627230
 42
0.002371
  0
VERTEX
  8
0
 10
587.576582
 20
189.952232
 42
0.002834
  0
VERTEX
  8
0
 10
597.349127
 20
180.490086
 42
0.155707
  0
VERTEX
  8
0
 10
599.621568
 20
179.379279
 42
0.679094
  0
VERTEX
  8
0
 10
599.833983
 20
179.747351
 42
0.009997
  0
VERTEX
  8
0
 10
597.647352
 20
182.398375
 42
0.012192
  0
VERTEX
  8
0
 10
594.531807
 20
185.851350
 42
0.006348
  0
VERTEX
  8
0
 10
590.488999
 20
190.011035
 42
0.005717
  0
VERTEX
  8
0
 10
586.270211
 20
194.147271
 42
0.009308
  0
VERTEX
  8
0
 10
582.585410
 20
197.548973
 42
0.003520
  0
VERTEX
  8
0
 10
579.399555
 20
200.342144
 42
0.327606
  0
VERTEX
  8
0
 10
578.819456
 20
200.388418
 42
-0.184418
  0
VERTEX
  8
0
 10
578.282214
 20
200.285744
 42
-0.386511
  0
VERTEX
  8
0
 10
578.042634
 20
200.596201
 42
-0.085383
  0
VERTEX
  8
0
 10
578.282225
 20
201.531566
 42
-0.017574
  0
VERTEX
  8
0
 10
579.035184
 20
203.065741
 42
0.010362
  0
VERTEX
  8
0
 10
579.786353
 20
204.542053
 42
0.336828
  0
VERTEX
  8
0
 10
579.711339
 20
204.912428
 42
0.382586
  0
VERTEX
  8
0
 10
579.360064
 20
204.909046
 42
0.011241
  0
SEQEND
  0
POLYLINE
  8
0
 66
1
 70
1
  0
VERTEX
  8
0
 10
589.500000
 20
190.000000
 42
-0.002354
  0
VERTEX
  8
0
 10
593.285263
 20
186.164534
 42
-0.004079
  0
VERTEX
  8
0
 10
596.389124
 20
182.937500
 42
-0.000945
  0
VERTEX
  8
0
 10
599.024063
 20
180.142321
 42
-0.656886
  0
VERTEX
  8
0
 10
598.962477
 20
180.000000
 42
-0.192211
  0
VERTEX
  8
0
 10
598.624582
 20
180.134877
 42
-0.000805
  0
VERTEX
  8
0
 10
595.682874
 20
182.937500
 42
-0.003771
  0
VERTEX
  8
0
 10
592.355254
 20
186.166403
 42
-0.002348
  0
VERTEX
  8
0
 10
588.500000
 20
190.000000
 42
-0.002354
  0
VERTEX
  8
0
 10
584.714737
 20
193.835466
 42
-0.004079
  0
VERTEX
  8
0
 10
581.610876
 20
197.062500
 42
-0.000945
  0
VERTEX
  8
0
 10
578.975937
 20
199.857679
 42
-0.656886
  0
VERTEX
  8
0
 10
579.037523
 20
200.000000
 42
-0.192211
  0
VERTEX
  8
0
 10
579.375418
 20
199.865123
 42
-0.000805
  0
VERTEX
  8
0
 10
582.317126
 20
197.062500
 42
-0.003771
  0
VERTEX
  8
0
 10
585.644746
 20
193.833597
 42
-0.002348
  0
SEQEND
  0
POLYLINE
  8
0
 66
1
 70
1
  0
VERTEX
  8
0
 10
621.000000
 20
202.940983
 42
0.108972
  0
VERTEX
  8
0
 10
621.078288
 20
202.586039
 42
0.182303
  0
VERTEX
  8
0
 10
621.293750
 20
202.374600
 42
0.161196
  0
VERTEX
  8
0
 10
621.617900
 20
202.343488
 42
0.082592
  0
VERTEX
  8
0
 10
622.000000
 20
202.500000
 42
0.029505
  0
VERTEX
  8
0
 10
622.382774
 20
202.768994
 42
0.035638
  0
VERTEX
  8
0
 10
622.706250
 20
203.066025
 42
0.038439
  0
VERTEX
  8
0
 10
622.934461
 20
203.348290
 42
0.151918
  0
VERTEX
  8
0
 10
623.000000
 20
203.559017
 42
0.210953
  0
VERTEX
  8
0
 10
622.925540
 20
203.727648
 42
0.081139
  0
VERTEX
  8
0
 10
622.706250
 20
203.870461
 42
0.061769
  0
VERTEX
  8
0
 10
622.382849
 20
203.967655
 42
0.042167
  0
VERTEX
  8
0
 10
622.000000
 20
204.000000
 42
0.105053
  0
VERTEX
  8
0
 10
621.618444
 20
203.918938
 42
0.099167
  0
VERTEX
  8
0
 10
621.293750
 20
203.688914
 42
0.096420
  0
VERTEX
  8
0
 10
621.076123
 20
203.345238
 42
0.093332
  0
SEQEND
  0
POLYLINE
  8
0
 66
1
 70
1
  0
VERTEX
  8
0
 10
573.298877
 20
198.569580
 42
-0.096915
  0
VERTEX
  8
0
 10
572.846152
 20
198.035816
 42
-0.062829
  0
VERTEX
  8
0
 10
572.153346
 20
197.612344
 42
-0.059998
  0
VERTEX
  8
0
 10
571.338178
 20
197.357233
 42
-0.068744
  0
VERTEX
  8
0
 10
570.523310
 20
197.319580
 42
0.057137
  0
VERTEX
  8
0
 10
569.765991
 20
197.302119
 42
0.080446
  0
VERTEX
  8
0
 10
569.121335
 20
197.104293
 42
0.103291
  0
VERTEX
  8
0
 10
568.686583
 20
196.763984
 42
0.171689
  0
VERTEX
  8
0
 10
568.524123
 20
196.333333
 42
-0.053359
  0
VERTEX
  8
0
 10
568.459920
 20
195.831682
 42
-0.037505
  0
VERTEX
  8
0
 10
568.286774
 20
195.289062
 42
-0.037946
  0
VERTEX
  8
0
 10
568.039095
 20
194.788791
 42
-0.062539
  0
VERTEX
  8
0
 10
567.750000
 20
194.416667
 42
0.059021
  0
VERTEX
  8
0
 10
567.462789
 20
194.052271
 42
0.039006
  0
VERTEX
  8
0
 10
567.220312
 20
193.576826
 42
0.039029
  0
VERTEX
  8
0
 10
567.054806
 20
193.069977
 42
0.059471
  0
VERTEX
  8
0
 10
567.000000
 20
192.610827
 42
0.378975
  0
VERTEX
  8
0
 10
567.153804
 20
192.437050
 42
0.193601
  0
VERTEX
  8
0
 10
567.457282
 20
192.518002
 42
0.058448
  0
VERTEX
  8
0
 10
567.957176
 20
192.993041
 42
0.020780
  0
VERTEX
  8
0
 10
568.556704
 20
193.777494
 42
-0.038750
  0
VERTEX
  8
0
 10
569.256389
 20
194.627892
 42
-0.040422
  0
VERTEX
  8
0
 10
570.069759
 20
195.347139
 42
-0.043846
  0
VERTEX
  8
0
 10
570.871873
 20
195.845150
 42
-0.117534
  0
VERTEX
  8
0
 10
571.521520
 20
196.000000
 42
0.115533
  0
VERTEX
  8
0
 10
572.138576
 20
196.144510
 42
0.054772
  0
VERTEX
  8
0
 10
572.830420
 20
196.587500
 42
0.050104
  0
VERTEX
  8
0
 10
573.486119
 20
197.234974
 42
0.050089
  0
VERTEX
  8
0
 10
574.000000
 20
198.000000
 42
0.022312
  0
VERTEX
  8
0
 10
574.695202
 20
199.451086
 42
0.334365
  0
VERTEX
  8
0
 10
574.568121
 20
199.963295
 42
0.437152
  0
VERTEX
  8
0
 10
574.128423
 20
199.900439
 42
0.023596
  0
SEQEND
  0
POLYLINE
  8
0
 66
1
 70
1
  0
VERTEX
  8
0
 10
573.610942
 20
195.179508
 42
0.346568
  0
VERTEX
  8
0
 10
573.774032
 20
193.750719
 42
0.002392
  0
VERTEX
  8
0
 10
583.052961
 20
184.476767
 42
0.003766
  0
VERTEX
  8
0
 10
592.181973
 20
175.574698
 42
0.156139
  0
VERTEX
  8
0
 10
594.622602
 20
174.379127
 42
0.679434
  0
VERTEX
  8
0
 10
594.834790
 20
174.747203
 42
0.009874
  0
VERTEX
  8
0
 10
592.632262
 20
177.413771
 42
0.012116
  0
VERTEX
  8
0
 10
589.499557
 20
180.883755
 42
0.006313
  0
VERTEX
  8
0
 10
585.436597
 20
185.063600
 42
0.000894
  0
VERTEX
  8
0
 10
581.241445
 20
189.256787
 42
0.001469
  0
VERTEX
  8
0
 10
577.675604
 20
192.787433
 42
0.000123
  0
VERTEX
  8
0
 10
574.470272
 20
195.940977
 42
0.196733
  0
VERTEX
  8
0
 10
574.326071
 20
196.000000
 42
0.194280
  0
VERTEX
  8
0
 10
574.217695
 20
195.956238
 42
0.021590
  0
VERTEX
  8
0
 10
574.030187
 20
195.758980
 42
0.023750
  0
VERTEX
  8
0
 10
573.820339
 20
195.493781
 42
0.017086
  0
SEQEND
  0
POLYLINE
  8
0
 66
1
 70
1
  0
VERTEX
  8
0
 10
584.500000
 20
185.000000
 42
-0.002354
  0
VERTEX
  8
0
 10
588.285263
 20
181.164534
 42
-0.004079
  0
VERTEX
  8
0
 10
591.389124
 20
177.937500
 42
-0.000945
  0
VERTEX
  8
0
 10
594.024063
 20
175.142321
 42
-0.656886
  0
VERTEX
  8
0
 10
593.962477
 20
175.000000
 42
-0.192211
  0
VERTEX
  8
0
 10
593.624582
 20
175.134877
 42
-0.000805
  0
VERTEX
  8
0
 10
590.682874
 20
177.937500
 42
-0.003771
  0
VERTEX
  8
0
 10
587.355254
 20
181.166403
 42
-0.002348
  0
VERTEX
  8
0
 10
583.500000
 20
185.000000
 42
-0.002354
  0
VERTEX
  8
0
 10
579.714737
 20
188.835466
 42
-0.004079
  0
VERTEX
  8
0
 10
576.610876
 20
192.062500
 42
-0.000945
  0
VERTEX
  8
0
 10
573.975937
 20
194.857679
 42
-0.656886
  0
VERTEX
  8
0
 10
574.037523
 20
195.000000
 42
-0.192211
  0
VERTEX
  8
0
 10
574.375418
 20
194.865123
 42
-0.000805
  0
VERTEX
  8
0
 10
577.317126
 20
192.062500
 42
-0.003771
  0
VERTEX
  8
0
 10
580.644746
 20
188.833597
 42
-0.002348
  0
SEQEND
  0
POLYLINE
  8
0
 66
1
 70
1
  0
VERTEX
  8
0
 10
684.750000
 20
195.262758
 42
0.010990
  0
VERTEX
  8
0
 10
687.140095
 20
195.148271
 42
0.006471
  0
VERTEX
  8
0
 10
690.000000
 20
195.111256
 42
0.006471
  0
VERTEX
  8
0
 10
692.859905
 20
195.148271
 42
0.010990
  0
VERTEX
  8
0
 10
695.250000
 20
195.262758
 42
0.067956
  0
VERTEX
  8
0
 10
695.890618
 20
195.396322
 42
0.813012
  0
VERTEX
  8
0
 10
695.873438
 20
195.522148
 42
0.014551
  0
VERTEX
  8
0
 10
693.764623
 20
195.608117
 42
0.002911
  0
VERTEX
  8
0
 10
690.000000
 20
195.630035
 42
0.002911
  0
VERTEX
  8
0
 10
686.235377
 20
195.608117
 42
0.014551
  0
VERTEX
  8
0
 10
684.126562
 20
195.522148
 42
0.813012
  0
VERTEX
  8
0
 10
684.109382
 20
195.396322
 42
0.067956
  0
SEQEND
  0
POLYLINE
  8
0
 66
1
 70
1
  0
VERTEX
  8
0
 10
664.467045
 20
139.000000
 42
0.000423
  0
VERTEX
  8
0
 10
664.483872
 20
119.097681
 42
0.002120
  0
VERTEX
  8
0
 10
664.549970
 20
107.954688
 42
0.969395
  0
VERTEX
  8
0
 10
664.646834
 20
107.952662
 42
0.010453
  0
VERTEX
  8
0
 10
664.749341
 20
111.250000
 42
0.001603
  0
VERTEX
  8
0
 10
664.837355
 20
123.882639
 42
0.000940
  0
VERTEX
  8
0
 10
664.865788
 20
139.000000
 42
0.000940
  0
VERTEX
  8
0
 10
664.837355
 20
154.117361
 42
0.001603
  0
VERTEX
  8
0
 10
664.749341
 20
166.750000
 42
0.010453
  0
VERTEX
  8
0
 10
664.646834
 20
170.047338
 42
0.969395
  0
VERTEX
  8
0
 10
664.549970
 20
170.045313
 42
0.002120
  0
VERTEX
  8
0
 10
664.483872
 20
158.902319
 42
0.000423
  0
SEQEND
  0
POLYLINE
  8
0
 66
1
 70
1
  0
VERTEX
  8
0
 10
608.000000
 20
189.000000
 42
0.099038
  0
VERTEX
  8
0
 10
608.076342
 20
188.618362
 42
0.097945
  0
VERTEX
  8
0
 10
608.293750
 20
188.293750
 42
0.097945
  0
VERTEX
  8
0
 10
608.618362
 20
188.076342
 42
0.099038
  0
VERTEX
  8
0
 10
609.000000
 20
188.000000
 42
0.099038
  0
VERTEX
  8
0
 10
609.381638
 20
188.076342
 42
0.097945
  0
VERTEX
  8
0
 10
609.706250
 20
188.293750
 42
0.097945
  0
VERTEX
  8
0
 10
609.923658
 20
188.618362
 42
0.099038
  0
VERTEX
  8
0
 10
610.000000
 20
189.000000
 42
0.099038
  0
VERTEX
  8
0
 10
609.923658
 20
189.381638
 42
0.097945
  0
VERTEX
  8
0
 10
609.706250
 20
189.706250
 42
0.097945
  0
VERTEX
  8
0
 10
609.381638
 20
189.923658
 42
0.099038
  0
VERTEX
  8
0
 10
609.000000
 20
190.000000
 42
0.099038
  0
VERTEX
  8
0
 10
608.618362
 20
189.923658
 42
0.097945
  0
VERTEX
  8
0
 10
608.293750
 20
189.706250
 42
0.097945
  0
VERTEX
  8
0
 10
608.076342
 20
189.381638
 42
0.099038
  0
SEQEND
  0
POLYLINE
  8
0
 66
1
 70
1
  0
VERTEX
  8
0
 10
519.409333
 20
182.412185
 42
0.126187
  0
VERTEX
  8
0
 10
511.144712
 20
173.442163
 42
0.126676
  0
VERTEX
  8
0
 10
508.232439
 20
161.615114
 42
0.125986
  0
VERTEX
  8
0
 10
511.390366
 20
149.802513
 42
0.124067
  0
VERTEX
  8
0
 10
519.848540
 20
140.881099
 42
0.000000
  0
VERTEX
  8
0
 10
524.391561
 20
138.000000
 42
0.000000
  0
VERTEX
  8
0
 10
545.715653
 20
138.000000
 42
0.001855
  0
VERTEX
  8
0
 10
559.360544
 20
138.050625
 42
0.021829
  0
VERTEX
  8
0
 10
564.662410
 20
138.321638
 42
0.056892
  0
VERTEX
  8
0
 10
567.879708
 20
139.001951
 42
0.061564
  0
VERTEX
  8
0
 10
570.769872
 20
140.380352
 42
0.028525
  0
VERTEX
  8
0
 10
574.187346
 20
142.846155
 42
0.042759
  0
VERTEX
  8
0
 10
576.833563
 20
145.399454
 42
0.043190
  0
VERTEX
  8
0
 10
578.988360
 20
148.345677
 42
0.029886
  0
VERTEX
  8
0
 10
580.915970
 20
152.000000
 42
0.091739
  0
VERTEX
  8
0
 10
582.923943
 20
160.111227
 42
0.085535
  0
VERTEX
  8
0
 10
581.976333
 20
168.617381
 42
0.084535
  0
VERTEX
  8
0
 10
578.214681
 20
176.399232
 42
0.086677
  0
VERTEX
  8
0
 10
572.115918
 20
182.419669
 42
0.000000
  0
VERTEX
  8
0
 10
568.392499
 20
185.000000
 42
0.000000
  0
VERTEX
  8
0
 10
545.896418
 20
185.000000
 42
0.000000
  0
VERTEX
  8
0
 10
523.400337
 20
185.000000
 42
0.000000
  0
SEQEND
  0
POLYLINE
  8
0
 66
1
 70
1
  0
VERTEX
  8
0
 10
570.935386
 20
182.250000
 42
-0.125465
  0
VERTEX
  8
0
 10
572.168589
 20
180.592157
 42
-0.074889
  0
VERTEX
  8
0
 10
572.757299
 20
178.191004
 42
-0.024809
  0
VERTEX
  8
0
 10
572.940179
 20
173.768535
 42
-0.001899
  0
VERTEX
  8
0
 10
572.796170
 20
161.843897
 42
0.003734
  0
VERTEX
  8
0
 10
572.736294
 20
154.721754
 42
0.006471
  0
VERTEX
  8
0
 10
572.807313
 20
148.804654
 42
0.001996
  0
VERTEX
  8
0
 10
572.951803
 20
143.812497
 42
0.576878
  0
VERTEX
  8
0
 10
573.250000
 20
143.652914
 42
0.246775
  0
VERTEX
  8
0
 10
573.553850
 20
144.169367
 42
0.001831
  0
VERTEX
  8
0
 10
573.779688
 20
149.268905
 42
0.006250
  0
VERTEX
  8
0
 10
573.945925
 20
155.184141
 42
0.003899
  0
VERTEX
  8
0
 10
574.000000
 20
162.118034
 42
-0.003967
  0
VERTEX
  8
0
 10
574.059669
 20
169.637713
 42
-0.009752
  0
VERTEX
  8
0
 10
574.255073
 20
175.159390
 42
-0.005546
  0
VERTEX
  8
0
 10
574.529289
 20
179.310029
 42
-0.561760
  0
VERTEX
  8
0
 10
574.956326
 20
179.526992
 42
-0.105222
  0
VERTEX
  8
0
 10
575.288481
 20
179.209236
 42
-0.079952
  0
VERTEX
  8
0
 10
575.502897
 20
178.751788
 42
-0.076125
  0
VERTEX
  8
0
 10
575.569691
 20
178.227813
 42
-0.080290
  0
VERTEX
  8
0
 10
575.474068
 20
177.717975
 42
0.151221
  0
VERTEX
  8
0
 10
575.445114
 20
177.081648
 42
0.041461
  0
VERTEX
  8
0
 10
575.781465
 20
176.123405
 42
0.037927
  0
VERTEX
  8
0
 10
576.364566
 20
175.046510
 42
0.031709
  0
VERTEX
  8
0
 10
577.136412
 20
174.000000
 42
0.000000
  0
VERTEX
  8
0
 10
579.237340
 20
171.500000
 42
0.000000
  0
VERTEX
  8
0
 10
577.559319
 20
174.500000
 42
0.000000
  0
VERTEX
  8
0
 10
575.881299
 20
177.500000
 42
0.000000
  0
VERTEX
  8
0
 10
577.847985
 20
175.253652
 42
-0.047482
  0
VERTEX
  8
0
 10
578.626232
 20
174.173208
 42
-0.053318
  0
VERTEX
  8
0
 10
579.151692
 20
173.005336
 42
-0.057405
  0
VERTEX
  8
0
 10
579.390504
 20
171.836717
 42
-0.075824
  0
VERTEX
  8
0
 10
579.320589
 20
170.753652
 42
0.006580
  0
VERTEX
  8
0
 10
579.071241
 20
169.540180
 42
0.211111
  0
VERTEX
  8
0
 10
579.137630
 20
169.252244
 42
0.492378
  0
VERTEX
  8
0
 10
579.324484
 20
169.249813
 42
0.013568
  0
VERTEX
  8
0
 10
579.884912
 20
170.000000
 42
-0.107563
  0
VERTEX
  8
0
 10
580.333672
 20
170.411422
 42
-0.506375
  0
VERTEX
  8
0
 10
580.603825
 20
170.294084
 42
-0.078276
  0
VERTEX
  8
0
 10
580.660312
 20
169.456506
 42
-0.008248
  0
VERTEX
  8
0
 10
580.453349
 20
167.500000
 42
0.009288
  0
VERTEX
  8
0
 10
580.286739
 20
165.893033
 42
0.056926
  0
VERTEX
  8
0
 10
580.310859
 20
165.061384
 42
0.563469
  0
VERTEX
  8
0
 10
580.497588
 20
164.982034
 42
0.133092
  0
VERTEX
  8
0
 10
580.767404
 20
165.314509
 42
-0.337544
  0
VERTEX
  8
0
 10
581.089052
 20
165.491321
 42
-0.313341
  0
VERTEX
  8
0
 10
581.366307
 20
165.230035
 42
-0.043200
  0
VERTEX
  8
0
 10
581.529502
 20
163.892294
 42
-0.008762
  0
VERTEX
  8
0
 10
581.571429
 20
161.500000
 42
-0.010105
  0
VERTEX
  8
0
 10
581.529963
 20
159.448409
 42
-0.029711
  0
VERTEX
  8
0
 10
581.389281
 20
158.043768
 42
-0.139488
  0
VERTEX
  8
0
 10
581.180041
 20
157.595148
 42
-0.576092
  0
VERTEX
  8
0
 10
580.951353
 20
157.638683
 42
0.068542
  0
VERTEX
  8
0
 10
580.620690
 20
158.282856
 42
0.494193
  0
VERTEX
  8
0
 10
580.322275
 20
158.295308
 42
0.114363
  0
VERTEX
  8
0
 10
580.026758
 20
157.708874
 42
0.010412
  0
VERTEX
  8
0
 10
579.670097
 20
156.100486
 42
0.022843
  0
VERTEX
  8
0
 10
579.464800
 20
154.757728
 42
0.025877
  0
VERTEX
  8
0
 10
579.394091
 20
153.456729
 42
0.026364
  0
VERTEX
  8
0
 10
579.449216
 20
152.358714
 42
0.113153
  0
VERTEX
  8
0
 10
579.658967
 20
151.742786
 42
-0.044532
  0
VERTEX
  8
0
 10
579.860610
 20
151.340428
 42
-0.426740
  0
VERTEX
  8
0
 10
579.788623
 20
151.183930
 42
-0.203865
  0
VERTEX
  8
0
 10
579.531579
 20
151.201754
 42
-0.020533
  0
VERTEX
  8
0
 10
578.984570
 20
151.509536
 42
0.036589
  0
VERTEX
  8
0
 10
578.373133
 20
151.828191
 42
0.348029
  0
VERTEX
  8
0
 10
578.107152
 20
151.756708
 42
0.233523
  0
VERTEX
  8
0
 10
578.046842
 20
151.424504
 42
0.021797
  0
VERTEX
  8
0
 10
578.318607
 20
150.612107
 42
-0.025860
  0
VERTEX
  8
0
 10
578.556422
 20
149.881531
 42
-0.172871
  0
VERTEX
  8
0
 10
578.526590
 20
149.506453
 42
-0.366430
  0
VERTEX
  8
0
 10
578.300351
 20
149.398115
 42
-0.074563
  0
VERTEX
  8
0
 10
577.858814
 20
149.587258
 42
0.063277
  0
VERTEX
  8
0
 10
577.430731
 20
149.782131
 42
0.295895
  0
VERTEX
  8
0
 10
577.182353
 20
149.712167
 42
0.227574
  0
VERTEX
  8
0
 10
577.102005
 20
149.425564
 42
0.043641
  0
VERTEX
  8
0
 10
577.245509
 20
148.889196
 42
-0.230055
  0
VERTEX
  8
0
 10
577.064902
 20
147.151973
 42
-0.054993
  0
VERTEX
  8
0
 10
575.221063
 20
144.804002
 42
-0.055100
  0
VERTEX
  8
0
 10
572.919458
 20
142.923187
 42
-0.239806
  0
VERTEX
  8
0
 10
571.221142
 20
142.745381
 42
0.030835
  0
VERTEX
  8
0
 10
570.571322
 20
142.949787
 42
0.212654
  0
VERTEX
  8
0
 10
570.249847
 20
142.892630
 42
0.336704
  0
VERTEX
  8
0
 10
570.167932
 20
142.650490
 42
0.057620
  0
VERTEX
  8
0
 10
570.387893
 20
142.181393
 42
-0.059058
  0
VERTEX
  8
0
 10
570.606990
 20
141.710634
 42
-0.344924
  0
VERTEX
  8
0
 10
570.520234
 20
141.470489
 42
-0.205282
  0
VERTEX
  8
0
 10
570.187687
 20
141.418564
 42
-0.029099
  0
VERTEX
  8
0
 10
569.513299
 20
141.633270
 42
-0.256576
  0
VERTEX
  8
0
 10
568.632158
 20
142.675008
 42
-0.034465
  0
VERTEX
  8
0
 10
568.244059
 20
145.624003
 42
-0.016953
  0
VERTEX
  8
0
 10
568.094549
 20
150.953573
 42
-0.002076
  0
VERTEX
  8
0
 10
568.211361
 20
162.622813
 42
0.003448
  0
VERTEX
  8
0
 10
568.268140
 20
170.437101
 42
0.005751
  0
VERTEX
  8
0
 10
568.194900
 20
177.015317
 42
0.001327
  0
VERTEX
  8
0
 10
568.050878
 20
182.708801
 42
0.406439
  0
VERTEX
  8
0
 10
567.750000
 20
183.000997
 42
0.401959
  0
VERTEX
  8
0
 10
567.444855
 20
182.707632
 42
0.001248
  0
VERTEX
  8
0
 10
567.220312
 20
176.831543
 42
0.005577
  0
VERTEX
  8
0
 10
567.053903
 20
170.052440
 42
0.003347
  0
VERTEX
  8
0
 10
567.000000
 20
162.000000
 42
0.000000
  0
VERTEX
  8
0
 10
567.000000
 20
141.000000
 42
0.000000
  0
VERTEX
  8
0
 10
564.500000
 20
141.000000
 42
0.000000
  0
VERTEX
  8
0
 10
562.000000
 20
141.000000
 42
0.000000
  0
VERTEX
  8
0
 10
562.000000
 20
161.933578
 42
0.000000
  0
VERTEX
  8
0
 10
562.000000
 20
182.867155
 42
0.000000
  0
VERTEX
  8
0
 10
564.750000
 20
183.283746
 42
0.001724
  0
VERTEX
  8
0
 10
565.849783
 20
183.454229
 42
0.002089
  0
VERTEX
  8
0
 10
566.879957
 20
183.621976
 42
0.001766
  0
VERTEX
  8
0
 10
567.745791
 20
183.769823
 42
0.014398
  0
VERTEX
  8
0
 10
568.139216
 20
183.850168
 42
-0.167659
  0
VERTEX
  8
0
 10
568.507190
 20
183.812510
 42
-0.021396
  0
VERTEX
  8
0
 10
569.224268
 20
183.441924
 42
-0.023123
  0
VERTEX
  8
0
 10
570.062645
 20
182.909248
 42
-0.017341
  0
SEQEND
  0
POLYLINE
  8
0
 66
1
 70
1
  0
VERTEX
  8
0
 10
529.000000
 20
162.000000
 42
-0.001458
  0
VERTEX
  8
0
 10
528.960720
 20
148.525270
 42
-0.022284
  0
VERTEX
  8
0
 10
528.726190
 20
143.875000
 42
-0.084277
  0
VERTEX
  8
0
 10
528.150290
 20
141.736918
 42
-0.292848
  0
VERTEX
  8
0
 10
527.000000
 20
141.000000
 42
-0.292848
  0
VERTEX
  8
0
 10
525.849710
 20
141.736918
 42
-0.084277
  0
VERTEX
  8
0
 10
525.273810
 20
143.875000
 42
-0.022284
  0
VERTEX
  8
0
 10
525.039280
 20
148.525270
 42
-0.001458
  0
VERTEX
  8
0
 10
525.000000
 20
162.000000
 42
-0.001458
  0
VERTEX
  8
0
 10
525.039280
 20
175.474730
 42
-0.022284
  0
VERTEX
  8
0
 10
525.273810
 20
180.125000
 42
-0.084277
  0
VERTEX
  8
0
 10
525.849710
 20
182.263082
 42
-0.292848
  0
VERTEX
  8
0
 10
527.000000
 20
183.000000
 42
-0.292848
  0
VERTEX
  8
0
 10
528.150290
 20
182.263082
 42
-0.084277
  0
VERTEX
  8
0
 10
528.726190
 20
180.125000
 42
-0.022284
  0
VERTEX
  8
0
 10
528.960720
 20
175.474730
 42
-0.001458
  0
SEQEND
  0
POLYLINE
  8
0
 66
1
 70
1
  0
VERTEX
  8
0
 10
536.000000
 20
162.000000
 42
0.000000
  0
VERTEX
  8
0
 10
536.000000
 20
141.000000
 42
0.000000
  0
VERTEX
  8
0
 10
533.500000
 20
141.000000
 42
0.000000
  0
VERTEX
  8
0
 10
531.000000
 20
141.000000
 42
0.000000
  0
VERTEX
  8
0
 10
531.000000
 20
162.000000
 42
0.000000
  0
VERTEX
  8
0
 10
531.000000
 20
183.000000
 42
0.000000
  0
VERTEX
  8
0
 10
533.500000
 20
183.000000
 42
0.000000
  0
VERTEX
  8
0
 10
536.000000
 20
183.000000
 42
0.000000
  0
SEQEND
  0
POLYLINE
  8
0
 66
1
 70
1
  0
VERTEX
  8
0
 10
542.000000
 20
162.000000
 42
0.000000
  0
VERTEX
  8
0
 10
542.000000
 20
141.000000
 42
0.000000
  0
VERTEX
  8
0
 10
539.500000
 20
141.000000
 42
0.000000
  0
VERTEX
  8
0
 10
537.000000
 20
141.000000
 42
0.000000
  0
VERTEX
  8
0
 10
537.000000
 20
162.000000
 42
0.000000
  0
VERTEX
  8
0
 10
537.000000
 20
183.000000
 42
0.000000
  0
VERTEX
  8
0
 10
539.500000
 20
183.000000
 42
0.000000
  0
VERTEX
  8
0
 10
542.000000
 20
183.000000
 42
0.000000
  0
SEQEND
  0
POLYLINE
  8
0
 66
1
 70
1
  0
VERTEX
  8
0
 10
548.228572
 20
162.250000
 42
0.000000
  0
VERTEX
  8
0
 10
548.457144
 20
141.500000
 42
0.000000
  0
VERTEX
  8
0
 10
548.748860
 20
162.250000
 42
0.000000
  0
VERTEX
  8
0
 10
549.040577
 20
183.000000
 42
0.000000
  0
VERTEX
  8
0
 10
551.520288
 20
183.000000
 42
0.000000
  0
VERTEX
  8
0
 10
554.000000
 20
183.000000
 42
0.000000
  0
VERTEX
  8
0
 10
554.000000
 20
162.000000
 42
0.000000
  0
VERTEX
  8
0
 10
554.000000
 20
141.000000
 42
0.000000
  0
VERTEX
  8
0
 10
548.500000
 20
141.000000
 42
0.000000
  0
VERTEX
  8
0
 10
543.000000
 20
141.000000
 42
0.000000
  0
VERTEX
  8
0
 10
543.000000
 20
162.000000
 42
0.000000
  0
VERTEX
  8
0
 10
543.000000
 20
183.000000
 42
0.000000
  0
VERTEX
  8
0
 10
545.500000
 20
183.000000
 42
0.000000
  0
VERTEX
  8
0
 10
548.000000
 20
183.000000
 42
0.000000
  0
SEQEND
  0
POLYLINE
  8
0
 66
1
 70
1
  0
VERTEX
  8
0
 10
560.000000
 20
162.000000
 42
-0.001458
  0
VERTEX
  8
0
 10
559.960720
 20
148.525270
 42
-0.022284
  0
VERTEX
  8
0
 10
559.726190
 20
143.875000
 42
-0.084277
  0
VERTEX
  8
0
 10
559.150290
 20
141.736918
 42
-0.292848
  0
VERTEX
  8
0
 10
558.000000
 20
141.000000
 42
-0.292848
  0
VERTEX
  8
0
 10
556.849710
 20
141.736918
 42
-0.084277
  0
VERTEX
  8
0
 10
556.273810
 20
143.875000
 42
-0.022284
  0
VERTEX
  8
0
 10
556.039280
 20
148.525270
 42
-0.001458
  0
VERTEX
  8
0
 10
556.000000
 20
162.000000
 42
-0.001458
  0
VERTEX
  8
0
 10
556.039280
 20
175.474730
 42
-0.022284
  0
VERTEX
  8
0
 10
556.273810
 20
180.125000
 42
-0.084277
  0
VERTEX
  8
0
 10
556.849710
 20
182.263082
 42
-0.292848
  0
VERTEX
  8
0
 10
558.000000
 20
183.000000
 42
-0.292848
  0
VERTEX
  8
0
 10
559.150290
 20
182.263082
 42
-0.084277
  0
VERTEX
  8
0
 10
559.726190
 20
180.125000
 42
-0.022284
  0
VERTEX
  8
0
 10
559.960720
 20
175.474730
 42
-0.001458
  0
SEQEND
  0
POLYLINE
  8
0
 66
1
 70
1
  0
VERTEX
  8
0
 10
523.000000
 20
161.892703
 42
-0.002468
  0
VERTEX
  8
0
 10
522.947351
 20
151.227500
 42
-0.015632
  0
VERTEX
  8
0
 10
522.724194
 20
145.805414
 42
-0.024996
  0
VERTEX
  8
0
 10
522.332951
 20
142.624310
 42
-0.263890
  0
VERTEX
  8
0
 10
521.532025
 20
141.650663
 42
-0.077463
  0
VERTEX
  8
0
 10
520.919484
 20
141.518958
 42
-0.076658
  0
VERTEX
  8
0
 10
520.293598
 20
141.579129
 42
-0.081908
  0
VERTEX
  8
0
 10
519.750771
 20
141.816552
 42
-0.110815
  0
VERTEX
  8
0
 10
519.377517
 20
142.198182
 42
-0.034700
  0
VERTEX
  8
0
 10
519.141894
 20
142.646166
 42
-0.403524
  0
VERTEX
  8
0
 10
519.204091
 20
142.815373
 42
-0.235363
  0
VERTEX
  8
0
 10
519.445258
 20
142.812756
 42
-0.020106
  0
VERTEX
  8
0
 10
520.000000
 20
142.500000
 42
0.018888
  0
VERTEX
  8
0
 10
520.583134
 20
142.169361
 42
0.287545
  0
VERTEX
  8
0
 10
520.804405
 20
142.187535
 42
0.361638
  0
VERTEX
  8
0
 10
520.850116
 20
142.378579
 42
0.023608
  0
VERTEX
  8
0
 10
520.553358
 20
142.913665
 42
0.097558
  0
VERTEX
  8
0
 10
520.158005
 20
143.339689
 42
0.081129
  0
VERTEX
  8
0
 10
519.604978
 20
143.618051
 42
0.079649
  0
VERTEX
  8
0
 10
518.982266
 20
143.709270
 42
0.088454
  0
VERTEX
  8
0
 10
518.385968
 20
143.594615
 42
-0.298600
  0
VERTEX
  8
0
 10
516.573400
 20
143.988414
 42
-0.042759
  0
VERTEX
  8
0
 10
514.030730
 20
147.062597
 42
-0.043743
  0
VERTEX
  8
0
 10
511.974605
 20
150.669111
 42
-0.173331
  0
VERTEX
  8
0
 10
511.755140
 20
153.171655
 42
0.031582
  0
VERTEX
  8
0
 10
511.908379
 20
153.957282
 42
0.086623
  0
VERTEX
  8
0
 10
511.883989
 20
154.519913
 42
0.222561
  0
VERTEX
  8
0
 10
511.695850
 20
154.765293
 42
0.263318
  0
VERTEX
  8
0
 10
511.407524
 20
154.754835
 42
-0.519414
  0
VERTEX
  8
0
 10
511.043384
 20
154.911767
 42
-0.020318
  0
VERTEX
  8
0
 10
510.761192
 20
156.605045
 42
-0.020722
  0
VERTEX
  8
0
 10
510.562847
 20
158.987288
 42
-0.010408
  0
VERTEX
  8
0
 10
510.500000
 20
162.006123
 42
-0.007428
  0
VERTEX
  8
0
 10
510.543504
 20
164.934484
 42
-0.015201
  0
VERTEX
  8
0
 10
510.681462
 20
167.226831
 42
-0.017948
  0
VERTEX
  8
0
 10
510.876943
 20
168.765095
 42
-0.694141
  0
VERTEX
  8
0
 10
511.117743
 20
168.812639
 42
0.557655
  0
VERTEX
  8
0
 10
511.657275
 20
168.811977
 42
0.044023
  0
VERTEX
  8
0
 10
512.446400
 20
170.378526
 42
0.035425
  0
VERTEX
  8
0
 10
513.149176
 20
172.589017
 42
0.045619
  0
VERTEX
  8
0
 10
513.458772
 20
174.696995
 42
-0.160661
  0
VERTEX
  8
0
 10
514.155124
 20
176.475180
 42
-0.034655
  0
VERTEX
  8
0
 10
516.465525
 20
178.900513
 42
-0.034972
  0
VERTEX
  8
0
 10
519.098094
 20
180.988166
 42
-0.151275
  0
VERTEX
  8
0
 10
520.981792
 20
181.571429
 42
-0.281157
  0
VERTEX
  8
0
 10
522.136275
 20
180.866525
 42
-0.093337
  0
VERTEX
  8
0
 10
522.724361
 20
178.883780
 42
-0.023993
  0
VERTEX
  8
0
 10
522.960526
 20
174.532629
 42
-0.001561
  0
SEQEND
  0
POLYLINE
  8
0
 66
1
 70
1
  0
VERTEX
  8
0
 10
509.717581
 20
159.263750
 42
-0.075924
  0
VERTEX
  8
0
 10
509.561388
 20
158.761725
 42
-0.720633
  0
VERTEX
  8
0
 10
509.418418
 20
158.780601
 42
-0.040183
  0
VERTEX
  8
0
 10
509.315278
 20
159.711719
 42
-0.006817
  0
VERTEX
  8
0
 10
509.286014
 20
161.500000
 42
-0.007380
  0
VERTEX
  8
0
 10
509.307632
 20
163.297080
 42
-0.030832
  0
VERTEX
  8
0
 10
509.403147
 20
164.374351
 42
-0.490820
  0
VERTEX
  8
0
 10
509.549185
 20
164.455688
 42
-0.248898
  0
VERTEX
  8
0
 10
509.703931
 20
164.263750
 42
-0.031163
  0
VERTEX
  8
0
 10
509.839977
 20
163.209518
 42
-0.015827
  0
VERTEX
  8
0
 10
509.885962
 20
161.872547
 42
-0.015659
  0
VERTEX
  8
0
 10
509.846293
 20
160.485188
 42
-0.022548
  0
SEQEND
  0
POLYLINE
  8
0
 66
1
 70
1
  0
VERTEX
  8
0
 10
568.345492
 20
139.750000
 42
-0.252049
  0
VERTEX
  8
0
 10
567.822334
 20
139.448087
 42
-0.001236
  0
VERTEX
  8
0
 10
561.499525
 20
139.276541
 42
-0.005139
  0
VERTEX
  8
0
 10
554.231804
 20
139.172070
 42
-0.003180
  0
VERTEX
  8
0
 10
545.690983
 20
139.191416
 42
-0.001286
  0
VERTEX
  8
0
 10
535.497810
 20
139.305552
 42
-0.011316
  0
VERTEX
  8
0
 10
530.991883
 20
139.469632
 42
-0.883519
  0
VERTEX
  8
0
 10
530.977609
 20
139.690624
 42
-0.032335
  0
VERTEX
  8
0
 10
533.000000
 20
139.941416
 42
-0.009282
  0
VERTEX
  8
0
 10
543.894021
 20
140.379228
 42
-0.006755
  0
VERTEX
  8
0
 10
556.020152
 20
140.477374
 42
-0.001575
  0
VERTEX
  8
0
 10
568.001950
 20
140.374753
 42
-0.583454
  0
SEQEND
  0
POLYLINE
  8
0
 66
1
 70
1
  0
VERTEX
  8
0
 10
603.000000
 20
184.000000
 42
0.099038
  0
VERTEX
  8
0
 10
603.076342
 20
183.618362
 42
0.097945
  0
VERTEX
  8
0
 10
603.293750
 20
183.293750
 42
0.097945
  0
VERTEX
  8
0
 10
603.618362
 20
183.076342
 42
0.099038
  0
VERTEX
  8
0
 10
604.000000
 20
183.000000
 42
0.099038
  0
VERTEX
  8
0
 10
604.381638
 20
183.076342
 42
0.097945
  0
VERTEX
  8
0
 10
604.706250
 20
183.293750
 42
0.097945
  0
VERTEX
  8
0
 10
604.923658
 20
183.618362
 42
0.099038
  0
VERTEX
  8
0
 10
605.000000
 20
184.000000
 42
0.099038
  0
VERTEX
  8
0
 10
604.923658
 20
184.381638
 42
0.097945
  0
VERTEX
  8
0
 10
604.706250
 20
184.706250
 42
0.097945
  0
VERTEX
  8
0
 10
604.381638
 20
184.923658
 42
0.099038
  0
VERTEX
  8
0
 10
604.000000
 20
185.000000
 42
0.099038
  0
VERTEX
  8
0
 10
603.618362
 20
184.923658
 42
0.097945
  0
VERTEX
  8
0
 10
603.293750
 20
184.706250
 42
0.097945
  0
VERTEX
  8
0
 10
603.076342
 20
184.381638
 42
0.099038
  0
SEQEND
  0
POLYLINE
  8
0
 66
1
 70
1
  0
VERTEX
  8
0
 10
110.194949
 20
138.500000
 42
0.012823
  0
VERTEX
  8
0
 10
110.235556
 20
137.431793
 42
0.080377
  0
VERTEX
  8
0
 10
110.356533
 20
136.900903
 42
0.597527
  0
VERTEX
  8
0
 10
110.516660
 20
136.883358
 42
0.087174
  0
VERTEX
  8
0
 10
110.692991
 20
137.269032
 42
0.037336
  0
VERTEX
  8
0
 10
110.832894
 20
138.036634
 42
0.029507
  0
VERTEX
  8
0
 10
110.872264
 20
138.880008
 42
0.030339
  0
VERTEX
  8
0
 10
110.814405
 20
139.671085
 42
0.062780
  0
VERTEX
  8
0
 10
110.655937
 20
140.269032
 42
0.313180
  0
VERTEX
  8
0
 10
110.477130
 20
140.386009
 42
0.333666
  0
VERTEX
  8
0
 10
110.315079
 20
140.257153
 42
0.052471
  0
VERTEX
  8
0
 10
110.212705
 20
139.580113
 42
0.014395
  0
SEQEND
  0
POLYLINE
  8
0
 66
1
 70
1
  0
VERTEX
  8
0
 10
110.157895
 20
131.000000
 42
0.017491
  0
VERTEX
  8
0
 10
110.189089
 20
130.108560
 42
0.078554
  0
VERTEX
  8
0
 10
110.306058
 20
129.601562
 42
0.447206
  0
VERTEX
  8
0
 10
110.474999
 20
129.540618
 42
0.174857
  0
VERTEX
  8
0
 10
110.662281
 20
129.750000
 42
0.057986
  0
VERTEX
  8
0
 10
110.818615
 20
130.320008
 42
0.037979
  0
VERTEX
  8
0
 10
110.870340
 20
131.000000
 42
0.037979
  0
VERTEX
  8
0
 10
110.818615
 20
131.679992
 42
0.057986
  0
VERTEX
  8
0
 10
110.662281
 20
132.250000
 42
0.174857
  0
VERTEX
  8
0
 10
110.474999
 20
132.459382
 42
0.447206
  0
VERTEX
  8
0
 10
110.306058
 20
132.398438
 42
0.078554
  0
VERTEX
  8
0
 10
110.189089
 20
131.891440
 42
0.017491
  0
SEQEND
  0
POLYLINE
  8
0
 66
1
 70
1
  0
VERTEX
  8
0
 10
110.078947
 20
123.416667
 42
0.018894
  0
VERTEX
  8
0
 10
110.137993
 20
122.670344
 42
0.168741
  0
VERTEX
  8
0
 10
110.279315
 20
122.378580
 42
0.470617
  0
VERTEX
  8
0
 10
110.461564
 20
122.395823
 42
0.054073
  0
VERTEX
  8
0
 10
110.683114
 20
122.812500
 42
0.051402
  0
VERTEX
  8
0
 10
110.839148
 20
123.359369
 42
0.054150
  0
VERTEX
  8
0
 10
110.876576
 20
123.916927
 42
0.060344
  0
VERTEX
  8
0
 10
110.797407
 20
124.402231
 42
0.126455
  0
VERTEX
  8
0
 10
110.604167
 20
124.729167
 42
0.296942
  0
VERTEX
  8
0
 10
110.385309
 20
124.775380
 42
0.208169
  0
VERTEX
  8
0
 10
110.200665
 20
124.592839
 42
0.077125
  0
VERTEX
  8
0
 10
110.089945
 20
124.112848
 42
0.028489
  0
SEQEND
  0
POLYLINE
  8
0
 66
1
 70
1
  0
VERTEX
  8
0
 10
110.157895
 20
116.000000
 42
0.017491
  0
VERTEX
  8
0
 10
110.189089
 20
115.108560
 42
0.078554
  0
VERTEX
  8
0
 10
110.306058
 20
114.601562
 42
0.447206
  0
VERTEX
  8
0
 10
110.474999
 20
114.540618
 42
0.174857
  0
VERTEX
  8
0
 10
110.662281
 20
114.750000
 42
0.057986
  0
VERTEX
  8
0
 10
110.818615
 20
115.320008
 42
0.037979
  0
VERTEX
  8
0
 10
110.870340
 20
116.000000
 42
0.037979
  0
VERTEX
  8
0
 10
110.818615
 20
116.679992
 42
0.057986
  0
VERTEX
  8
0
 10
110.662281
 20
117.250000
 42
0.174857
  0
VERTEX
  8
0
 10
110.474999
 20
117.459382
 42
0.447206
  0
VERTEX
  8
0
 10
110.306058
 20
117.398438
 42
0.078554
  0
VERTEX
  8
0
 10
110.189089
 20
116.891440
 42
0.017491
  0
SEQEND
  0
POLYLINE
  8
0
 66
1
 70
1
  0
VERTEX
  8
0
 10
110.157895
 20
109.000000
 42
0.017491
  0
VERTEX
  8
0
 10
110.189089
 20
108.108560
 42
0.078554
  0
VERTEX
  8
0
 10
110.306058
 20
107.601562
 42
0.447206
  0
VERTEX
  8
0
 10
110.474999
 20
107.540618
 42
0.174857
  0
VERTEX
  8
0
 10
110.662281
 20
107.750000
 42
0.057986
  0
VERTEX
  8
0
 10
110.818615
 20
108.320008
 42
0.037979
  0
VERTEX
  8
0
 10
110.870340
 20
109.000000
 42
0.037979
  0
VERTEX
  8
0
 10
110.818615
 20
109.679992
 42
0.057986
  0
VERTEX
  8
0
 10
110.662281
 20
110.250000
 42
0.174857
  0
VERTEX
  8
0
 10
110.474999
 20
110.459382
 42
0.447206
  0
VERTEX
  8
0
 10
110.306058
 20
110.398438
 42
0.078554
  0
VERTEX
  8
0
 10
110.189089
 20
109.891440
 42
0.017491
  0
SEQEND
  0
POLYLINE
  8
0
 66
1
 70
1
  0
VERTEX
  8
0
 10
110.078947
 20
101.416667
 42
0.018894
  0
VERTEX
  8
0
 10
110.137993
 20
100.670344
 42
0.168741
  0
VERTEX
  8
0
 10
110.279315
 20
100.378580
 42
0.470617
  0
VERTEX
  8
0
 10
110.461564
 20
100.395823
 42
0.054073
  0
VERTEX
  8
0
 10
110.683114
 20
100.812500
 42
0.051402
  0
VERTEX
  8
0
 10
110.839148
 20
101.359369
 42
0.054150
  0
VERTEX
  8
0
 10
110.876576
 20
101.916927
 42
0.060344
  0
VERTEX
  8
0
 10
110.797407
 20
102.402231
 42
0.126455
  0
VERTEX
  8
0
 10
110.604167
 20
102.729167
 42
0.296942
  0
VERTEX
  8
0
 10
110.385309
 20
102.775380
 42
0.208169
  0
VERTEX
  8
0
 10
110.200665
 20
102.592839
 42
0.077125
  0
VERTEX
  8
0
 10
110.089945
 20
102.112848
 42
0.028489
  0
SEQEND
  0
POLYLINE
  8
0
 66
1
 70
1
  0
VERTEX
  8
0
 10
701.078947
 20
96.416667
 42
0.018894
  0
VERTEX
  8
0
 10
701.137993
 20
95.670344
 42
0.168741
  0
VERTEX
  8
0
 10
701.279315
 20
95.378580
 42
0.470617
  0
VERTEX
  8
0
 10
701.461564
 20
95.395823
 42
0.054073
  0
VERTEX
  8
0
 10
701.683114
 20
95.812500
 42
0.051402
  0
VERTEX
  8
0
 10
701.839148
 20
96.359369
 42
0.054150
  0
VERTEX
  8
0
 10
701.876576
 20
96.916927
 42
0.060344
  0
VERTEX
  8
0
 10
701.797407
 20
97.402231
 42
0.126455
  0
VERTEX
  8
0
 10
701.604167
 20
97.729167
 42
0.296942
  0
VERTEX
  8
0
 10
701.385309
 20
97.775380
 42
0.208169
  0
VERTEX
  8
0
 10
701.200665
 20
97.592839
 42
0.077125
  0
VERTEX
  8
0
 10
701.089945
 20
97.112848
 42
0.028489
  0
SEQEND
  0
POLYLINE
  8
0
 66
1
 70
1
  0
VERTEX
  8
0
 10
110.078947
 20
94.416667
 42
0.018894
  0
VERTEX
  8
0
 10
110.137993
 20
93.670344
 42
0.168741
  0
VERTEX
  8
0
 10
110.279315
 20
93.378580
 42
0.470617
  0
VERTEX
  8
0
 10
110.461564
 20
93.395823
 42
0.054073
  0
VERTEX
  8
0
 10
110.683114
 20
93.812500
 42
0.051402
  0
VERTEX
  8
0
 10
110.839148
 20
94.359369
 42
0.054150
  0
VERTEX
  8
0
 10
110.876576
 20
94.916927
 42
0.060344
  0
VERTEX
  8
0
 10
110.797407
 20
95.402231
 42
0.126455
  0
VERTEX
  8
0
 10
110.604167
 20
95.729167
 42
0.296942
  0
VERTEX
  8
0
 10
110.385309
 20
95.775380
 42
0.208169
  0
VERTEX
  8
0
 10
110.200665
 20
95.592839
 42
0.077125
  0
VERTEX
  8
0
 10
110.089945
 20
95.112848
 42
0.028489
  0
SEQEND
  0
POLYLINE
  8
0
 66
1
 70
1
  0
VERTEX
  8
0
 10
147.157895
 20
89.000000
 42
0.017491
  0
VERTEX
  8
0
 10
147.189089
 20
88.108560
 42
0.078554
  0
VERTEX
  8
0
 10
147.306058
 20
87.601562
 42
0.447206
  0
VERTEX
  8
0
 10
147.474999
 20
87.540618
 42
0.174857
  0
VERTEX
  8
0
 10
147.662281
 20
87.750000
 42
0.057986
  0
VERTEX
  8
0
 10
147.818615
 20
88.320008
 42
0.037979
  0
VERTEX
  8
0
 10
147.870340
 20
89.000000
 42
0.037979
  0
VERTEX
  8
0
 10
147.818615
 20
89.679992
 42
0.057986
  0
VERTEX
  8
0
 10
147.662281
 20
90.250000
 42
0.174857
  0
VERTEX
  8
0
 10
147.474999
 20
90.459382
 42
0.447206
  0
VERTEX
  8
0
 10
147.306058
 20
90.398438
 42
0.078554
  0
VERTEX
  8
0
 10
147.189089
 20
89.891440
 42
0.017491
  0
SEQEND
  0
POLYLINE
  8
0
 66
1
 70
1
  0
VERTEX
  8
0
 10
110.157895
 20
87.000000
 42
0.017491
  0
VERTEX
  8
0
 10
110.189089
 20
86.108560
 42
0.078554
  0
VERTEX
  8
0
 10
110.306058
 20
85.601562
 42
0.447206
  0
VERTEX
  8
0
 10
110.474999
 20
85.540618
 42
0.174857
  0
VERTEX
  8
0
 10
110.662281
 20
85.750000
 42
0.057986
  0
VERTEX
  8
0
 10
110.818615
 20
86.320008
 42
0.037979
  0
VERTEX
  8
0
 10
110.870340
 20
87.000000
 42
0.037979
  0
VERTEX
  8
0
 10
110.818615
 20
87.679992
 42
0.057986
  0
VERTEX
  8
0
 10
110.662281
 20
88.250000
 42
0.174857
  0
VERTEX
  8
0
 10
110.474999
 20
88.459382
 42
0.447206
  0
VERTEX
  8
0
 10
110.306058
 20
88.398438
 42
0.078554
  0
VERTEX
  8
0
 10
110.189089
 20
87.891440
 42
0.017491
  0
SEQEND
  0
POLYLINE
  8
0
 66
1
 70
1
  0
VERTEX
  8
0
 10
701.157895
 20
85.000000
 42
0.017491
  0
VERTEX
  8
0
 10
701.189089
 20
84.108560
 42
0.078554
  0
VERTEX
  8
0
 10
701.306058
 20
83.601562
 42
0.447206
  0
VERTEX
  8
0
 10
701.474999
 20
83.540618
 42
0.174857
  0
VERTEX
  8
0
 10
701.662281
 20
83.750000
 42
0.057986
  0
VERTEX
  8
0
 10
701.818615
 20
84.320008
 42
0.037979
  0
VERTEX
  8
0
 10
701.870340
 20
85.000000
 42
0.037979
  0
VERTEX
  8
0
 10
701.818615
 20
85.679992
 42
0.057986
  0
VERTEX
  8
0
 10
701.662281
 20
86.250000
 42
0.174857
  0
VERTEX
  8
0
 10
701.474999
 20
86.459382
 42
0.447206
  0
VERTEX
  8
0
 10
701.306058
 20
86.398438
 42
0.078554
  0
VERTEX
  8
0
 10
701.189089
 20
85.891440
 42
0.017491
  0
SEQEND
  0
POLYLINE
  8
0
 66
1
 70
1
  0
VERTEX
  8
0
 10
147.851899
 20
82.748080
 42
0.198393
  0
VERTEX
  8
0
 10
148.596367
 20
82.438852
 42
0.000012
  0
VERTEX
  8
0
 10
224.008331
 20
82.291043
 42
0.000455
  0
VERTEX
  8
0
 10
307.281968
 20
82.205545
 42
0.000274
  0
VERTEX
  8
0
 10
406.051920
 20
82.248096
 42
0.000000
  0
VERTEX
  8
0
 10
663.500000
 20
82.500031
 42
0.000000
  0
VERTEX
  8
0
 10
405.299978
 20
83.000016
 42
0.000272
  0
VERTEX
  8
0
 10
306.344131
 20
83.137729
 42
0.000456
  0
VERTEX
  8
0
 10
223.167096
 20
83.132253
 42
0.000012
  0
VERTEX
  8
0
 10
147.979622
 20
83.056885
 42
0.667813
  0
SEQEND
  0
POLYLINE
  8
0
 66
1
 70
1
  0
VERTEX
  8
0
 10
110.078947
 20
79.416667
 42
0.018894
  0
VERTEX
  8
0
 10
110.137993
 20
78.670344
 42
0.168741
  0
VERTEX
  8
0
 10
110.279315
 20
78.378580
 42
0.470617
  0
VERTEX
  8
0
 10
110.461564
 20
78.395823
 42
0.054073
  0
VERTEX
  8
0
 10
110.683114
 20
78.812500
 42
0.051402
  0
VERTEX
  8
0
 10
110.839148
 20
79.359369
 42
0.054150
  0
VERTEX
  8
0
 10
110.876576
 20
79.916927
 42
0.060344
  0
VERTEX
  8
0
 10
110.797407
 20
80.402231
 42
0.126455
  0
VERTEX
  8
0
 10
110.604167
 20
80.729167
 42
0.296942
  0
VERTEX
  8
0
 10
110.385309
 20
80.775380
 42
0.208169
  0
VERTEX
  8
0
 10
110.200665
 20
80.592839
 42
0.077125
  0
VERTEX
  8
0
 10
110.089945
 20
80.112848
 42
0.028489
  0
SEQEND
  0
POLYLINE
  8
0
 66
1
 70
1
  0
VERTEX
  8
0
 10
701.078947
 20
73.416667
 42
0.018894
  0
VERTEX
  8
0
 10
701.137993
 20
72.670344
 42
0.168741
  0
VERTEX
  8
0
 10
701.279315
 20
72.378580
 42
0.470617
  0
VERTEX
  8
0
 10
701.461564
 20
72.395823
 42
0.054073
  0
VERTEX
  8
0
 10
701.683114
 20
72.812500
 42
0.051402
  0
VERTEX
  8
0
 10
701.839148
 20
73.359369
 42
0.054150
  0
VERTEX
  8
0
 10
701.876576
 20
73.916927
 42
0.060344
  0
VERTEX
  8
0
 10
701.797407
 20
74.402231
 42
0.126455
  0
VERTEX
  8
0
 10
701.604167
 20
74.729167
 42
0.296942
  0
VERTEX
  8
0
 10
701.385309
 20
74.775380
 42
0.208169
  0
VERTEX
  8
0
 10
701.200665
 20
74.592839
 42
0.077125
  0
VERTEX
  8
0
 10
701.089945
 20
74.112848
 42
0.028489
  0
SEQEND
  0
POLYLINE
  8
0
 66
1
 70
1
  0
VERTEX
  8
0
 10
110.078947
 20
72.416667
 42
0.018894
  0
VERTEX
  8
0
 10
110.137993
 20
71.670344
 42
0.168741
  0
VERTEX
  8
0
 10
110.279315
 20
71.378580
 42
0.470617
  0
VERTEX
  8
0
 10
110.461564
 20
71.395823
 42
0.054073
  0
VERTEX
  8
0
 10
110.683114
 20
71.812500
 42
0.051402
  0
VERTEX
  8
0
 10
110.839148
 20
72.359369
 42
0.054150
  0
VERTEX
  8
0
 10
110.876576
 20
72.916927
 42
0.060344
  0
VERTEX
  8
0
 10
110.797407
 20
73.402231
 42
0.126455
  0
VERTEX
  8
0
 10
110.604167
 20
73.729167
 42
0.296942
  0
VERTEX
  8
0
 10
110.385309
 20
73.775380
 42
0.208169
  0
VERTEX
  8
0
 10
110.200665
 20
73.592839
 42
0.077125
  0
VERTEX
  8
0
 10
110.089945
 20
73.112848
 42
0.028489
  0
SEQEND
  0
POLYLINE
  8
0
 66
1
 70
1
  0
VERTEX
  8
0
 10
110.157895
 20
65.000000
 42
0.017491
  0
VERTEX
  8
0
 10
110.189089
 20
64.108560
 42
0.078554
  0
VERTEX
  8
0
 10
110.306058
 20
63.601562
 42
0.447206
  0
VERTEX
  8
0
 10
110.474999
 20
63.540618
 42
0.174857
  0
VERTEX
  8
0
 10
110.662281
 20
63.750000
 42
0.057986
  0
VERTEX
  8
0
 10
110.818615
 20
64.320008
 42
0.037979
  0
VERTEX
  8
0
 10
110.870340
 20
65.000000
 42
0.037979
  0
VERTEX
  8
0
 10
110.818615
 20
65.679992
 42
0.057986
  0
VERTEX
  8
0
 10
110.662281
 20
66.250000
 42
0.174857
  0
VERTEX
  8
0
 10
110.474999
 20
66.459382
 42
0.447206
  0
VERTEX
  8
0
 10
110.306058
 20
66.398438
 42
0.078554
  0
VERTEX
  8
0
 10
110.189089
 20
65.891440
 42
0.017491
  0
SEQEND
  0
POLYLINE
  8
0
 66
1
 70
1
  0
VERTEX
  8
0
 10
701.078947
 20
62.416667
 42
0.018894
  0
VERTEX
  8
0
 10
701.137993
 20
61.670344
 42
0.168741
  0
VERTEX
  8
0
 10
701.279315
 20
61.378580
 42
0.470617
  0
VERTEX
  8
0
 10
701.461564
 20
61.395823
 42
0.054073
  0
VERTEX
  8
0
 10
701.683114
 20
61.812500
 42
0.051402
  0
VERTEX
  8
0
 10
701.839148
 20
62.359369
 42
0.054150
  0
VERTEX
  8
0
 10
701.876576
 20
62.916927
 42
0.060344
  0
VERTEX
  8
0
 10
701.797407
 20
63.402231
 42
0.126455
  0
VERTEX
  8
0
 10
701.604167
 20
63.729167
 42
0.296942
  0
VERTEX
  8
0
 10
701.385309
 20
63.775380
 42
0.208169
  0
VERTEX
  8
0
 10
701.200665
 20
63.592839
 42
0.077125
  0
VERTEX
  8
0
 10
701.089945
 20
63.112848
 42
0.028489
  0
SEQEND
  0
POLYLINE
  8
0
 66
1
 70
1
  0
VERTEX
  8
0
 10
110.078947
 20
57.416667
 42
0.018894
  0
VERTEX
  8
0
 10
110.137993
 20
56.670344
 42
0.168741
  0
VERTEX
  8
0
 10
110.279315
 20
56.378580
 42
0.470617
  0
VERTEX
  8
0
 10
110.461564
 20
56.395823
 42
0.054073
  0
VERTEX
  8
0
 10
110.683114
 20
56.812500
 42
0.051402
  0
VERTEX
  8
0
 10
110.839148
 20
57.359369
 42
0.054150
  0
VERTEX
  8
0
 10
110.876576
 20
57.916927
 42
0.060344
  0
VERTEX
  8
0
 10
110.797407
 20
58.402231
 42
0.126455
  0
VERTEX
  8
0
 10
110.604167
 20
58.729167
 42
0.296942
  0
VERTEX
  8
0
 10
110.385309
 20
58.775380
 42
0.208169
  0
VERTEX
  8
0
 10
110.200665
 20
58.592839
 42
0.077125
  0
VERTEX
  8
0
 10
110.089945
 20
58.112848
 42
0.028489
  0
SEQEND
  0
POLYLINE
  8
0
 66
1
 70
1
  0
VERTEX
  8
0
 10
701.157895
 20
51.000000
 42
0.017491
  0
VERTEX
  8
0
 10
701.189089
 20
50.108560
 42
0.078554
  0
VERTEX
  8
0
 10
701.306058
 20
49.601562
 42
0.447206
  0
VERTEX
  8
0
 10
701.474999
 20
49.540618
 42
0.174857
  0
VERTEX
  8
0
 10
701.662281
 20
49.750000
 42
0.057986
  0
VERTEX
  8
0
 10
701.818615
 20
50.320008
 42
0.037979
  0
VERTEX
  8
0
 10
701.870340
 20
51.000000
 42
0.037979
  0
VERTEX
  8
0
 10
701.818615
 20
51.679992
 42
0.057986
  0
VERTEX
  8
0
 10
701.662281
 20
52.250000
 42
0.174857
  0
VERTEX
  8
0
 10
701.474999
 20
52.459382
 42
0.447206
  0
VERTEX
  8
0
 10
701.306058
 20
52.398438
 42
0.078554
  0
VERTEX
  8
0
 10
701.189089
 20
51.891440
 42
0.017491
  0
SEQEND
  0
POLYLINE
  8
0
 66
1
 70
1
  0
VERTEX
  8
0
 10
110.078947
 20
50.416667
 42
0.018894
  0
VERTEX
  8
0
 10
110.137993
 20
49.670344
 42
0.168741
  0
VERTEX
  8
0
 10
110.279315
 20
49.378580
 42
0.470617
  0
VERTEX
  8
0
 10
110.461564
 20
49.395823
 42
0.054073
  0
VERTEX
  8
0
 10
110.683114
 20
49.812500
 42
0.051402
  0
VERTEX
  8
0
 10
110.839148
 20
50.359369
 42
0.054150
  0
VERTEX
  8
0
 10
110.876576
 20
50.916927
 42
0.060344
  0
VERTEX
  8
0
 10
110.797407
 20
51.402231
 42
0.126455
  0
VERTEX
  8
0
 10
110.604167
 20
51.729167
 42
0.296942
  0
VERTEX
  8
0
 10
110.385309
 20
51.775380
 42
0.208169
  0
VERTEX
  8
0
 10
110.200665
 20
51.592839
 42
0.077125
  0
VERTEX
  8
0
 10
110.089945
 20
51.112848
 42
0.028489
  0
SEQEND
  0
POLYLINE
  8
0
 66
1
 70
1
  0
VERTEX
  8
0
 10
109.999977
 20
45.750000
 42
0.413654
  0
VERTEX
  8
0
 10
110.308162
 20
45.441244
 42
0.000007
  0
VERTEX
  8
0
 10
190.120306
 20
45.292301
 42
0.000430
  0
VERTEX
  8
0
 10
278.163767
 20
45.204990
 42
0.000258
  0
VERTEX
  8
0
 10
382.750000
 20
45.245067
 42
0.000113
  0
VERTEX
  8
0
 10
481.656568
 20
45.356288
 42
0.000379
  0
VERTEX
  8
0
 10
546.445312
 20
45.492918
 42
0.004642
  0
VERTEX
  8
0
 10
557.001164
 20
45.621199
 42
0.988061
  0
VERTEX
  8
0
 10
557.000000
 20
45.744678
 42
0.000214
  0
VERTEX
  8
0
 10
376.960392
 20
46.132866
 42
0.000429
  0
VERTEX
  8
0
 10
234.739436
 20
46.256596
 42
0.000008
  0
VERTEX
  8
0
 10
110.505965
 20
46.256014
 42
0.414216
  0
SEQEND
  0
POLYLINE
  8
0
 66
1
 70
1
  0
VERTEX
  8
0
 10
700.500000
 20
46.000000
 42
0.082592
  0
VERTEX
  8
0
 10
700.343488
 20
45.617900
 42
0.161196
  0
VERTEX
  8
0
 10
700.374600
 20
45.293750
 42
0.182303
  0
VERTEX
  8
0
 10
700.586039
 20
45.078288
 42
0.108972
  0
VERTEX
  8
0
 10
700.940983
 20
45.000000
 42
0.093332
  0
VERTEX
  8
0
 10
701.345238
 20
45.076123
 42
0.096420
  0
VERTEX
  8
0
 10
701.688914
 20
45.293750
 42
0.099167
  0
VERTEX
  8
0
 10
701.918938
 20
45.618444
 42
0.105053
  0
VERTEX
  8
0
 10
702.000000
 20
46.000000
 42
0.042167
  0
VERTEX
  8
0
 10
701.967655
 20
46.382849
 42
0.061769
  0
VERTEX
  8
0
 10
701.870461
 20
46.706250
 42
0.081139
  0
VERTEX
  8
0
 10
701.727648
 20
46.925540
 42
0.210953
  0
VERTEX
  8
0
 10
701.559017
 20
47.000000
 42
0.151918
  0
VERTEX
  8
0
 10
701.348290
 20
46.934461
 42
0.038439
  0
VERTEX
  8
0
 10
701.066025
 20
46.706250
 42
0.035638
  0
VERTEX
  8
0
 10
700.768994
 20
46.382774
 42
0.029505
  0
SEQEND
  0
POLYLINE
  8
0
 66
1
 70
1
  0
VERTEX
  8
0
 10
131.000000
 20
991.000000
 42
0.000000
  0
VERTEX
  8
0
 10
131.000000
 20
975.000000
 42
0.000000
  0
VERTEX
  8
0
 10
143.500000
 20
975.000000
 42
0.014182
  0
VERTEX
  8
0
 10
154.348037
 20
975.307763
 42
0.180237
  0
VERTEX
  8
0
 10
158.021103
 20
976.918930
 42
0.186879
  0
VERTEX
  8
0
 10
159.675974
 20
980.515091
 42
0.015448
  0
VERTEX
  8
0
 10
160.000000
 20
991.000000
 42
0.015448
  0
VERTEX
  8
0
 10
159.675974
 20
1001.484909
 42
0.186879
  0
VERTEX
  8
0
 10
158.021103
 20
1005.081070
 42
0.180237
  0
VERTEX
  8
0
 10
154.348037
 20
1006.692237
 42
0.014182
  0
VERTEX
  8
0
 10
143.500000
 20
1007.000000
 42
0.000000
  0
VERTEX
  8
0
 10
131.000000
 20
1007.000000
 42
0.000000
  0
SEQEND
  0
POLYLINE
  8
0
 66
1
 70
1
  0
VERTEX
  8
0
 10
155.500000
 20
991.000000
 42
0.000000
  0
VERTEX
  8
0
 10
155.500000
 20
976.500000
 42
0.000000
  0
VERTEX
  8
0
 10
144.000000
 20
976.500000
 42
0.000000
  0
VERTEX
  8
0
 10
132.500000
 20
976.500000
 42
0.000000
  0
VERTEX
  8
0
 10
132.298404
 20
990.423811
 42
-0.003279
  0
VERTEX
  8
0
 10
132.255698
 20
995.816199
 42
-0.005038
  0
VERTEX
  8
0
 10
132.296385
 20
1000.484607
 42
-0.001858
  0
VERTEX
  8
0
 10
132.386560
 20
1004.490298
 42
-0.132607
  0
VERTEX
  8
0
 10
132.574623
 20
1005.120743
 42
-0.241877
  0
VERTEX
  8
0
 10
133.079936
 20
1005.425420
 42
-0.004686
  0
VERTEX
  8
0
 10
136.209066
 20
1005.608911
 42
-0.010177
  0
VERTEX
  8
0
 10
139.939701
 20
1005.716557
 42
-0.006509
  0
VERTEX
  8
0
 10
144.276219
 20
1005.696932
 42
0.000000
  0
VERTEX
  8
0
 10
155.500000
 20
1005.500000
 42
0.000000
  0
SEQEND
  0
POLYLINE
  8
0
 66
1
 70
1
  0
VERTEX
  8
0
 10
159.000000
 20
1001.000000
 42
-0.099038
  0
VERTEX
  8
0
 10
158.923658
 20
1000.618362
 42
-0.097945
  0
VERTEX
  8
0
 10
158.706250
 20
1000.293750
 42
-0.097945
  0
VERTEX
  8
0
 10
158.381638
 20
1000.076342
 42
-0.099038
  0
VERTEX
  8
0
 10
158.000000
 20
1000.000000
 42
-0.099038
  0
VERTEX
  8
0
 10
157.618362
 20
1000.076342
 42
-0.097945
  0
VERTEX
  8
0
 10
157.293750
 20
1000.293750
 42
-0.097945
  0
VERTEX
  8
0
 10
157.076342
 20
1000.618362
 42
-0.099038
  0
VERTEX
  8
0
 10
157.000000
 20
1001.000000
 42
-0.099038
  0
VERTEX
  8
0
 10
157.076342
 20
1001.381638
 42
-0.097945
  0
VERTEX
  8
0
 10
157.293750
 20
1001.706250
 42
-0.097945
  0
VERTEX
  8
0
 10
157.618362
 20
1001.923658
 42
-0.099038
  0
VERTEX
  8
0
 10
158.000000
 20
1002.000000
 42
-0.099038
  0
VERTEX
  8
0
 10
158.381638
 20
1001.923658
 42
-0.097945
  0
VERTEX
  8
0
 10
158.706250
 20
1001.706250
 42
-0.097945
  0
VERTEX
  8
0
 10
158.923658
 20
1001.381638
 42
-0.099038
  0
SEQEND
  0
POLYLINE
  8
0
 66
1
 70
1
  0
VERTEX
  8
0
 10
159.000000
 20
991.000000
 42
-0.010616
  0
VERTEX
  8
0
 10
158.932089
 20
987.801826
 42
-0.020476
  0
VERTEX
  8
0
 10
158.718750
 20
985.250000
 42
-0.017020
  0
VERTEX
  8
0
 10
158.413821
 20
983.340974
 42
-0.358912
  0
VERTEX
  8
0
 10
158.000000
 20
983.000000
 42
-0.358912
  0
VERTEX
  8
0
 10
157.586179
 20
983.340974
 42
-0.017020
  0
VERTEX
  8
0
 10
157.281250
 20
985.250000
 42
-0.020476
  0
VERTEX
  8
0
 10
157.067911
 20
987.801826
 42
-0.010616
  0
VERTEX
  8
0
 10
157.000000
 20
991.000000
 42
-0.010616
  0
VERTEX
  8
0
 10
157.067911
 20
994.198174
 42
-0.020476
  0
VERTEX
  8
0
 10
157.281250
 20
996.750000
 42
-0.017020
  0
VERTEX
  8
0
 10
157.586179
 20
998.659026
 42
-0.358912
  0
VERTEX
  8
0
 10
158.000000
 20
999.000000
 42
-0.358912
  0
VERTEX
  8
0
 10
158.413821
 20
998.659026
 42
-0.017020
  0
VERTEX
  8
0
 10
158.718750
 20
996.750000
 42
-0.020476
  0
VERTEX
  8
0
 10
158.932089
 20
994.198174
 42
-0.010616
  0
SEQEND
  0
POLYLINE
  8
0
 66
1
 70
1
  0
VERTEX
  8
0
 10
159.000000
 20
981.000000
 42
-0.099038
  0
VERTEX
  8
0
 10
158.923658
 20
980.618362
 42
-0.097945
  0
VERTEX
  8
0
 10
158.706250
 20
980.293750
 42
-0.097945
  0
VERTEX
  8
0
 10
158.381638
 20
980.076342
 42
-0.099038
  0
VERTEX
  8
0
 10
158.000000
 20
980.000000
 42
-0.099038
  0
VERTEX
  8
0
 10
157.618362
 20
980.076342
 42
-0.097945
  0
VERTEX
  8
0
 10
157.293750
 20
980.293750
 42
-0.097945
  0
VERTEX
  8
0
 10
157.076342
 20
980.618362
 42
-0.099038
  0
VERTEX
  8
0
 10
157.000000
 20
981.000000
 42
-0.099038
  0
VERTEX
  8
0
 10
157.076342
 20
981.381638
 42
-0.097945
  0
VERTEX
  8
0
 10
157.293750
 20
981.706250
 42
-0.097945
  0
VERTEX
  8
0
 10
157.618362
 20
981.923658
 42
-0.099038
  0
VERTEX
  8
0
 10
158.000000
 20
982.000000
 42
-0.099038
  0
VERTEX
  8
0
 10
158.381638
 20
981.923658
 42
-0.097945
  0
VERTEX
  8
0
 10
158.706250
 20
981.706250
 42
-0.097945
  0
VERTEX
  8
0
 10
158.923658
 20
981.381638
 42
-0.099038
  0
SEQEND
  0
POLYLINE
  8
0
 66
1
 70
1
  0
VERTEX
  8
0
 10
652.000000
 20
929.569775
 42
0.021355
  0
VERTEX
  8
0
 10
649.589029
 20
928.796622
 42
0.729527
  0
VERTEX
  8
0
 10
649.606185
 20
928.395711
 42
0.049451
  0
VERTEX
  8
0
 10
651.302572
 20
928.106836
 42
0.001179
  0
VERTEX
  8
0
 10
659.314018
 20
927.565301
 42
0.005057
  0
VERTEX
  8
0
 10
663.885654
 20
927.313506
 42
0.007846
  0
VERTEX
  8
0
 10
667.834696
 20
927.198094
 42
0.003208
  0
VERTEX
  8
0
 10
671.191497
 20
927.174231
 42
0.199092
  0
VERTEX
  8
0
 10
671.730684
 20
927.397351
 42
0.590537
  0
VERTEX
  8
0
 10
671.662527
 20
927.633075
 42
0.023788
  0
VERTEX
  8
0
 10
670.565159
 20
927.826983
 42
0.020715
  0
VERTEX
  8
0
 10
668.953490
 20
927.965777
 42
0.010491
  0
VERTEX
  8
0
 10
666.916667
 20
928.013655
 42
-0.015722
  0
VERTEX
  8
0
 10
662.657069
 20
928.158375
 42
-0.038923
  0
VERTEX
  8
0
 10
659.567658
 20
928.603862
 42
-0.069612
  0
VERTEX
  8
0
 10
657.793438
 20
929.271719
 42
-0.430285
  0
VERTEX
  8
0
 10
657.570264
 20
930.113690
 42
0.261863
  0
VERTEX
  8
0
 10
657.590894
 20
930.612317
 42
0.308585
  0
VERTEX
  8
0
 10
657.184423
 20
930.835055
 42
0.039739
  0
VERTEX
  8
0
 10
655.792090
 20
930.586330
 42
0.002851
  0
SEQEND
  0
POLYLINE
  8
0
 66
1
 70
1
  0
VERTEX
  8
0
 10
726.500000
 20
955.633750
 42
-0.002536
  0
VERTEX
  8
0
 10
728.560937
 20
955.060373
 42
-0.002526
  0
VERTEX
  8
0
 10
730.618750
 20
954.465358
 42
-0.002472
  0
VERTEX
  8
0
 10
732.411692
 20
953.927453
 42
-0.009914
  0
VERTEX
  8
0
 10
733.500000
 20
953.571334
 42
0.036271
  0
VERTEX
  8
0
 10
734.070887
 20
953.417288
 42
0.687320
  0
VERTEX
  8
0
 10
734.139993
 20
953.528125
 42
0.090140
  0
VERTEX
  8
0
 10
733.802827
 20
953.838587
 42
0.009182
  0
VERTEX
  8
0
 10
732.870190
 20
954.405310
 42
0.041808
  0
VERTEX
  8
0
 10
731.554626
 20
955.031250
 42
0.018504
  0
VERTEX
  8
0
 10
729.729144
 20
955.643349
 42
0.018163
  0
VERTEX
  8
0
 10
727.736061
 20
956.152696
 42
0.023314
  0
VERTEX
  8
0
 10
725.870190
 20
956.467726
 42
0.000000
  0
VERTEX
  8
0
 10
721.500000
 20
956.997526
 42
0.000000
  0
SEQEND
  0
POLYLINE
  8
0
 66
1
 70
1
  0
VERTEX
  8
0
 10
736.000000
 20
952.000000
 42
0.105053
  0
VERTEX
  8
0
 10
736.081062
 20
951.618444
 42
0.099167
  0
VERTEX
  8
0
 10
736.311086
 20
951.293750
 42
0.096420
  0
VERTEX
  8
0
 10
736.654762
 20
951.076123
 42
0.093332
  0
VERTEX
  8
0
 10
737.059017
 20
951.000000
 42
0.108972
  0
VERTEX
  8
0
 10
737.413961
 20
951.078288
 42
0.182303
  0
VERTEX
  8
0
 10
737.625400
 20
951.293750
 42
0.161196
  0
VERTEX
  8
0
 10
737.656512
 20
951.617900
 42
0.082592
  0
VERTEX
  8
0
 10
737.500000
 20
952.000000
 42
0.029505
  0
VERTEX
  8
0
 10
737.231006
 20
952.382774
 42
0.035638
  0
VERTEX
  8
0
 10
736.933975
 20
952.706250
 42
0.038439
  0
VERTEX
  8
0
 10
736.651710
 20
952.934461
 42
0.151918
  0
VERTEX
  8
0
 10
736.440983
 20
953.000000
 42
0.210953
  0
VERTEX
  8
0
 10
736.272352
 20
952.925540
 42
0.081139
  0
VERTEX
  8
0
 10
736.129539
 20
952.706250
 42
0.061769
  0
VERTEX
  8
0
 10
736.032345
 20
952.382849
 42
0.042167
  0
SEQEND
  0
POLYLINE
  8
0
 66
1
 70
1
  0
VERTEX
  8
0
 10
741.500000
 20
942.595492
 42
0.016065
  0
VERTEX
  8
0
 10
741.553270
 20
940.938019
 42
0.030961
  0
VERTEX
  8
0
 10
741.720312
 20
939.620968
 42
0.040907
  0
VERTEX
  8
0
 10
741.959872
 20
938.754797
 42
0.474688
  0
VERTEX
  8
0
 10
742.250000
 20
938.654508
 42
0.191834
  0
VERTEX
  8
0
 10
742.542919
 20
939.049445
 42
0.022612
  0
VERTEX
  8
0
 10
742.779688
 20
940.139537
 42
0.024455
  0
VERTEX
  8
0
 10
742.945298
 20
941.515753
 42
0.017717
  0
VERTEX
  8
0
 10
743.000000
 20
943.059017
 42
0.017910
  0
VERTEX
  8
0
 10
742.945870
 20
944.569689
 42
0.029115
  0
VERTEX
  8
0
 10
742.779688
 20
945.842336
 42
0.029057
  0
VERTEX
  8
0
 10
742.542836
 20
946.785019
 42
0.327659
  0
VERTEX
  8
0
 10
742.250000
 20
947.000000
 42
0.338438
  0
VERTEX
  8
0
 10
741.956091
 20
946.775326
 42
0.024201
  0
VERTEX
  8
0
 10
741.720312
 20
945.706176
 42
0.026161
  0
VERTEX
  8
0
 10
741.554084
 20
944.283953
 42
0.016012
  0
SEQEND
  0
POLYLINE
  8
0
 66
1
 70
1
  0
VERTEX
  8
0
 10
736.066212
 20
933.933072
 42
-0.022886
  0
VERTEX
  8
0
 10
734.107429
 20
932.771492
 42
-0.017954
  0
VERTEX
  8
0
 10
731.887274
 20
931.689169
 42
-0.018294
  0
VERTEX
  8
0
 10
729.745729
 20
930.831052
 42
-0.041827
  0
VERTEX
  8
0
 10
728.066212
 20
930.382607
 42
0.014060
  0
VERTEX
  8
0
 10
726.590863
 20
930.075183
 42
0.013291
  0
VERTEX
  8
0
 10
725.106950
 20
929.680220
 42
0.013376
  0
VERTEX
  8
0
 10
723.812668
 20
929.260680
 42
0.044448
  0
VERTEX
  8
0
 10
723.000000
 20
928.888909
 42
0.154528
  0
VERTEX
  8
0
 10
722.738752
 20
928.606379
 42
0.506118
  0
VERTEX
  8
0
 10
722.840502
 20
928.418975
 42
0.064169
  0
VERTEX
  8
0
 10
723.590609
 20
928.412850
 42
0.011076
  0
VERTEX
  8
0
 10
725.000000
 20
928.614554
 42
0.047363
  0
VERTEX
  8
0
 10
728.686075
 20
929.591010
 42
0.019379
  0
VERTEX
  8
0
 10
733.476415
 20
931.573363
 42
0.017116
  0
VERTEX
  8
0
 10
737.950882
 20
933.820111
 42
0.094908
  0
VERTEX
  8
0
 10
740.019062
 20
935.522968
 42
0.033973
  0
VERTEX
  8
0
 10
740.763016
 20
936.554537
 42
0.725329
  0
VERTEX
  8
0
 10
740.602044
 20
936.746364
 42
0.047672
  0
VERTEX
  8
0
 10
739.558610
 20
936.206205
 42
0.002018
  0
SEQEND
  0
POLYLINE
  8
0
 66
1
 70
1
  0
VERTEX
  8
0
 10
654.200000
 20
886.800000
 42
0.160133
  0
VERTEX
  8
0
 10
653.649827
 20
885.711059
 42
0.018785
  0
VERTEX
  8
0
 10
653.339801
 20
882.971613
 42
0.016825
  0
VERTEX
  8
0
 10
653.177894
 20
879.070602
 42
0.006163
  0
VERTEX
  8
0
 10
653.202699
 20
873.550000
 42
0.000000
  0
VERTEX
  8
0
 10
653.405398
 20
861.500000
 42
0.000000
  0
VERTEX
  8
0
 10
653.952699
 20
874.000000
 42
0.000000
  0
VERTEX
  8
0
 10
654.500000
 20
886.500000
 42
0.000000
  0
VERTEX
  8
0
 10
663.000000
 20
887.063697
 42
0.000000
  0
VERTEX
  8
0
 10
671.500000
 20
887.627394
 42
0.000000
  0
VERTEX
  8
0
 10
663.450000
 20
887.813697
 42
0.010868
  0
VERTEX
  8
0
 10
659.932197
 20
887.818634
 42
0.022209
  0
VERTEX
  8
0
 10
657.178365
 20
887.640095
 42
0.025084
  0
VERTEX
  8
0
 10
655.145721
 20
887.313503
 42
0.144985
  0
SEQEND
  0
POLYLINE
  8
0
 66
1
 70
1
  0
VERTEX
  8
0
 10
662.639480
 20
875.306147
 42
0.128822
  0
VERTEX
  8
0
 10
662.066992
 20
874.327196
 42
0.132661
  0
VERTEX
  8
0
 10
662.056720
 20
873.204890
 42
0.152160
  0
VERTEX
  8
0
 10
662.597640
 20
872.335619
 42
0.179946
  0
VERTEX
  8
0
 10
663.500000
 20
872.000000
 42
0.095012
  0
VERTEX
  8
0
 10
664.072549
 20
872.109789
 42
0.096907
  0
VERTEX
  8
0
 10
664.559375
 20
872.423289
 42
0.098834
  0
VERTEX
  8
0
 10
664.885271
 20
872.891133
 42
0.103216
  0
VERTEX
  8
0
 10
665.000000
 20
873.440983
 42
0.098073
  0
VERTEX
  8
0
 10
664.782775
 20
874.537796
 42
0.128462
  0
VERTEX
  8
0
 10
664.169706
 20
875.350022
 42
0.172865
  0
VERTEX
  8
0
 10
663.376680
 20
875.618432
 42
0.194761
  0
SEQEND
  0
POLYLINE
  8
0
 66
1
 70
1
  0
VERTEX
  8
0
 10
696.666667
 20
887.333333
 42
0.160627
  0
VERTEX
  8
0
 10
696.403747
 20
886.811696
 42
0.011288
  0
VERTEX
  8
0
 10
696.195833
 20
885.167093
 42
0.015059
  0
VERTEX
  8
0
 10
696.048527
 20
883.154546
 42
0.010737
  0
VERTEX
  8
0
 10
696.000000
 20
880.895070
 42
-0.007009
  0
VERTEX
  8
0
 10
695.947516
 20
877.150953
 42
-0.107821
  0
VERTEX
  8
0
 10
695.639037
 20
875.905760
 42
-0.248248
  0
VERTEX
  8
0
 10
694.899752
 20
875.370714
 42
-0.052090
  0
VERTEX
  8
0
 10
693.250000
 20
875.311736
 42
0.033196
  0
VERTEX
  8
0
 10
691.870293
 20
875.314476
 42
0.130271
  0
VERTEX
  8
0
 10
691.070217
 20
875.046260
 42
0.175985
  0
VERTEX
  8
0
 10
690.642620
 20
874.471770
 42
0.072991
  0
VERTEX
  8
0
 10
690.500000
 20
873.500000
 42
0.072616
  0
VERTEX
  8
0
 10
690.641284
 20
872.532313
 42
0.173853
  0
VERTEX
  8
0
 10
691.065053
 20
871.956225
 42
0.131065
  0
VERTEX
  8
0
 10
691.854579
 20
871.684322
 42
0.034556
  0
VERTEX
  8
0
 10
693.202134
 20
871.681710
 42
-0.057683
  0
VERTEX
  8
0
 10
694.797689
 20
871.604915
 42
-0.231012
  0
VERTEX
  8
0
 10
695.572658
 20
871.054705
 42
-0.104134
  0
VERTEX
  8
0
 10
695.955907
 20
869.778924
 42
-0.007983
  0
VERTEX
  8
0
 10
696.202134
 20
866.181710
 42
0.000000
  0
VERTEX
  8
0
 10
696.500000
 20
860.500000
 42
0.000000
  0
VERTEX
  8
0
 10
705.500000
 20
860.434368
 42
0.000000
  0
VERTEX
  8
0
 10
714.500000
 20
860.368735
 42
0.000000
  0
VERTEX
  8
0
 10
705.750000
 20
860.723300
 42
0.000000
  0
VERTEX
  8
0
 10
697.000000
 20
861.077866
 42
0.000000
  0
VERTEX
  8
0
 10
697.000000
 20
866.538933
 42
-0.008629
  0
VERTEX
  8
0
 10
697.059595
 20
869.991907
 42
-0.106965
  0
VERTEX
  8
0
 10
697.379505
 20
871.257257
 42
-0.220658
  0
VERTEX
  8
0
 10
698.130099
 20
871.858897
 42
-0.053208
  0
VERTEX
  8
0
 10
699.750000
 20
872.078947
 42
0.017496
  0
VERTEX
  8
0
 10
700.733802
 20
872.141689
 42
0.068816
  0
VERTEX
  8
0
 10
701.323170
 20
872.283477
 42
0.381688
  0
VERTEX
  8
0
 10
701.416837
 20
872.468768
 42
0.235825
  0
VERTEX
  8
0
 10
701.243769
 20
872.664358
 42
-0.078880
  0
VERTEX
  8
0
 10
700.806545
 20
872.926836
 42
-0.105417
  0
VERTEX
  8
0
 10
700.522598
 20
873.290708
 42
-0.121773
  0
VERTEX
  8
0
 10
700.435807
 20
873.697442
 42
-0.131107
  0
VERTEX
  8
0
 10
700.552786
 20
874.085410
 42
0.226855
  0
VERTEX
  8
0
 10
700.590053
 20
874.431016
 42
0.172341
  0
VERTEX
  8
0
 10
700.347156
 20
874.731339
 42
0.094280
  0
VERTEX
  8
0
 10
699.808785
 20
874.934838
 42
0.043373
  0
VERTEX
  8
0
 10
699.059017
 20
875.000000
 42
-0.117668
  0
VERTEX
  8
0
 10
697.956416
 20
875.263125
 42
-0.194835
  0
VERTEX
  8
0
 10
697.336353
 20
875.973776
 42
-0.074909
  0
VERTEX
  8
0
 10
697.058398
 20
877.475311
 42
-0.008376
  0
VERTEX
  8
0
 10
697.000000
 20
880.961067
 42
0.000000
  0
VERTEX
  8
0
 10
697.000000
 20
886.922134
 42
0.000000
  0
VERTEX
  8
0
 10
705.750000
 20
887.255432
 42
0.000000
  0
VERTEX
  8
0
 10
714.500000
 20
887.588730
 42
0.000000
  0
VERTEX
  8
0
 10
705.916667
 20
887.794365
 42
0.007413
  0
VERTEX
  8
0
 10
702.579291
 20
887.824824
 42
0.011025
  0
VERTEX
  8
0
 10
699.658854
 20
887.743761
 42
0.006330
  0
VERTEX
  8
0
 10
697.229978
 20
887.591856
 42
0.179460
  0
SEQEND
  0
POLYLINE
  8
0
 66
1
 70
1
  0
VERTEX
  8
0
 10
693.500000
 20
874.000000
 42
-0.139169
  0
VERTEX
  8
0
 10
693.607943
 20
873.620352
 42
-0.191142
  0
VERTEX
  8
0
 10
693.478525
 20
873.293750
 42
-0.138808
  0
VERTEX
  8
0
 10
693.110654
 20
873.073267
 42
-0.066118
  0
VERTEX
  8
0
 10
692.559017
 20
873.000000
 42
-0.062283
  0
VERTEX
  8
0
 10
691.962904
 20
873.074545
 42
-0.080552
  0
VERTEX
  8
0
 10
691.457961
 20
873.293750
 42
-0.097988
  0
VERTEX
  8
0
 10
691.120018
 20
873.618621
 42
-0.153634
  0
VERTEX
  8
0
 10
691.000000
 20
874.000000
 42
-0.092995
  0
VERTEX
  8
0
 10
691.071618
 20
874.381732
 42
-0.096318
  0
VERTEX
  8
0
 10
691.276414
 20
874.706250
 42
-0.099231
  0
VERTEX
  8
0
 10
691.581949
 20
874.923444
 42
-0.105429
  0
VERTEX
  8
0
 10
691.940983
 20
875.000000
 42
-0.089642
  0
VERTEX
  8
0
 10
692.346558
 20
874.926698
 42
-0.053229
  0
VERTEX
  8
0
 10
692.787100
 20
874.706250
 42
-0.051032
  0
VERTEX
  8
0
 10
693.193797
 20
874.382515
 42
-0.060810
  0
SEQEND
  0
POLYLINE
  8
0
 66
1
 70
1
  0
VERTEX
  8
0
 10
715.388540
 20
874.500000
 42
0.002213
  0
VERTEX
  8
0
 10
715.410297
 20
869.842228
 42
0.011964
  0
VERTEX
  8
0
 10
715.493827
 20
867.313779
 42
0.875674
  0
VERTEX
  8
0
 10
715.613779
 20
867.304715
 42
0.039068
  0
VERTEX
  8
0
 10
715.742498
 20
868.291588
 42
0.007960
  0
VERTEX
  8
0
 10
715.851427
 20
871.342947
 42
0.005002
  0
VERTEX
  8
0
 10
715.886260
 20
874.911868
 42
0.005021
  0
VERTEX
  8
0
 10
715.850120
 20
878.425385
 42
0.009156
  0
VERTEX
  8
0
 10
715.739318
 20
881.291588
 42
0.078783
  0
VERTEX
  8
0
 10
715.611940
 20
881.877154
 42
0.808064
  0
VERTEX
  8
0
 10
715.490269
 20
881.857529
 42
0.010669
  0
VERTEX
  8
0
 10
715.408798
 20
879.166435
 42
0.002293
  0
SEQEND
  0
POLYLINE
  8
0
 66
1
 70
1
  0
VERTEX
  8
0
 10
913.750000
 20
642.250175
 42
0.000762
  0
VERTEX
  8
0
 10
938.901447
 20
642.166896
 42
0.000447
  0
VERTEX
  8
0
 10
969.000000
 20
642.139993
 42
0.000447
  0
VERTEX
  8
0
 10
999.098553
 20
642.166896
 42
0.000762
  0
VERTEX
  8
0
 10
1024.250000
 20
642.250175
 42
0.004973
  0
VERTEX
  8
0
 10
1030.811849
 20
642.347165
 42
0.985328
  0
VERTEX
  8
0
 10
1030.810937
 20
642.438820
 42
0.001008
  0
VERTEX
  8
0
 10
1008.625457
 20
642.501362
 42
0.000201
  0
VERTEX
  8
0
 10
969.000000
 20
642.517283
 42
0.000201
  0
VERTEX
  8
0
 10
929.374543
 20
642.501362
 42
0.001008
  0
VERTEX
  8
0
 10
907.189062
 20
642.438820
 42
0.985328
  0
VERTEX
  8
0
 10
907.188151
 20
642.347165
 42
0.004973
  0
SEQEND
  0
POLYLINE
  8
0
 66
1
 70
1
  0
VERTEX
  8
0
 10
1084.776433
 20
642.266503
 42
0.013671
  0
VERTEX
  8
0
 10
1086.684837
 20
642.147583
 42
0.008930
  0
VERTEX
  8
0
 10
1088.890462
 20
642.110009
 42
0.008983
  0
VERTEX
  8
0
 10
1091.043501
 20
642.150473
 42
0.016947
  0
VERTEX
  8
0
 10
1092.776433
 20
642.273107
 42
0.153636
  0
VERTEX
  8
0
 10
1093.099419
 20
642.413268
 42
0.661512
  0
VERTEX
  8
0
 10
1093.056202
 20
642.547090
 42
0.018464
  0
VERTEX
  8
0
 10
1091.373175
 20
642.635783
 42
0.004138
  0
VERTEX
  8
0
 10
1088.500000
 20
642.657190
 42
0.003921
  0
VERTEX
  8
0
 10
1085.635274
 20
642.632360
 42
0.022011
  0
VERTEX
  8
0
 10
1084.106202
 20
642.539701
 42
0.807686
  0
VERTEX
  8
0
 10
1084.092045
 20
642.408440
 42
0.057523
  0
SEQEND
  0
POLYLINE
  8
0
 66
1
 70
1
  0
VERTEX
  8
0
 10
862.000000
 20
512.000000
 42
0.000000
  0
VERTEX
  8
0
 10
862.000000
 20
496.000000
 42
0.000000
  0
VERTEX
  8
0
 10
874.250000
 20
496.017277
 42
0.003846
  0
VERTEX
  8
0
 10
881.825243
 20
496.086228
 42
0.036674
  0
VERTEX
  8
0
 10
885.045819
 20
496.377215
 42
0.086415
  0
VERTEX
  8
0
 10
887.022886
 20
497.067299
 42
0.076125
  0
VERTEX
  8
0
 10
888.750000
 20
498.408224
 42
0.075298
  0
VERTEX
  8
0
 10
889.998642
 20
500.201071
 42
0.076123
  0
VERTEX
  8
0
 10
890.654541
 20
502.276639
 42
0.034347
  0
VERTEX
  8
0
 10
890.938732
 20
505.594012
 42
0.004198
  0
VERTEX
  8
0
 10
891.000000
 20
512.890947
 42
0.004026
  0
VERTEX
  8
0
 10
890.947067
 20
519.464306
 42
0.026792
  0
VERTEX
  8
0
 10
890.719031
 20
522.731825
 42
0.061803
  0
VERTEX
  8
0
 10
890.282806
 20
524.464080
 42
0.309515
  0
VERTEX
  8
0
 10
889.500000
 20
525.000000
 42
-0.099038
  0
VERTEX
  8
0
 10
888.927543
 20
525.114514
 42
-0.097945
  0
VERTEX
  8
0
 10
888.440625
 20
525.440625
 42
-0.097945
  0
VERTEX
  8
0
 10
888.114514
 20
525.927543
 42
-0.099038
  0
VERTEX
  8
0
 10
888.000000
 20
526.500000
 42
0.317386
  0
VERTEX
  8
0
 10
887.442821
 20
527.289342
 42
0.056711
  0
VERTEX
  8
0
 10
885.583333
 20
527.721154
 42
0.025044
  0
VERTEX
  8
0
 10
882.090431
 20
527.947808
 42
0.003680
  0
VERTEX
  8
0
 10
875.000000
 20
528.000000
 42
0.000000
  0
VERTEX
  8
0
 10
862.000000
 20
528.000000
 42
0.000000
  0
SEQEND
  0
POLYLINE
  8
0
 66
1
 70
1
  0
VERTEX
  8
0
 10
887.000000
 20
512.000000
 42
0.000000
  0
VERTEX
  8
0
 10
887.000000
 20
497.000000
 42
0.000000
  0
VERTEX
  8
0
 10
875.000000
 20
497.000000
 42
0.000000
  0
VERTEX
  8
0
 10
863.000000
 20
497.000000
 42
0.000000
  0
VERTEX
  8
0
 10
863.000000
 20
512.000000
 42
0.000000
  0
VERTEX
  8
0
 10
863.000000
 20
527.000000
 42
0.000000
  0
VERTEX
  8
0
 10
875.000000
 20
527.000000
 42
0.000000
  0
VERTEX
  8
0
 10
887.000000
 20
527.000000
 42
0.000000
  0
SEQEND
  0
POLYLINE
  8
0
 66
1
 70
1
  0
VERTEX
  8
0
 10
890.000000
 20
512.000000
 42
-0.006475
  0
VERTEX
  8
0
 10
889.935691
 20
507.034260
 42
-0.014311
  0
VERTEX
  8
0
 10
889.729167
 20
503.250000
 42
-0.009430
  0
VERTEX
  8
0
 10
889.436047
 20
500.386292
 42
-0.379241
  0
VERTEX
  8
0
 10
889.000000
 20
500.000000
 42
-0.379241
  0
VERTEX
  8
0
 10
888.563953
 20
500.386292
 42
-0.009430
  0
VERTEX
  8
0
 10
888.270833
 20
503.250000
 42
-0.014311
  0
VERTEX
  8
0
 10
888.064309
 20
507.034260
 42
-0.006475
  0
VERTEX
  8
0
 10
888.000000
 20
512.000000
 42
-0.006475
  0
VERTEX
  8
0
 10
888.064309
 20
516.965740
 42
-0.014311
  0
VERTEX
  8
0
 10
888.270833
 20
520.750000
 42
-0.009430
  0
VERTEX
  8
0
 10
888.563953
 20
523.613708
 42
-0.379241
  0
VERTEX
  8
0
 10
889.000000
 20
524.000000
 42
-0.379241
  0
VERTEX
  8
0
 10
889.436047
 20
523.613708
 42
-0.009430
  0
VERTEX
  8
0
 10
889.729167
 20
520.750000
 42
-0.014311
  0
VERTEX
  8
0
 10
889.935691
 20
516.965740
 42
-0.006475
  0
SEQEND
  0
POLYLINE
  8
0
 66
1
 70
1
  0
VERTEX
  8
0
 10
857.472298
 20
436.500000
 42
0.000343
  0
VERTEX
  8
0
 10
857.488825
 20
412.478300
 42
0.001746
  0
VERTEX
  8
0
 10
857.553845
 20
399.116723
 42
0.976247
  0
VERTEX
  8
0
 10
857.648822
 20
399.115234
 42
0.007881
  0
VERTEX
  8
0
 10
857.749635
 20
403.322888
 42
0.001284
  0
VERTEX
  8
0
 10
857.835994
 20
418.675543
 42
0.000765
  0
VERTEX
  8
0
 10
857.863901
 20
436.956080
 42
0.000765
  0
VERTEX
  8
0
 10
857.835961
 20
455.175281
 42
0.001324
  0
VERTEX
  8
0
 10
857.749443
 20
470.322888
 42
0.009215
  0
VERTEX
  8
0
 10
857.648915
 20
474.074738
 42
0.973645
  0
VERTEX
  8
0
 10
857.553630
 20
474.072973
 42
0.001704
  0
VERTEX
  8
0
 10
857.488820
 20
460.531190
 42
0.000345
  0
SEQEND
  0
POLYLINE
  8
0
 66
1
 70
1
  0
VERTEX
  8
0
 10
868.750000
 20
492.919901
 42
0.247129
  0
VERTEX
  8
0
 10
867.653940
 20
491.167119
 42
0.010826
  0
VERTEX
  8
0
 10
867.262485
 20
483.736419
 42
0.007139
  0
VERTEX
  8
0
 10
867.041281
 20
470.493975
 42
0.000606
  0
VERTEX
  8
0
 10
867.000000
 20
436.450310
 42
-0.000485
  0
VERTEX
  8
0
 10
866.964697
 20
400.030646
 42
-0.008491
  0
VERTEX
  8
0
 10
866.741020
 20
388.210264
 42
-0.019216
  0
VERTEX
  8
0
 10
866.289291
 20
382.144099
 42
-0.381560
  0
VERTEX
  8
0
 10
865.008326
 20
381.000000
 42
-0.381162
  0
VERTEX
  8
0
 10
863.720733
 20
382.148410
 42
-0.018507
  0
VERTEX
  8
0
 10
863.241853
 20
388.344135
 42
-0.008364
  0
VERTEX
  8
0
 10
862.960353
 20
400.371129
 42
-0.000482
  0
VERTEX
  8
0
 10
862.749831
 20
437.250000
 42
0.000000
  0
VERTEX
  8
0
 10
862.483011
 20
493.500000
 42
0.000000
  0
VERTEX
  8
0
 10
862.241505
 20
436.750000
 42
0.000000
  0
VERTEX
  8
0
 10
862.000000
 20
380.000000
 42
0.000000
  0
VERTEX
  8
0
 10
865.000000
 20
380.000000
 42
0.000000
  0
VERTEX
  8
0
 10
868.000000
 20
380.000000
 42
0.000000
  0
VERTEX
  8
0
 10
868.000000
 20
435.300000
 42
-0.001010
  0
VERTEX
  8
0
 10
868.055036
 20
462.554515
 42
-0.004299
  0
VERTEX
  8
0
 10
868.260850
 20
478.840017
 42
-0.002058
  0
VERTEX
  8
0
 10
868.551367
 20
490.297081
 42
-0.191265
  0
VERTEX
  8
0
 10
869.200000
 20
491.800000
 42
-0.156129
  0
VERTEX
  8
0
 10
870.251965
 20
492.341848
 42
-0.017546
  0
VERTEX
  8
0
 10
872.951069
 20
492.696903
 42
-0.016824
  0
VERTEX
  8
0
 10
876.681088
 20
492.928689
 42
-0.007104
  0
VERTEX
  8
0
 10
881.700000
 20
493.000000
 42
-0.003245
  0
VERTEX
  8
0
 10
888.700458
 20
492.954573
 42
-0.040572
  0
VERTEX
  8
0
 10
891.337500
 20
492.705752
 42
-0.148809
  0
VERTEX
  8
0
 10
892.532890
 20
492.097591
 42
-0.203938
  0
VERTEX
  8
0
 10
893.000000
 20
491.000000
 42
-0.206449
  0
VERTEX
  8
0
 10
892.526162
 20
489.901323
 42
-0.147110
  0
VERTEX
  8
0
 10
891.312500
 20
489.293478
 42
-0.039902
  0
VERTEX
  8
0
 10
888.633852
 20
489.045185
 42
-0.003167
  0
VERTEX
  8
0
 10
881.500000
 20
489.000000
 42
0.000000
  0
VERTEX
  8
0
 10
870.000000
 20
489.000000
 42
0.000000
  0
VERTEX
  8
0
 10
870.000000
 20
466.000000
 42
0.000000
  0
VERTEX
  8
0
 10
870.000000
 20
443.000000
 42
0.000000
  0
VERTEX
  8
0
 10
882.000000
 20
443.000000
 42
0.000000
  0
VERTEX
  8
0
 10
894.000000
 20
443.000000
 42
0.000000
  0
VERTEX
  8
0
 10
894.000000
 20
468.000000
 42
-0.003063
  0
VERTEX
  8
0
 10
894.062120
 20
478.139648
 42
-0.006298
  0
VERTEX
  8
0
 10
894.259365
 20
486.076221
 42
-0.001803
  0
VERTEX
  8
0
 10
894.527675
 20
492.609034
 42
-0.401195
  0
VERTEX
  8
0
 10
894.936501
 20
493.000000
 42
-0.400753
  0
VERTEX
  8
0
 10
895.350022
 20
492.605146
 42
-0.001100
  0
VERTEX
  8
0
 10
895.721201
 20
484.170010
 42
-0.004933
  0
VERTEX
  8
0
 10
896.043345
 20
474.078088
 42
-0.002435
  0
VERTEX
  8
0
 10
896.263675
 20
461.250000
 42
0.000000
  0
VERTEX
  8
0
 10
896.654347
 20
429.500000
 42
0.000000
  0
VERTEX
  8
0
 10
900.373150
 20
418.500000
 42
-0.012093
  0
VERTEX
  8
0
 10
901.910948
 20
413.560660
 42
-0.007890
  0
VERTEX
  8
0
 10
903.456553
 20
407.793750
 42
-0.007937
  0
VERTEX
  8
0
 10
904.786411
 20
402.119331
 42
-0.015000
  0
VERTEX
  8
0
 10
905.647691
 20
397.500000
 42
0.004180
  0
VERTEX
  8
0
 10
906.961550
 20
389.495897
 42
0.016940
  0
VERTEX
  8
0
 10
907.967124
 20
384.657986
 42
0.826995
  0
VERTEX
  8
0
 10
908.287017
 20
384.673990
 42
0.058888
  0
VERTEX
  8
0
 10
908.325729
 20
386.500000
 42
0.015476
  0
VERTEX
  8
0
 10
907.345140
 20
394.155714
 42
0.012686
  0
VERTEX
  8
0
 10
905.838345
 20
402.265150
 42
0.012369
  0
VERTEX
  8
0
 10
903.872231
 20
410.520037
 42
0.012608
  0
VERTEX
  8
0
 10
901.511536
 20
418.614550
 42
-0.006073
  0
VERTEX
  8
0
 10
898.932144
 20
427.047345
 42
-0.046934
  0
VERTEX
  8
0
 10
898.150211
 20
431.093657
 42
-0.723335
  0
VERTEX
  8
0
 10
898.820382
 20
431.389293
 42
-0.060624
  0
VERTEX
  8
0
 10
900.500000
 20
429.000000
 42
0.006031
  0
VERTEX
  8
0
 10
902.577122
 20
425.230909
 42
0.808931
  0
VERTEX
  8
0
 10
902.867064
 20
425.322277
 42
0.082485
  0
VERTEX
  8
0
 10
902.480534
 20
426.778793
 42
0.003516
  0
VERTEX
  8
0
 10
900.250000
 20
431.629157
 42
0.000000
  0
VERTEX
  8
0
 10
897.500000
 20
437.500000
 42
0.000000
  0
VERTEX
  8
0
 10
897.179442
 20
465.250000
 42
0.000000
  0
VERTEX
  8
0
 10
896.858884
 20
493.000000
 42
0.000000
  0
VERTEX
  8
0
 10
902.917699
 20
493.000000
 42
0.000000
  0
VERTEX
  8
0
 10
908.976513
 20
493.000000
 42
0.000000
  0
VERTEX
  8
0
 10
909.250348
 20
454.250000
 42
0.000000
  0
VERTEX
  8
0
 10
909.524182
 20
415.500000
 42
0.000000
  0
VERTEX
  8
0
 10
909.762091
 20
454.239705
 42
0.000000
  0
VERTEX
  8
0
 10
910.000000
 20
492.979410
 42
0.000000
  0
VERTEX
  8
0
 10
954.750000
 20
493.250263
 42
0.000276
  0
VERTEX
  8
0
 10
978.901051
 20
493.409760
 42
0.984398
  0
VERTEX
  8
0
 10
978.901906
 20
493.509461
 42
0.005176
  0
VERTEX
  8
0
 10
972.177490
 20
493.603210
 42
0.000087
  0
VERTEX
  8
0
 10
935.000000
 20
493.730150
 42
0.001062
  0
VERTEX
  8
0
 10
906.680185
 20
493.761805
 42
0.002806
  0
VERTEX
  8
0
 10
886.413118
 20
493.627688
 42
0.000855
  0
VERTEX
  8
0
 10
870.495174
 20
493.405772
 42
0.128643
  0
SEQEND
  0
POLYLINE
  8
0
 66
1
 70
1
  0
VERTEX
  8
0
 10
893.000000
 20
466.000000
 42
0.000000
  0
VERTEX
  8
0
 10
893.000000
 20
444.500000
 42
0.000000
  0
VERTEX
  8
0
 10
882.000000
 20
444.500000
 42
0.000000
  0
VERTEX
  8
0
 10
871.000000
 20
444.500000
 42
0.000000
  0
VERTEX
  8
0
 10
871.000000
 20
466.000000
 42
0.000000
  0
VERTEX
  8
0
 10
871.000000
 20
487.500000
 42
0.000000
  0
VERTEX
  8
0
 10
882.000000
 20
487.500000
 42
0.000000
  0
VERTEX
  8
0
 10
893.000000
 20
487.500000
 42
0.000000
  0
SEQEND
  0
POLYLINE
  8
0
 66
1
 70
1
  0
VERTEX
  8
0
 10
897.683114
 20
433.812500
 42
-0.054073
  0
VERTEX
  8
0
 10
897.461564
 20
433.395823
 42
-0.470617
  0
VERTEX
  8
0
 10
897.279315
 20
433.378580
 42
-0.168741
  0
VERTEX
  8
0
 10
897.137993
 20
433.670344
 42
-0.018894
  0
VERTEX
  8
0
 10
897.078947
 20
434.416667
 42
-0.028489
  0
VERTEX
  8
0
 10
897.089945
 20
435.112848
 42
-0.077125
  0
VERTEX
  8
0
 10
897.200665
 20
435.592839
 42
-0.208169
  0
VERTEX
  8
0
 10
897.385309
 20
435.775380
 42
-0.296942
  0
VERTEX
  8
0
 10
897.604167
 20
435.729167
 42
-0.126455
  0
VERTEX
  8
0
 10
897.797407
 20
435.402231
 42
-0.060344
  0
VERTEX
  8
0
 10
897.876576
 20
434.916927
 42
-0.054150
  0
VERTEX
  8
0
 10
897.839148
 20
434.359369
 42
-0.051402
  0
SEQEND
  0
POLYLINE
  8
0
 66
1
 70
1
  0
VERTEX
  8
0
 10
1005.465329
 20
439.000000
 42
0.000449
  0
VERTEX
  8
0
 10
1005.482254
 20
420.173492
 42
0.002255
  0
VERTEX
  8
0
 10
1005.548736
 20
409.632812
 42
0.967493
  0
VERTEX
  8
0
 10
1005.646164
 20
409.630647
 42
0.011113
  0
VERTEX
  8
0
 10
1005.749268
 20
412.750000
 42
0.001704
  0
VERTEX
  8
0
 10
1005.837794
 20
424.699796
 42
0.001000
  0
VERTEX
  8
0
 10
1005.866393
 20
439.000000
 42
0.001000
  0
VERTEX
  8
0
 10
1005.837794
 20
453.300204
 42
0.001704
  0
VERTEX
  8
0
 10
1005.749268
 20
465.250000
 42
0.011113
  0
VERTEX
  8
0
 10
1005.646164
 20
468.369353
 42
0.967493
  0
VERTEX
  8
0
 10
1005.548736
 20
468.367188
 42
0.002255
  0
VERTEX
  8
0
 10
1005.482254
 20
457.826508
 42
0.000449
  0
SEQEND
  0
POLYLINE
  8
0
 66
1
 70
1
  0
VERTEX
  8
0
 10
870.000000
 20
411.968265
 42
0.000000
  0
VERTEX
  8
0
 10
870.000000
 20
384.936529
 42
0.000000
  0
VERTEX
  8
0
 10
881.750000
 20
385.218265
 42
0.000000
  0
VERTEX
  8
0
 10
893.500000
 20
385.500000
 42
0.000000
  0
VERTEX
  8
0
 10
893.766333
 20
412.250000
 42
0.000000
  0
VERTEX
  8
0
 10
894.032667
 20
439.000000
 42
0.000000
  0
VERTEX
  8
0
 10
882.016333
 20
439.000000
 42
0.000000
  0
VERTEX
  8
0
 10
870.000000
 20
439.000000
 42
0.000000
  0
SEQEND
  0
POLYLINE
  8
0
 66
1
 70
1
  0
VERTEX
  8
0
 10
892.997319
 20
412.000000
 42
0.000000
  0
VERTEX
  8
0
 10
892.993628
 20
386.500000
 42
0.000000
  0
VERTEX
  8
0
 10
888.246814
 20
386.313986
 42
-0.011770
  0
VERTEX
  8
0
 10
885.985365
 20
386.278641
 42
-0.005513
  0
VERTEX
  8
0
 10
883.058439
 20
386.334074
 42
-0.005459
  0
VERTEX
  8
0
 10
879.989688
 20
386.459596
 42
-0.007628
  0
VERTEX
  8
0
 10
877.250000
 20
386.643580
 42
0.000000
  0
VERTEX
  8
0
 10
871.000000
 20
387.159188
 42
0.000000
  0
VERTEX
  8
0
 10
871.001074
 20
412.329594
 42
0.000000
  0
VERTEX
  8
0
 10
871.002147
 20
437.500000
 42
0.000000
  0
VERTEX
  8
0
 10
882.001579
 20
437.500000
 42
0.000000
  0
VERTEX
  8
0
 10
893.001011
 20
437.500000
 42
0.000000
  0
SEQEND
  0
POLYLINE
  8
0
 66
1
 70
1
  0
VERTEX
  8
0
 10
911.030626
 20
414.500000
 42
0.067616
  0
VERTEX
  8
0
 10
911.096832
 20
414.012663
 42
0.024967
  0
VERTEX
  8
0
 10
911.315379
 20
413.353125
 42
0.024204
  0
VERTEX
  8
0
 10
911.628962
 20
412.647707
 42
0.026766
  0
VERTEX
  8
0
 10
912.000000
 20
412.000000
 42
0.027796
  0
VERTEX
  8
0
 10
912.374359
 20
411.485814
 42
0.102785
  0
VERTEX
  8
0
 10
912.684621
 20
411.234375
 42
0.335455
  0
VERTEX
  8
0
 10
912.877628
 20
411.267727
 42
0.190341
  0
VERTEX
  8
0
 10
912.969374
 20
411.500000
 42
0.067616
  0
VERTEX
  8
0
 10
912.903168
 20
411.987337
 42
0.024967
  0
VERTEX
  8
0
 10
912.684621
 20
412.646875
 42
0.024204
  0
VERTEX
  8
0
 10
912.371038
 20
413.352293
 42
0.026766
  0
VERTEX
  8
0
 10
912.000000
 20
414.000000
 42
0.027796
  0
VERTEX
  8
0
 10
911.625641
 20
414.514186
 42
0.102785
  0
VERTEX
  8
0
 10
911.315379
 20
414.765625
 42
0.335455
  0
VERTEX
  8
0
 10
911.122372
 20
414.732273
 42
0.190341
  0
SEQEND
  0
POLYLINE
  8
0
 66
1
 70
1
  0
VERTEX
  8
0
 10
914.542145
 20
408.500000
 42
0.005550
  0
VERTEX
  8
0
 10
914.889404
 20
407.380508
 42
0.001130
  0
VERTEX
  8
0
 10
915.530814
 20
405.406338
 42
0.001191
  0
VERTEX
  8
0
 10
916.287164
 20
403.114655
 42
0.001117
  0
VERTEX
  8
0
 10
917.070704
 20
400.776896
 42
-0.017079
  0
VERTEX
  8
0
 10
917.874288
 20
398.098503
 42
-0.009158
  0
VERTEX
  8
0
 10
918.691613
 20
394.744240
 42
-0.009108
  0
VERTEX
  8
0
 10
919.401119
 20
391.288160
 42
-0.014077
  0
VERTEX
  8
0
 10
919.875069
 20
388.276896
 42
0.002726
  0
VERTEX
  8
0
 10
920.324882
 20
384.925336
 42
0.050435
  0
VERTEX
  8
0
 10
920.578634
 20
383.886845
 42
0.803336
  0
VERTEX
  8
0
 10
920.761587
 20
383.909496
 42
0.016539
  0
VERTEX
  8
0
 10
920.858722
 20
385.500000
 42
0.044246
  0
VERTEX
  8
0
 10
920.593483
 20
389.877787
 42
0.020475
  0
VERTEX
  8
0
 10
919.516514
 20
395.480914
 42
0.020344
  0
VERTEX
  8
0
 10
917.924857
 20
401.198210
 42
0.030874
  0
VERTEX
  8
0
 10
916.040690
 20
406.000000
 42
0.005379
  0
VERTEX
  8
0
 10
915.268133
 20
407.614072
 42
0.020708
  0
VERTEX
  8
0
 10
914.736439
 20
408.590625
 42
0.384886
  0
VERTEX
  8
0
 10
914.601211
 20
408.631862
 42
0.371173
  0
SEQEND
  0
POLYLINE
  8
0
 66
1
 70
1
  0
VERTEX
  8
0
 10
870.345492
 20
380.765313
 42
0.139580
  0
VERTEX
  8
0
 10
871.355188
 20
380.464709
 42
0.000222
  0
VERTEX
  8
0
 10
890.254613
 20
380.246440
 42
0.001718
  0
VERTEX
  8
0
 10
911.496746
 20
380.083536
 42
0.001058
  0
VERTEX
  8
0
 10
936.500000
 20
380.030626
 42
0.001058
  0
VERTEX
  8
0
 10
961.503254
 20
380.083536
 42
0.001718
  0
VERTEX
  8
0
 10
982.745387
 20
380.246440
 42
0.000222
  0
VERTEX
  8
0
 10
1001.644812
 20
380.464709
 42
0.139580
  0
VERTEX
  8
0
 10
1002.654508
 20
380.765313
 42
0.745647
  0
VERTEX
  8
0
 10
1002.568932
 20
381.065909
 42
0.000231
  0
VERTEX
  8
0
 10
983.697856
 20
381.284186
 42
0.001753
  0
VERTEX
  8
0
 10
962.231366
 20
381.447326
 42
0.001024
  0
VERTEX
  8
0
 10
936.500000
 20
381.500000
 42
0.001024
  0
VERTEX
  8
0
 10
910.768634
 20
381.447326
 42
0.001753
  0
VERTEX
  8
0
 10
889.302144
 20
381.284186
 42
0.000231
  0
VERTEX
  8
0
 10
870.431068
 20
381.065909
 42
0.745647
  0
SEQEND
  0
POLYLINE
  8
0
 66
1
 70
1
  0
VERTEX
  8
0
 10
862.000000
 20
361.970123
 42
0.000000
  0
VERTEX
  8
0
 10
862.000000
 20
345.940246
 42
0.000000
  0
VERTEX
  8
0
 10
874.750000
 20
346.220123
 42
0.000000
  0
VERTEX
  8
0
 10
887.500000
 20
346.500000
 42
0.000000
  0
VERTEX
  8
0
 10
887.775393
 20
362.250000
 42
0.000000
  0
VERTEX
  8
0
 10
888.050786
 20
378.000000
 42
0.000000
  0
VERTEX
  8
0
 10
875.025393
 20
378.000000
 42
0.000000
  0
VERTEX
  8
0
 10
862.000000
 20
378.000000
 42
0.000000
  0
SEQEND
  0
POLYLINE
  8
0
 66
1
 70
1
  0
VERTEX
  8
0
 10
887.000000
 20
362.000000
 42
0.000000
  0
VERTEX
  8
0
 10
887.000000
 20
347.000000
 42
0.000000
  0
VERTEX
  8
0
 10
875.000000
 20
347.000000
 42
0.000000
  0
VERTEX
  8
0
 10
863.000000
 20
347.000000
 42
0.000000
  0
VERTEX
  8
0
 10
863.000000
 20
362.000000
 42
0.000000
  0
VERTEX
  8
0
 10
863.000000
 20
377.000000
 42
0.000000
  0
VERTEX
  8
0
 10
875.000000
 20
377.000000
 42
0.000000
  0
VERTEX
  8
0
 10
887.000000
 20
377.000000
 42
0.000000
  0
SEQEND
  0
POLYLINE
  8
0
 66
1
 70
1
  0
VERTEX
  8
0
 10
889.500000
 20
362.095492
 42
0.005456
  0
VERTEX
  8
0
 10
889.553652
 20
357.178723
 42
0.009597
  0
VERTEX
  8
0
 10
889.720312
 20
353.117843
 42
0.004321
  0
VERTEX
  8
0
 10
889.948597
 20
349.807559
 42
0.561618
  0
VERTEX
  8
0
 10
890.250000
 20
349.654508
 42
0.240649
  0
VERTEX
  8
0
 10
890.551786
 20
350.152410
 42
0.003633
  0
VERTEX
  8
0
 10
890.779688
 20
353.636412
 42
0.008875
  0
VERTEX
  8
0
 10
890.945844
 20
357.756798
 42
0.005638
  0
VERTEX
  8
0
 10
891.000000
 20
362.559017
 42
0.005651
  0
VERTEX
  8
0
 10
890.946082
 20
367.329360
 42
0.009402
  0
VERTEX
  8
0
 10
890.779688
 20
371.345461
 42
0.003510
  0
VERTEX
  8
0
 10
890.552530
 20
374.719138
 42
0.392630
  0
VERTEX
  8
0
 10
890.250000
 20
375.000000
 42
0.393533
  0
VERTEX
  8
0
 10
889.947249
 20
374.718050
 42
0.003267
  0
VERTEX
  8
0
 10
889.720312
 20
371.209301
 42
0.009066
  0
VERTEX
  8
0
 10
889.553916
 20
367.043580
 42
0.005448
  0
SEQEND
  0
POLYLINE
  8
0
 66
1
 70
1
  0
VERTEX
  8
0
 10
941.812500
 20
275.316886
 42
0.051402
  0
VERTEX
  8
0
 10
942.359369
 20
275.160852
 42
0.054150
  0
VERTEX
  8
0
 10
942.916927
 20
275.123424
 42
0.060344
  0
VERTEX
  8
0
 10
943.402231
 20
275.202593
 42
0.126455
  0
VERTEX
  8
0
 10
943.729167
 20
275.395833
 42
0.296942
  0
VERTEX
  8
0
 10
943.775380
 20
275.614691
 42
0.208169
  0
VERTEX
  8
0
 10
943.592839
 20
275.799335
 42
0.077125
  0
VERTEX
  8
0
 10
943.112848
 20
275.910055
 42
0.028489
  0
VERTEX
  8
0
 10
942.416667
 20
275.921053
 42
0.018894
  0
VERTEX
  8
0
 10
941.670344
 20
275.862007
 42
0.168741
  0
VERTEX
  8
0
 10
941.378580
 20
275.720685
 42
0.470617
  0
VERTEX
  8
0
 10
941.395823
 20
275.538436
 42
0.054073
  0
SEQEND
  0
POLYLINE
  8
0
 66
1
 70
1
  0
VERTEX
  8
0
 10
984.750000
 20
275.337719
 42
0.057986
  0
VERTEX
  8
0
 10
985.320008
 20
275.181385
 42
0.037979
  0
VERTEX
  8
0
 10
986.000000
 20
275.129660
 42
0.037979
  0
VERTEX
  8
0
 10
986.679992
 20
275.181385
 42
0.057986
  0
VERTEX
  8
0
 10
987.250000
 20
275.337719
 42
0.174857
  0
VERTEX
  8
0
 10
987.459382
 20
275.525001
 42
0.447206
  0
VERTEX
  8
0
 10
987.398438
 20
275.693942
 42
0.078554
  0
VERTEX
  8
0
 10
986.891440
 20
275.810911
 42
0.017491
  0
VERTEX
  8
0
 10
986.000000
 20
275.842105
 42
0.017491
  0
VERTEX
  8
0
 10
985.108560
 20
275.810911
 42
0.078554
  0
VERTEX
  8
0
 10
984.601562
 20
275.693942
 42
0.447206
  0
VERTEX
  8
0
 10
984.540618
 20
275.525001
 42
0.174857
  0
SEQEND
  0
POLYLINE
  8
0
 66
1
 70
1
  0
VERTEX
  8
0
 10
1008.269032
 20
275.307009
 42
0.037336
  0
VERTEX
  8
0
 10
1009.036634
 20
275.167106
 42
0.029507
  0
VERTEX
  8
0
 10
1009.880008
 20
275.127736
 42
0.030339
  0
VERTEX
  8
0
 10
1010.671085
 20
275.185595
 42
0.062780
  0
VERTEX
  8
0
 10
1011.269032
 20
275.344063
 42
0.313180
  0
VERTEX
  8
0
 10
1011.386009
 20
275.522870
 42
0.333666
  0
VERTEX
  8
0
 10
1011.257153
 20
275.684921
 42
0.052471
  0
VERTEX
  8
0
 10
1010.580113
 20
275.787295
 42
0.014395
  0
VERTEX
  8
0
 10
1009.500000
 20
275.805051
 42
0.012823
  0
VERTEX
  8
0
 10
1008.431793
 20
275.764444
 42
0.080377
  0
VERTEX
  8
0
 10
1007.900903
 20
275.643467
 42
0.597527
  0
VERTEX
  8
0
 10
1007.883358
 20
275.483340
 42
0.087174
  0
SEQEND
  0
POLYLINE
  8
0
 66
1
 70
1
  0
VERTEX
  8
0
 10
1032.328140
 20
1040.500000
 42
0.004587
  0
VERTEX
  8
0
 10
1032.354021
 20
1037.993969
 42
0.026082
  0
VERTEX
  8
0
 10
1032.449454
 20
1036.664364
 42
0.785070
  0
VERTEX
  8
0
 10
1032.583963
 20
1036.648711
 42
0.062969
  0
VERTEX
  8
0
 10
1032.729798
 20
1037.272304
 42
0.015806
  0
VERTEX
  8
0
 10
1032.851521
 20
1038.951761
 42
0.010474
  0
VERTEX
  8
0
 10
1032.889785
 20
1040.884630
 42
0.010546
  0
VERTEX
  8
0
 10
1032.847937
 20
1042.765662
 42
0.020120
  0
VERTEX
  8
0
 10
1032.721732
 20
1044.272304
 42
0.180442
  0
VERTEX
  8
0
 10
1032.577707
 20
1044.548380
 42
0.613017
  0
VERTEX
  8
0
 10
1032.440431
 20
1044.495614
 42
0.021409
  0
VERTEX
  8
0
 10
1032.349747
 20
1043.014488
 42
0.004873
  0
SEQEND
  0
POLYLINE
  8
0
 66
1
 70
1
  0
VERTEX
  8
0
 10
990.286014
 20
1040.500000
 42
0.006817
  0
VERTEX
  8
0
 10
990.315278
 20
1038.711719
 42
0.040183
  0
VERTEX
  8
0
 10
990.418418
 20
1037.780601
 42
0.720633
  0
VERTEX
  8
0
 10
990.561388
 20
1037.761725
 42
0.075924
  0
VERTEX
  8
0
 10
990.717581
 20
1038.263750
 42
0.022548
  0
VERTEX
  8
0
 10
990.846293
 20
1039.485188
 42
0.015659
  0
VERTEX
  8
0
 10
990.885962
 20
1040.872547
 42
0.015827
  0
VERTEX
  8
0
 10
990.839977
 20
1042.209518
 42
0.031163
  0
VERTEX
  8
0
 10
990.703931
 20
1043.263750
 42
0.248898
  0
VERTEX
  8
0
 10
990.549185
 20
1043.455688
 42
0.490820
  0
VERTEX
  8
0
 10
990.403147
 20
1043.374351
 42
0.030832
  0
VERTEX
  8
0
 10
990.307632
 20
1042.297080
 42
0.007380
  0
SEQEND
  0
POLYLINE
  8
0
 66
1
 70
1
  0
VERTEX
  8
0
 10
982.328140
 20
1040.500000
 42
0.004587
  0
VERTEX
  8
0
 10
982.354021
 20
1037.993969
 42
0.026082
  0
VERTEX
  8
0
 10
982.449454
 20
1036.664364
 42
0.785070
  0
VERTEX
  8
0
 10
982.583963
 20
1036.648711
 42
0.062969
  0
VERTEX
  8
0
 10
982.729798
 20
1037.272304
 42
0.015806
  0
VERTEX
  8
0
 10
982.851521
 20
1038.951761
 42
0.010474
  0
VERTEX
  8
0
 10
982.889785
 20
1040.884630
 42
0.010546
  0
VERTEX
  8
0
 10
982.847937
 20
1042.765662
 42
0.020120
  0
VERTEX
  8
0
 10
982.721732
 20
1044.272304
 42
0.180442
  0
VERTEX
  8
0
 10
982.577707
 20
1044.548380
 42
0.613017
  0
VERTEX
  8
0
 10
982.440431
 20
1044.495614
 42
0.021409
  0
VERTEX
  8
0
 10
982.349747
 20
1043.014488
 42
0.004873
  0
SEQEND
  0
POLYLINE
  8
0
 66
1
 70
1
  0
VERTEX
  8
0
 10
569.000000
 20
181.606989
 42
0.225200
  0
VERTEX
  8
0
 10
569.088769
 20
181.419896
 42
0.029412
  0
VERTEX
  8
0
 10
569.455882
 20
181.154486
 42
0.029555
  0
VERTEX
  8
0
 10
569.957462
 20
180.875192
 42
0.020646
  0
VERTEX
  8
0
 10
570.551938
 20
180.618443
 42
0.036408
  0
VERTEX
  8
0
 10
571.131719
 20
180.443138
 42
0.155351
  0
VERTEX
  8
0
 10
571.487528
 20
180.474315
 42
0.329480
  0
VERTEX
  8
0
 10
571.606889
 20
180.674071
 42
0.114400
  0
VERTEX
  8
0
 10
571.492921
 20
181.011454
 42
0.115814
  0
VERTEX
  8
0
 10
570.901891
 20
181.603931
 42
0.080554
  0
VERTEX
  8
0
 10
570.026239
 20
181.969265
 42
0.115534
  0
VERTEX
  8
0
 10
569.291154
 20
181.972535
 42
0.349578
  0
SEQEND
  0
POLYLINE
  8
0
 66
1
 70
1
  0
VERTEX
  8
0
 10
516.437091
 20
177.788193
 42
0.007548
  0
VERTEX
  8
0
 10
515.402355
 20
176.621795
 42
0.036706
  0
VERTEX
  8
0
 10
514.876833
 20
175.911790
 42
0.621835
  0
VERTEX
  8
0
 10
514.949123
 20
175.793576
 42
0.141106
  0
VERTEX
  8
0
 10
515.250000
 20
175.910637
 42
-0.367944
  0
VERTEX
  8
0
 10
516.169602
 20
175.861178
 42
-0.175074
  0
VERTEX
  8
0
 10
516.741040
 20
174.722973
 42
-0.028068
  0
VERTEX
  8
0
 10
516.956653
 20
171.279452
 42
-0.001868
  0
VERTEX
  8
0
 10
516.983153
 20
161.372445
 42
0.000000
  0
VERTEX
  8
0
 10
516.966306
 20
145.500000
 42
0.000000
  0
VERTEX
  8
0
 10
514.884952
 20
148.750000
 42
0.006793
  0
VERTEX
  8
0
 10
513.073024
 20
151.496416
 42
0.210461
  0
VERTEX
  8
0
 10
512.396447
 20
151.919796
 42
0.617906
  0
VERTEX
  8
0
 10
512.176652
 20
151.604053
 42
0.008015
  0
VERTEX
  8
0
 10
513.693464
 20
148.923116
 42
0.037810
  0
VERTEX
  8
0
 10
516.189089
 20
145.325576
 42
0.586447
  0
VERTEX
  8
0
 10
517.369403
 20
145.530693
 42
0.081794
  0
VERTEX
  8
0
 10
517.928268
 20
148.696713
 42
0.002874
  0
VERTEX
  8
0
 10
518.000000
 20
161.177555
 42
-0.003970
  0
VERTEX
  8
0
 10
518.064234
 20
169.268204
 42
-0.012118
  0
VERTEX
  8
0
 10
518.284438
 20
174.754762
 42
-0.011571
  0
VERTEX
  8
0
 10
518.621372
 20
178.596051
 42
-0.170311
  0
VERTEX
  8
0
 10
519.200000
 20
179.800000
 42
0.020150
  0
VERTEX
  8
0
 10
519.625447
 20
180.261192
 42
0.046233
  0
VERTEX
  8
0
 10
519.896833
 20
180.647500
 42
0.102378
  0
VERTEX
  8
0
 10
519.978604
 20
180.897627
 42
0.447387
  0
VERTEX
  8
0
 10
519.887091
 20
181.000000
 42
0.182117
  0
VERTEX
  8
0
 10
519.575867
 20
180.882753
 42
0.007272
  0
VERTEX
  8
0
 10
518.662079
 20
180.056532
 42
0.011988
  0
VERTEX
  8
0
 10
517.599719
 20
179.018878
 42
0.008109
  0
SEQEND
  0
POLYLINE
  8
0
 66
1
 70
1
  0
VERTEX
  8
0
 10
879.263750
 20
387.282419
 42
0.022548
  0
VERTEX
  8
0
 10
880.485188
 20
387.153707
 42
0.015659
  0
VERTEX
  8
0
 10
881.872547
 20
387.114038
 42
0.015827
  0
VERTEX
  8
0
 10
883.209518
 20
387.160023
 42
0.031163
  0
VERTEX
  8
0
 10
884.263750
 20
387.296069
 42
0.248898
  0
VERTEX
  8
0
 10
884.455688
 20
387.450815
 42
0.490820
  0
VERTEX
  8
0
 10
884.374351
 20
387.596853
 42
0.030832
  0
VERTEX
  8
0
 10
883.297080
 20
387.692368
 42
0.007380
  0
VERTEX
  8
0
 10
881.500000
 20
387.713986
 42
0.006817
  0
VERTEX
  8
0
 10
879.711719
 20
387.684722
 42
0.040183
  0
VERTEX
  8
0
 10
878.780601
 20
387.581582
 42
0.720633
  0
VERTEX
  8
0
 10
878.761725
 20
387.438612
 42
0.075924
  0
SEQEND
  0
ENDSEC
  0
EOF
